2025-04-30 11:07:20 [INFO] baseclass.launchezhour - Ezhour application launch
2025-04-30 11:07:25 [INFO] baseclass.launchezhour - Ezhour login is started
2025-04-30 11:07:39 [INFO] baseclass.launchezhour - Ezhour login is completed
2025-04-30 11:07:39 [INFO] baseclass.launchezhour - Ezhour testing is completed
2025-04-30 11:07:40 [INFO] baseclass.launchezhour - Ezhour application launch
2025-04-30 11:07:42 [INFO] baseclass.launchezhour - Ezhour apply leave page testing started
2025-04-30 11:07:53 [INFO] baseclass.launchezhour - Ezhour apply leave scenario completed
2025-04-30 11:07:53 [INFO] baseclass.launchezhour - Ezhour testing is completed
2025-04-30 11:07:54 [INFO] baseclass.launchezhour - Ezhour application launch
2025-04-30 11:07:57 [INFO] baseclass.launchezhour - Ezhour apply leave page all text verification is started
2025-04-30 11:08:09 [INFO] baseclass.launchezhour - Ezhour apply leave page all text verfication is completed
2025-04-30 11:08:09 [INFO] baseclass.launchezhour - Ezhour testing is completed
2025-04-30 11:08:10 [INFO] baseclass.launchezhour - Ezhour application launch
2025-04-30 11:08:12 [INFO] baseclass.launchezhour - Ezhour half day take leave sceanrio started
2025-04-30 11:08:22 [INFO] baseclass.launchezhour - Ezhour half day leave sceanior testing is completed
2025-04-30 11:08:22 [INFO] baseclass.launchezhour - Ezhour testing is completed
2025-04-30 11:08:23 [INFO] baseclass.launchezhour - Ezhour application launch
2025-04-30 11:08:26 [INFO] baseclass.launchezhour - Ezhour leave tracker available and total leave count testing is started
2025-04-30 11:08:33 [INFO] baseclass.launchezhour - Ezhour leave tracker available and total leave count comparision is completed
2025-04-30 11:08:33 [INFO] baseclass.launchezhour - Ezhour testing is completed
2025-04-30 11:11:49 [INFO] baseclass.launchezhour - Ezhour application launch
2025-04-30 11:11:54 [INFO] baseclass.launchezhour - Ezhour login is started
2025-04-30 11:12:06 [INFO] baseclass.launchezhour - Ezhour login is completed
2025-04-30 11:12:06 [INFO] baseclass.launchezhour - Ezhour apply leave page testing started
2025-04-30 11:12:10 [INFO] baseclass.launchezhour - Ezhour apply leave page all text verification is started
2025-04-30 11:12:10 [INFO] baseclass.launchezhour - Ezhour half day take leave sceanrio started
2025-04-30 11:12:10 [INFO] baseclass.launchezhour - Ezhour leave tracker available and total leave count testing is started
2025-04-30 11:12:11 [INFO] baseclass.launchezhour - Ezhour testing is completed
2025-04-30 17:42:47 [INFO] baseclass.launchezhour - Ezhour application launch
2025-04-30 17:42:57 [INFO] baseclass.launchezhour - Ezhour login is started
2025-04-30 17:43:20 [INFO] baseclass.launchezhour - Ezhour login is completed
2025-04-30 17:43:20 [INFO] baseclass.launchezhour - Ezhour testing is completed
2025-04-30 17:43:20 [INFO] baseclass.launchezhour - Ezhour application launch
2025-04-30 17:43:26 [INFO] baseclass.launchezhour - Ezhour apply leave page testing started
2025-04-30 17:43:36 [INFO] baseclass.launchezhour - Ezhour apply leave scenario completed
2025-04-30 17:43:36 [INFO] baseclass.launchezhour - Ezhour testing is completed
2025-04-30 17:43:36 [INFO] baseclass.launchezhour - Ezhour application launch
2025-04-30 17:43:39 [INFO] baseclass.launchezhour - Ezhour apply leave page all text verification is started
2025-04-30 17:43:51 [INFO] baseclass.launchezhour - Ezhour apply leave page all text verfication is completed
2025-04-30 17:43:51 [INFO] baseclass.launchezhour - Ezhour testing is completed
2025-04-30 17:43:51 [INFO] baseclass.launchezhour - Ezhour application launch
2025-04-30 17:43:58 [INFO] baseclass.launchezhour - Ezhour half day take leave sceanrio started
2025-04-30 17:44:11 [INFO] baseclass.launchezhour - Ezhour testing is completed
2025-04-30 17:44:11 [INFO] baseclass.launchezhour - Ezhour application launch
2025-04-30 17:44:20 [INFO] baseclass.launchezhour - Ezhour leave tracker available and total leave count testing is started
2025-04-30 17:44:29 [INFO] baseclass.launchezhour - Ezhour leave tracker available and total leave count comparision is completed
2025-04-30 17:44:29 [INFO] baseclass.launchezhour - Ezhour testing is completed
2025-04-30 17:44:29 [DEBUG] freemarker.cache - Couldn't find template in cache for "spark/spark.spa.ftl"("en_IN", UTF-8, parsed); will try to load it.
2025-04-30 17:44:29 [DEBUG] freemarker.cache - TemplateLoader.findTemplateSource("spark/spark.spa_en_IN.ftl"): Not found
2025-04-30 17:44:29 [DEBUG] freemarker.cache - TemplateLoader.findTemplateSource("spark/spark.spa_en.ftl"): Not found
2025-04-30 17:44:29 [DEBUG] freemarker.cache - TemplateLoader.findTemplateSource("spark/spark.spa.ftl"): Found
2025-04-30 17:44:29 [DEBUG] freemarker.cache - Loading template for "spark/spark.spa.ftl"("en_IN", UTF-8, parsed) from "jar:file:/C:/Users/rengaraj/.m2/repository/com/aventstack/extentreports/5.0.9/extentreports-5.0.9.jar!/com/aventstack/extentreports/templates/spark/spark.spa.ftl"
2025-04-30 17:44:29 [DEBUG] freemarker.cache - Couldn't find template in cache for "commons/commons-variables.ftl"("en_IN", UTF-8, parsed); will try to load it.
2025-04-30 17:44:29 [DEBUG] freemarker.cache - TemplateLoader.findTemplateSource("commons/commons-variables_en_IN.ftl"): Not found
2025-04-30 17:44:29 [DEBUG] freemarker.cache - TemplateLoader.findTemplateSource("commons/commons-variables_en.ftl"): Not found
2025-04-30 17:44:29 [DEBUG] freemarker.cache - TemplateLoader.findTemplateSource("commons/commons-variables.ftl"): Found
2025-04-30 17:44:29 [DEBUG] freemarker.cache - Loading template for "commons/commons-variables.ftl"("en_IN", UTF-8, parsed) from "jar:file:/C:/Users/rengaraj/.m2/repository/com/aventstack/extentreports/5.0.9/extentreports-5.0.9.jar!/com/aventstack/extentreports/templates/commons/commons-variables.ftl"
2025-04-30 17:44:29 [DEBUG] freemarker.cache - Couldn't find template in cache for "commons/commons-macros.ftl"("en_IN", UTF-8, parsed); will try to load it.
2025-04-30 17:44:29 [DEBUG] freemarker.cache - TemplateLoader.findTemplateSource("commons/commons-macros_en_IN.ftl"): Not found
2025-04-30 17:44:29 [DEBUG] freemarker.cache - TemplateLoader.findTemplateSource("commons/commons-macros_en.ftl"): Not found
2025-04-30 17:44:29 [DEBUG] freemarker.cache - TemplateLoader.findTemplateSource("commons/commons-macros.ftl"): Found
2025-04-30 17:44:29 [DEBUG] freemarker.cache - Loading template for "commons/commons-macros.ftl"("en_IN", UTF-8, parsed) from "jar:file:/C:/Users/rengaraj/.m2/repository/com/aventstack/extentreports/5.0.9/extentreports-5.0.9.jar!/com/aventstack/extentreports/templates/commons/commons-macros.ftl"
2025-04-30 17:44:29 [DEBUG] freemarker.cache - Couldn't find template in cache for "spark/macros/attributes.ftl"("en_IN", UTF-8, parsed); will try to load it.
2025-04-30 17:44:29 [DEBUG] freemarker.cache - TemplateLoader.findTemplateSource("spark/macros/attributes_en_IN.ftl"): Not found
2025-04-30 17:44:29 [DEBUG] freemarker.cache - TemplateLoader.findTemplateSource("spark/macros/attributes_en.ftl"): Not found
2025-04-30 17:44:29 [DEBUG] freemarker.cache - TemplateLoader.findTemplateSource("spark/macros/attributes.ftl"): Found
2025-04-30 17:44:29 [DEBUG] freemarker.cache - Loading template for "spark/macros/attributes.ftl"("en_IN", UTF-8, parsed) from "jar:file:/C:/Users/rengaraj/.m2/repository/com/aventstack/extentreports/5.0.9/extentreports-5.0.9.jar!/com/aventstack/extentreports/templates/spark/macros/attributes.ftl"
2025-04-30 17:44:29 [DEBUG] freemarker.cache - Couldn't find template in cache for "spark/macros/log.ftl"("en_IN", UTF-8, parsed); will try to load it.
2025-04-30 17:44:29 [DEBUG] freemarker.cache - TemplateLoader.findTemplateSource("spark/macros/log_en_IN.ftl"): Not found
2025-04-30 17:44:29 [DEBUG] freemarker.cache - TemplateLoader.findTemplateSource("spark/macros/log_en.ftl"): Not found
2025-04-30 17:44:29 [DEBUG] freemarker.cache - TemplateLoader.findTemplateSource("spark/macros/log.ftl"): Found
2025-04-30 17:44:29 [DEBUG] freemarker.cache - Loading template for "spark/macros/log.ftl"("en_IN", UTF-8, parsed) from "jar:file:/C:/Users/rengaraj/.m2/repository/com/aventstack/extentreports/5.0.9/extentreports-5.0.9.jar!/com/aventstack/extentreports/templates/spark/macros/log.ftl"
2025-04-30 17:44:29 [DEBUG] freemarker.cache - Couldn't find template in cache for "spark/macros/recurse_nodes.ftl"("en_IN", UTF-8, parsed); will try to load it.
2025-04-30 17:44:29 [DEBUG] freemarker.cache - TemplateLoader.findTemplateSource("spark/macros/recurse_nodes_en_IN.ftl"): Not found
2025-04-30 17:44:29 [DEBUG] freemarker.cache - TemplateLoader.findTemplateSource("spark/macros/recurse_nodes_en.ftl"): Not found
2025-04-30 17:44:29 [DEBUG] freemarker.cache - TemplateLoader.findTemplateSource("spark/macros/recurse_nodes.ftl"): Found
2025-04-30 17:44:29 [DEBUG] freemarker.cache - Loading template for "spark/macros/recurse_nodes.ftl"("en_IN", UTF-8, parsed) from "jar:file:/C:/Users/rengaraj/.m2/repository/com/aventstack/extentreports/5.0.9/extentreports-5.0.9.jar!/com/aventstack/extentreports/templates/spark/macros/recurse_nodes.ftl"
2025-04-30 17:44:29 [DEBUG] freemarker.cache - "spark/macros/log.ftl"("en_IN", UTF-8, parsed) cached copy not yet stale; using cached.
2025-04-30 17:44:29 [DEBUG] freemarker.cache - Couldn't find template in cache for "spark/macros/attr-common.ftl"("en_IN", UTF-8, parsed); will try to load it.
2025-04-30 17:44:29 [DEBUG] freemarker.cache - TemplateLoader.findTemplateSource("spark/macros/attr-common_en_IN.ftl"): Not found
2025-04-30 17:44:29 [DEBUG] freemarker.cache - TemplateLoader.findTemplateSource("spark/macros/attr-common_en.ftl"): Not found
2025-04-30 17:44:29 [DEBUG] freemarker.cache - TemplateLoader.findTemplateSource("spark/macros/attr-common.ftl"): Found
2025-04-30 17:44:29 [DEBUG] freemarker.cache - Loading template for "spark/macros/attr-common.ftl"("en_IN", UTF-8, parsed) from "jar:file:/C:/Users/rengaraj/.m2/repository/com/aventstack/extentreports/5.0.9/extentreports-5.0.9.jar!/com/aventstack/extentreports/templates/spark/macros/attr-common.ftl"
2025-04-30 17:44:29 [DEBUG] freemarker.cache - Couldn't find template in cache for "spark/partials/head.ftl"("en_IN", UTF-8, parsed); will try to load it.
2025-04-30 17:44:29 [DEBUG] freemarker.cache - TemplateLoader.findTemplateSource("spark/partials/head_en_IN.ftl"): Not found
2025-04-30 17:44:29 [DEBUG] freemarker.cache - TemplateLoader.findTemplateSource("spark/partials/head_en.ftl"): Not found
2025-04-30 17:44:29 [DEBUG] freemarker.cache - TemplateLoader.findTemplateSource("spark/partials/head.ftl"): Found
2025-04-30 17:44:29 [DEBUG] freemarker.cache - Loading template for "spark/partials/head.ftl"("en_IN", UTF-8, parsed) from "jar:file:/C:/Users/rengaraj/.m2/repository/com/aventstack/extentreports/5.0.9/extentreports-5.0.9.jar!/com/aventstack/extentreports/templates/spark/partials/head.ftl"
2025-04-30 17:44:29 [DEBUG] freemarker.cache - Couldn't find template in cache for "commons/commons-inject-css.ftl"("en_IN", UTF-8, parsed); will try to load it.
2025-04-30 17:44:29 [DEBUG] freemarker.cache - TemplateLoader.findTemplateSource("commons/commons-inject-css_en_IN.ftl"): Not found
2025-04-30 17:44:29 [DEBUG] freemarker.cache - TemplateLoader.findTemplateSource("commons/commons-inject-css_en.ftl"): Not found
2025-04-30 17:44:29 [DEBUG] freemarker.cache - TemplateLoader.findTemplateSource("commons/commons-inject-css.ftl"): Found
2025-04-30 17:44:29 [DEBUG] freemarker.cache - Loading template for "commons/commons-inject-css.ftl"("en_IN", UTF-8, parsed) from "jar:file:/C:/Users/rengaraj/.m2/repository/com/aventstack/extentreports/5.0.9/extentreports-5.0.9.jar!/com/aventstack/extentreports/templates/commons/commons-inject-css.ftl"
2025-04-30 17:44:29 [DEBUG] freemarker.cache - Couldn't find template in cache for "spark/partials/navbar.ftl"("en_IN", UTF-8, parsed); will try to load it.
2025-04-30 17:44:29 [DEBUG] freemarker.cache - TemplateLoader.findTemplateSource("spark/partials/navbar_en_IN.ftl"): Not found
2025-04-30 17:44:29 [DEBUG] freemarker.cache - TemplateLoader.findTemplateSource("spark/partials/navbar_en.ftl"): Not found
2025-04-30 17:44:29 [DEBUG] freemarker.cache - TemplateLoader.findTemplateSource("spark/partials/navbar.ftl"): Found
2025-04-30 17:44:29 [DEBUG] freemarker.cache - Loading template for "spark/partials/navbar.ftl"("en_IN", UTF-8, parsed) from "jar:file:/C:/Users/rengaraj/.m2/repository/com/aventstack/extentreports/5.0.9/extentreports-5.0.9.jar!/com/aventstack/extentreports/templates/spark/partials/navbar.ftl"
2025-04-30 17:44:29 [DEBUG] freemarker.cache - Couldn't find template in cache for "spark/partials/sidenav.ftl"("en_IN", UTF-8, parsed); will try to load it.
2025-04-30 17:44:29 [DEBUG] freemarker.cache - TemplateLoader.findTemplateSource("spark/partials/sidenav_en_IN.ftl"): Not found
2025-04-30 17:44:29 [DEBUG] freemarker.cache - TemplateLoader.findTemplateSource("spark/partials/sidenav_en.ftl"): Not found
2025-04-30 17:44:29 [DEBUG] freemarker.cache - TemplateLoader.findTemplateSource("spark/partials/sidenav.ftl"): Found
2025-04-30 17:44:29 [DEBUG] freemarker.cache - Loading template for "spark/partials/sidenav.ftl"("en_IN", UTF-8, parsed) from "jar:file:/C:/Users/rengaraj/.m2/repository/com/aventstack/extentreports/5.0.9/extentreports-5.0.9.jar!/com/aventstack/extentreports/templates/spark/partials/sidenav.ftl"
2025-04-30 17:44:29 [DEBUG] freemarker.cache - Couldn't find template in cache for "spark/partials/test.ftl"("en_IN", UTF-8, parsed); will try to load it.
2025-04-30 17:44:29 [DEBUG] freemarker.cache - TemplateLoader.findTemplateSource("spark/partials/test_en_IN.ftl"): Not found
2025-04-30 17:44:29 [DEBUG] freemarker.cache - TemplateLoader.findTemplateSource("spark/partials/test_en.ftl"): Not found
2025-04-30 17:44:29 [DEBUG] freemarker.cache - TemplateLoader.findTemplateSource("spark/partials/test.ftl"): Found
2025-04-30 17:44:29 [DEBUG] freemarker.cache - Loading template for "spark/partials/test.ftl"("en_IN", UTF-8, parsed) from "jar:file:/C:/Users/rengaraj/.m2/repository/com/aventstack/extentreports/5.0.9/extentreports-5.0.9.jar!/com/aventstack/extentreports/templates/spark/partials/test.ftl"
2025-04-30 17:44:29 [DEBUG] freemarker.cache - Couldn't find template in cache for "spark/partials/standard-content.ftl"("en_IN", UTF-8, parsed); will try to load it.
2025-04-30 17:44:29 [DEBUG] freemarker.cache - TemplateLoader.findTemplateSource("spark/partials/standard-content_en_IN.ftl"): Not found
2025-04-30 17:44:29 [DEBUG] freemarker.cache - TemplateLoader.findTemplateSource("spark/partials/standard-content_en.ftl"): Not found
2025-04-30 17:44:29 [DEBUG] freemarker.cache - TemplateLoader.findTemplateSource("spark/partials/standard-content.ftl"): Found
2025-04-30 17:44:29 [DEBUG] freemarker.cache - Loading template for "spark/partials/standard-content.ftl"("en_IN", UTF-8, parsed) from "jar:file:/C:/Users/rengaraj/.m2/repository/com/aventstack/extentreports/5.0.9/extentreports-5.0.9.jar!/com/aventstack/extentreports/templates/spark/partials/standard-content.ftl"
2025-04-30 17:44:29 [DEBUG] freemarker.cache - "spark/partials/standard-content.ftl"("en_IN", UTF-8, parsed) cached copy not yet stale; using cached.
2025-04-30 17:44:29 [DEBUG] freemarker.cache - "spark/partials/standard-content.ftl"("en_IN", UTF-8, parsed) cached copy not yet stale; using cached.
2025-04-30 17:44:29 [DEBUG] freemarker.cache - "spark/partials/standard-content.ftl"("en_IN", UTF-8, parsed) cached copy not yet stale; using cached.
2025-04-30 17:44:29 [DEBUG] freemarker.cache - "spark/partials/standard-content.ftl"("en_IN", UTF-8, parsed) cached copy not yet stale; using cached.
2025-04-30 17:44:29 [DEBUG] freemarker.cache - Couldn't find template in cache for "spark/partials/exception.ftl"("en_IN", UTF-8, parsed); will try to load it.
2025-04-30 17:44:29 [DEBUG] freemarker.cache - TemplateLoader.findTemplateSource("spark/partials/exception_en_IN.ftl"): Not found
2025-04-30 17:44:29 [DEBUG] freemarker.cache - TemplateLoader.findTemplateSource("spark/partials/exception_en.ftl"): Not found
2025-04-30 17:44:29 [DEBUG] freemarker.cache - TemplateLoader.findTemplateSource("spark/partials/exception.ftl"): Found
2025-04-30 17:44:29 [DEBUG] freemarker.cache - Loading template for "spark/partials/exception.ftl"("en_IN", UTF-8, parsed) from "jar:file:/C:/Users/rengaraj/.m2/repository/com/aventstack/extentreports/5.0.9/extentreports-5.0.9.jar!/com/aventstack/extentreports/templates/spark/partials/exception.ftl"
2025-04-30 17:44:29 [DEBUG] freemarker.cache - Couldn't find template in cache for "spark/partials/category.ftl"("en_IN", UTF-8, parsed); will try to load it.
2025-04-30 17:44:29 [DEBUG] freemarker.cache - TemplateLoader.findTemplateSource("spark/partials/category_en_IN.ftl"): Not found
2025-04-30 17:44:29 [DEBUG] freemarker.cache - TemplateLoader.findTemplateSource("spark/partials/category_en.ftl"): Not found
2025-04-30 17:44:29 [DEBUG] freemarker.cache - TemplateLoader.findTemplateSource("spark/partials/category.ftl"): Found
2025-04-30 17:44:29 [DEBUG] freemarker.cache - Loading template for "spark/partials/category.ftl"("en_IN", UTF-8, parsed) from "jar:file:/C:/Users/rengaraj/.m2/repository/com/aventstack/extentreports/5.0.9/extentreports-5.0.9.jar!/com/aventstack/extentreports/templates/spark/partials/category.ftl"
2025-04-30 17:44:29 [DEBUG] freemarker.cache - Couldn't find template in cache for "spark/partials/device.ftl"("en_IN", UTF-8, parsed); will try to load it.
2025-04-30 17:44:29 [DEBUG] freemarker.cache - TemplateLoader.findTemplateSource("spark/partials/device_en_IN.ftl"): Not found
2025-04-30 17:44:29 [DEBUG] freemarker.cache - TemplateLoader.findTemplateSource("spark/partials/device_en.ftl"): Not found
2025-04-30 17:44:29 [DEBUG] freemarker.cache - TemplateLoader.findTemplateSource("spark/partials/device.ftl"): Found
2025-04-30 17:44:29 [DEBUG] freemarker.cache - Loading template for "spark/partials/device.ftl"("en_IN", UTF-8, parsed) from "jar:file:/C:/Users/rengaraj/.m2/repository/com/aventstack/extentreports/5.0.9/extentreports-5.0.9.jar!/com/aventstack/extentreports/templates/spark/partials/device.ftl"
2025-04-30 17:44:29 [DEBUG] freemarker.cache - Couldn't find template in cache for "spark/partials/author.ftl"("en_IN", UTF-8, parsed); will try to load it.
2025-04-30 17:44:29 [DEBUG] freemarker.cache - TemplateLoader.findTemplateSource("spark/partials/author_en_IN.ftl"): Not found
2025-04-30 17:44:29 [DEBUG] freemarker.cache - TemplateLoader.findTemplateSource("spark/partials/author_en.ftl"): Not found
2025-04-30 17:44:29 [DEBUG] freemarker.cache - TemplateLoader.findTemplateSource("spark/partials/author.ftl"): Found
2025-04-30 17:44:29 [DEBUG] freemarker.cache - Loading template for "spark/partials/author.ftl"("en_IN", UTF-8, parsed) from "jar:file:/C:/Users/rengaraj/.m2/repository/com/aventstack/extentreports/5.0.9/extentreports-5.0.9.jar!/com/aventstack/extentreports/templates/spark/partials/author.ftl"
2025-04-30 17:44:29 [DEBUG] freemarker.cache - Couldn't find template in cache for "spark/partials/log.ftl"("en_IN", UTF-8, parsed); will try to load it.
2025-04-30 17:44:29 [DEBUG] freemarker.cache - TemplateLoader.findTemplateSource("spark/partials/log_en_IN.ftl"): Not found
2025-04-30 17:44:29 [DEBUG] freemarker.cache - TemplateLoader.findTemplateSource("spark/partials/log_en.ftl"): Not found
2025-04-30 17:44:29 [DEBUG] freemarker.cache - TemplateLoader.findTemplateSource("spark/partials/log.ftl"): Found
2025-04-30 17:44:29 [DEBUG] freemarker.cache - Loading template for "spark/partials/log.ftl"("en_IN", UTF-8, parsed) from "jar:file:/C:/Users/rengaraj/.m2/repository/com/aventstack/extentreports/5.0.9/extentreports-5.0.9.jar!/com/aventstack/extentreports/templates/spark/partials/log.ftl"
2025-04-30 17:44:29 [DEBUG] freemarker.cache - Couldn't find template in cache for "spark/partials/dashboard.ftl"("en_IN", UTF-8, parsed); will try to load it.
2025-04-30 17:44:29 [DEBUG] freemarker.cache - TemplateLoader.findTemplateSource("spark/partials/dashboard_en_IN.ftl"): Not found
2025-04-30 17:44:29 [DEBUG] freemarker.cache - TemplateLoader.findTemplateSource("spark/partials/dashboard_en.ftl"): Not found
2025-04-30 17:44:29 [DEBUG] freemarker.cache - TemplateLoader.findTemplateSource("spark/partials/dashboard.ftl"): Found
2025-04-30 17:44:29 [DEBUG] freemarker.cache - Loading template for "spark/partials/dashboard.ftl"("en_IN", UTF-8, parsed) from "jar:file:/C:/Users/rengaraj/.m2/repository/com/aventstack/extentreports/5.0.9/extentreports-5.0.9.jar!/com/aventstack/extentreports/templates/spark/partials/dashboard.ftl"
2025-04-30 17:44:29 [DEBUG] freemarker.cache - Couldn't find template in cache for "spark/partials/scripts.ftl"("en_IN", UTF-8, parsed); will try to load it.
2025-04-30 17:44:29 [DEBUG] freemarker.cache - TemplateLoader.findTemplateSource("spark/partials/scripts_en_IN.ftl"): Not found
2025-04-30 17:44:29 [DEBUG] freemarker.cache - TemplateLoader.findTemplateSource("spark/partials/scripts_en.ftl"): Not found
2025-04-30 17:44:29 [DEBUG] freemarker.cache - TemplateLoader.findTemplateSource("spark/partials/scripts.ftl"): Found
2025-04-30 17:44:29 [DEBUG] freemarker.cache - Loading template for "spark/partials/scripts.ftl"("en_IN", UTF-8, parsed) from "jar:file:/C:/Users/rengaraj/.m2/repository/com/aventstack/extentreports/5.0.9/extentreports-5.0.9.jar!/com/aventstack/extentreports/templates/spark/partials/scripts.ftl"
2025-04-30 17:44:29 [DEBUG] freemarker.cache - Couldn't find template in cache for "commons/commons-inject-js.ftl"("en_IN", UTF-8, parsed); will try to load it.
2025-04-30 17:44:29 [DEBUG] freemarker.cache - TemplateLoader.findTemplateSource("commons/commons-inject-js_en_IN.ftl"): Not found
2025-04-30 17:44:29 [DEBUG] freemarker.cache - TemplateLoader.findTemplateSource("commons/commons-inject-js_en.ftl"): Not found
2025-04-30 17:44:29 [DEBUG] freemarker.cache - TemplateLoader.findTemplateSource("commons/commons-inject-js.ftl"): Found
2025-04-30 17:44:29 [DEBUG] freemarker.cache - Loading template for "commons/commons-inject-js.ftl"("en_IN", UTF-8, parsed) from "jar:file:/C:/Users/rengaraj/.m2/repository/com/aventstack/extentreports/5.0.9/extentreports-5.0.9.jar!/com/aventstack/extentreports/templates/commons/commons-inject-js.ftl"
2025-05-02 09:50:02 [INFO] baseclass.launchezhour - Ezhour application launch
2025-05-02 09:50:09 [INFO] baseclass.launchezhour - Ezhour login is started
2025-05-02 09:50:22 [INFO] baseclass.launchezhour - Ezhour login is completed
2025-05-02 09:50:22 [INFO] baseclass.launchezhour - Ezhour testing is completed
2025-05-02 09:50:23 [INFO] baseclass.launchezhour - Ezhour application launch
2025-05-02 09:50:26 [INFO] baseclass.launchezhour - Ezhour apply leave page testing started
2025-05-02 09:50:39 [INFO] baseclass.launchezhour - Ezhour testing is completed
2025-05-02 09:50:40 [INFO] baseclass.launchezhour - Ezhour application launch
2025-05-02 09:50:43 [INFO] baseclass.launchezhour - Ezhour apply leave page all text verification is started
2025-05-02 09:50:56 [INFO] baseclass.launchezhour - Ezhour apply leave page all text verfication is completed
2025-05-02 09:50:56 [INFO] baseclass.launchezhour - Ezhour testing is completed
2025-05-02 09:50:57 [INFO] baseclass.launchezhour - Ezhour application launch
2025-05-02 09:51:00 [INFO] baseclass.launchezhour - Ezhour half day take leave sceanrio started
2025-05-02 09:51:20 [INFO] baseclass.launchezhour - Ezhour testing is completed
2025-05-02 09:51:20 [INFO] baseclass.launchezhour - Ezhour application launch
2025-05-02 09:51:23 [INFO] baseclass.launchezhour - Ezhour leave tracker available and total leave count testing is started
2025-05-02 09:51:33 [INFO] baseclass.launchezhour - Ezhour leave tracker available and total leave count comparision is completed
2025-05-02 09:51:33 [INFO] baseclass.launchezhour - Ezhour testing is completed
2025-05-02 09:51:34 [DEBUG] freemarker.cache - Couldn't find template in cache for "spark/spark.spa.ftl"("en_IN", UTF-8, parsed); will try to load it.
2025-05-02 09:51:34 [DEBUG] freemarker.cache - TemplateLoader.findTemplateSource("spark/spark.spa_en_IN.ftl"): Not found
2025-05-02 09:51:34 [DEBUG] freemarker.cache - TemplateLoader.findTemplateSource("spark/spark.spa_en.ftl"): Not found
2025-05-02 09:51:34 [DEBUG] freemarker.cache - TemplateLoader.findTemplateSource("spark/spark.spa.ftl"): Found
2025-05-02 09:51:34 [DEBUG] freemarker.cache - Loading template for "spark/spark.spa.ftl"("en_IN", UTF-8, parsed) from "jar:file:/C:/Users/rengaraj/.m2/repository/com/aventstack/extentreports/5.0.9/extentreports-5.0.9.jar!/com/aventstack/extentreports/templates/spark/spark.spa.ftl"
2025-05-02 09:51:34 [DEBUG] freemarker.cache - Couldn't find template in cache for "commons/commons-variables.ftl"("en_IN", UTF-8, parsed); will try to load it.
2025-05-02 09:51:34 [DEBUG] freemarker.cache - TemplateLoader.findTemplateSource("commons/commons-variables_en_IN.ftl"): Not found
2025-05-02 09:51:34 [DEBUG] freemarker.cache - TemplateLoader.findTemplateSource("commons/commons-variables_en.ftl"): Not found
2025-05-02 09:51:34 [DEBUG] freemarker.cache - TemplateLoader.findTemplateSource("commons/commons-variables.ftl"): Found
2025-05-02 09:51:34 [DEBUG] freemarker.cache - Loading template for "commons/commons-variables.ftl"("en_IN", UTF-8, parsed) from "jar:file:/C:/Users/rengaraj/.m2/repository/com/aventstack/extentreports/5.0.9/extentreports-5.0.9.jar!/com/aventstack/extentreports/templates/commons/commons-variables.ftl"
2025-05-02 09:51:34 [DEBUG] freemarker.cache - Couldn't find template in cache for "commons/commons-macros.ftl"("en_IN", UTF-8, parsed); will try to load it.
2025-05-02 09:51:34 [DEBUG] freemarker.cache - TemplateLoader.findTemplateSource("commons/commons-macros_en_IN.ftl"): Not found
2025-05-02 09:51:34 [DEBUG] freemarker.cache - TemplateLoader.findTemplateSource("commons/commons-macros_en.ftl"): Not found
2025-05-02 09:51:34 [DEBUG] freemarker.cache - TemplateLoader.findTemplateSource("commons/commons-macros.ftl"): Found
2025-05-02 09:51:34 [DEBUG] freemarker.cache - Loading template for "commons/commons-macros.ftl"("en_IN", UTF-8, parsed) from "jar:file:/C:/Users/rengaraj/.m2/repository/com/aventstack/extentreports/5.0.9/extentreports-5.0.9.jar!/com/aventstack/extentreports/templates/commons/commons-macros.ftl"
2025-05-02 09:51:34 [DEBUG] freemarker.cache - Couldn't find template in cache for "spark/macros/attributes.ftl"("en_IN", UTF-8, parsed); will try to load it.
2025-05-02 09:51:34 [DEBUG] freemarker.cache - TemplateLoader.findTemplateSource("spark/macros/attributes_en_IN.ftl"): Not found
2025-05-02 09:51:34 [DEBUG] freemarker.cache - TemplateLoader.findTemplateSource("spark/macros/attributes_en.ftl"): Not found
2025-05-02 09:51:34 [DEBUG] freemarker.cache - TemplateLoader.findTemplateSource("spark/macros/attributes.ftl"): Found
2025-05-02 09:51:34 [DEBUG] freemarker.cache - Loading template for "spark/macros/attributes.ftl"("en_IN", UTF-8, parsed) from "jar:file:/C:/Users/rengaraj/.m2/repository/com/aventstack/extentreports/5.0.9/extentreports-5.0.9.jar!/com/aventstack/extentreports/templates/spark/macros/attributes.ftl"
2025-05-02 09:51:34 [DEBUG] freemarker.cache - Couldn't find template in cache for "spark/macros/log.ftl"("en_IN", UTF-8, parsed); will try to load it.
2025-05-02 09:51:34 [DEBUG] freemarker.cache - TemplateLoader.findTemplateSource("spark/macros/log_en_IN.ftl"): Not found
2025-05-02 09:51:34 [DEBUG] freemarker.cache - TemplateLoader.findTemplateSource("spark/macros/log_en.ftl"): Not found
2025-05-02 09:51:34 [DEBUG] freemarker.cache - TemplateLoader.findTemplateSource("spark/macros/log.ftl"): Found
2025-05-02 09:51:34 [DEBUG] freemarker.cache - Loading template for "spark/macros/log.ftl"("en_IN", UTF-8, parsed) from "jar:file:/C:/Users/rengaraj/.m2/repository/com/aventstack/extentreports/5.0.9/extentreports-5.0.9.jar!/com/aventstack/extentreports/templates/spark/macros/log.ftl"
2025-05-02 09:51:34 [DEBUG] freemarker.cache - Couldn't find template in cache for "spark/macros/recurse_nodes.ftl"("en_IN", UTF-8, parsed); will try to load it.
2025-05-02 09:51:34 [DEBUG] freemarker.cache - TemplateLoader.findTemplateSource("spark/macros/recurse_nodes_en_IN.ftl"): Not found
2025-05-02 09:51:34 [DEBUG] freemarker.cache - TemplateLoader.findTemplateSource("spark/macros/recurse_nodes_en.ftl"): Not found
2025-05-02 09:51:34 [DEBUG] freemarker.cache - TemplateLoader.findTemplateSource("spark/macros/recurse_nodes.ftl"): Found
2025-05-02 09:51:34 [DEBUG] freemarker.cache - Loading template for "spark/macros/recurse_nodes.ftl"("en_IN", UTF-8, parsed) from "jar:file:/C:/Users/rengaraj/.m2/repository/com/aventstack/extentreports/5.0.9/extentreports-5.0.9.jar!/com/aventstack/extentreports/templates/spark/macros/recurse_nodes.ftl"
2025-05-02 09:51:34 [DEBUG] freemarker.cache - "spark/macros/log.ftl"("en_IN", UTF-8, parsed) cached copy not yet stale; using cached.
2025-05-02 09:51:34 [DEBUG] freemarker.cache - Couldn't find template in cache for "spark/macros/attr-common.ftl"("en_IN", UTF-8, parsed); will try to load it.
2025-05-02 09:51:34 [DEBUG] freemarker.cache - TemplateLoader.findTemplateSource("spark/macros/attr-common_en_IN.ftl"): Not found
2025-05-02 09:51:34 [DEBUG] freemarker.cache - TemplateLoader.findTemplateSource("spark/macros/attr-common_en.ftl"): Not found
2025-05-02 09:51:34 [DEBUG] freemarker.cache - TemplateLoader.findTemplateSource("spark/macros/attr-common.ftl"): Found
2025-05-02 09:51:34 [DEBUG] freemarker.cache - Loading template for "spark/macros/attr-common.ftl"("en_IN", UTF-8, parsed) from "jar:file:/C:/Users/rengaraj/.m2/repository/com/aventstack/extentreports/5.0.9/extentreports-5.0.9.jar!/com/aventstack/extentreports/templates/spark/macros/attr-common.ftl"
2025-05-02 09:51:34 [DEBUG] freemarker.cache - Couldn't find template in cache for "spark/partials/head.ftl"("en_IN", UTF-8, parsed); will try to load it.
2025-05-02 09:51:34 [DEBUG] freemarker.cache - TemplateLoader.findTemplateSource("spark/partials/head_en_IN.ftl"): Not found
2025-05-02 09:51:34 [DEBUG] freemarker.cache - TemplateLoader.findTemplateSource("spark/partials/head_en.ftl"): Not found
2025-05-02 09:51:34 [DEBUG] freemarker.cache - TemplateLoader.findTemplateSource("spark/partials/head.ftl"): Found
2025-05-02 09:51:34 [DEBUG] freemarker.cache - Loading template for "spark/partials/head.ftl"("en_IN", UTF-8, parsed) from "jar:file:/C:/Users/rengaraj/.m2/repository/com/aventstack/extentreports/5.0.9/extentreports-5.0.9.jar!/com/aventstack/extentreports/templates/spark/partials/head.ftl"
2025-05-02 09:51:34 [DEBUG] freemarker.cache - Couldn't find template in cache for "commons/commons-inject-css.ftl"("en_IN", UTF-8, parsed); will try to load it.
2025-05-02 09:51:34 [DEBUG] freemarker.cache - TemplateLoader.findTemplateSource("commons/commons-inject-css_en_IN.ftl"): Not found
2025-05-02 09:51:34 [DEBUG] freemarker.cache - TemplateLoader.findTemplateSource("commons/commons-inject-css_en.ftl"): Not found
2025-05-02 09:51:34 [DEBUG] freemarker.cache - TemplateLoader.findTemplateSource("commons/commons-inject-css.ftl"): Found
2025-05-02 09:51:34 [DEBUG] freemarker.cache - Loading template for "commons/commons-inject-css.ftl"("en_IN", UTF-8, parsed) from "jar:file:/C:/Users/rengaraj/.m2/repository/com/aventstack/extentreports/5.0.9/extentreports-5.0.9.jar!/com/aventstack/extentreports/templates/commons/commons-inject-css.ftl"
2025-05-02 09:51:34 [DEBUG] freemarker.cache - Couldn't find template in cache for "spark/partials/navbar.ftl"("en_IN", UTF-8, parsed); will try to load it.
2025-05-02 09:51:34 [DEBUG] freemarker.cache - TemplateLoader.findTemplateSource("spark/partials/navbar_en_IN.ftl"): Not found
2025-05-02 09:51:34 [DEBUG] freemarker.cache - TemplateLoader.findTemplateSource("spark/partials/navbar_en.ftl"): Not found
2025-05-02 09:51:34 [DEBUG] freemarker.cache - TemplateLoader.findTemplateSource("spark/partials/navbar.ftl"): Found
2025-05-02 09:51:34 [DEBUG] freemarker.cache - Loading template for "spark/partials/navbar.ftl"("en_IN", UTF-8, parsed) from "jar:file:/C:/Users/rengaraj/.m2/repository/com/aventstack/extentreports/5.0.9/extentreports-5.0.9.jar!/com/aventstack/extentreports/templates/spark/partials/navbar.ftl"
2025-05-02 09:51:34 [DEBUG] freemarker.cache - Couldn't find template in cache for "spark/partials/sidenav.ftl"("en_IN", UTF-8, parsed); will try to load it.
2025-05-02 09:51:34 [DEBUG] freemarker.cache - TemplateLoader.findTemplateSource("spark/partials/sidenav_en_IN.ftl"): Not found
2025-05-02 09:51:34 [DEBUG] freemarker.cache - TemplateLoader.findTemplateSource("spark/partials/sidenav_en.ftl"): Not found
2025-05-02 09:51:34 [DEBUG] freemarker.cache - TemplateLoader.findTemplateSource("spark/partials/sidenav.ftl"): Found
2025-05-02 09:51:34 [DEBUG] freemarker.cache - Loading template for "spark/partials/sidenav.ftl"("en_IN", UTF-8, parsed) from "jar:file:/C:/Users/rengaraj/.m2/repository/com/aventstack/extentreports/5.0.9/extentreports-5.0.9.jar!/com/aventstack/extentreports/templates/spark/partials/sidenav.ftl"
2025-05-02 09:51:35 [DEBUG] freemarker.cache - Couldn't find template in cache for "spark/partials/test.ftl"("en_IN", UTF-8, parsed); will try to load it.
2025-05-02 09:51:35 [DEBUG] freemarker.cache - TemplateLoader.findTemplateSource("spark/partials/test_en_IN.ftl"): Not found
2025-05-02 09:51:35 [DEBUG] freemarker.cache - TemplateLoader.findTemplateSource("spark/partials/test_en.ftl"): Not found
2025-05-02 09:51:35 [DEBUG] freemarker.cache - TemplateLoader.findTemplateSource("spark/partials/test.ftl"): Found
2025-05-02 09:51:35 [DEBUG] freemarker.cache - Loading template for "spark/partials/test.ftl"("en_IN", UTF-8, parsed) from "jar:file:/C:/Users/rengaraj/.m2/repository/com/aventstack/extentreports/5.0.9/extentreports-5.0.9.jar!/com/aventstack/extentreports/templates/spark/partials/test.ftl"
2025-05-02 09:51:35 [DEBUG] freemarker.cache - Couldn't find template in cache for "spark/partials/standard-content.ftl"("en_IN", UTF-8, parsed); will try to load it.
2025-05-02 09:51:35 [DEBUG] freemarker.cache - TemplateLoader.findTemplateSource("spark/partials/standard-content_en_IN.ftl"): Not found
2025-05-02 09:51:35 [DEBUG] freemarker.cache - TemplateLoader.findTemplateSource("spark/partials/standard-content_en.ftl"): Not found
2025-05-02 09:51:35 [DEBUG] freemarker.cache - TemplateLoader.findTemplateSource("spark/partials/standard-content.ftl"): Found
2025-05-02 09:51:35 [DEBUG] freemarker.cache - Loading template for "spark/partials/standard-content.ftl"("en_IN", UTF-8, parsed) from "jar:file:/C:/Users/rengaraj/.m2/repository/com/aventstack/extentreports/5.0.9/extentreports-5.0.9.jar!/com/aventstack/extentreports/templates/spark/partials/standard-content.ftl"
2025-05-02 09:51:35 [DEBUG] freemarker.cache - "spark/partials/standard-content.ftl"("en_IN", UTF-8, parsed) cached copy not yet stale; using cached.
2025-05-02 09:51:35 [DEBUG] freemarker.cache - "spark/partials/standard-content.ftl"("en_IN", UTF-8, parsed) cached copy not yet stale; using cached.
2025-05-02 09:51:35 [DEBUG] freemarker.cache - "spark/partials/standard-content.ftl"("en_IN", UTF-8, parsed) cached copy not yet stale; using cached.
2025-05-02 09:51:35 [DEBUG] freemarker.cache - "spark/partials/standard-content.ftl"("en_IN", UTF-8, parsed) cached copy not yet stale; using cached.
2025-05-02 09:51:35 [DEBUG] freemarker.cache - Couldn't find template in cache for "spark/partials/exception.ftl"("en_IN", UTF-8, parsed); will try to load it.
2025-05-02 09:51:35 [DEBUG] freemarker.cache - TemplateLoader.findTemplateSource("spark/partials/exception_en_IN.ftl"): Not found
2025-05-02 09:51:35 [DEBUG] freemarker.cache - TemplateLoader.findTemplateSource("spark/partials/exception_en.ftl"): Not found
2025-05-02 09:51:35 [DEBUG] freemarker.cache - TemplateLoader.findTemplateSource("spark/partials/exception.ftl"): Found
2025-05-02 09:51:35 [DEBUG] freemarker.cache - Loading template for "spark/partials/exception.ftl"("en_IN", UTF-8, parsed) from "jar:file:/C:/Users/rengaraj/.m2/repository/com/aventstack/extentreports/5.0.9/extentreports-5.0.9.jar!/com/aventstack/extentreports/templates/spark/partials/exception.ftl"
2025-05-02 09:51:35 [DEBUG] freemarker.cache - Couldn't find template in cache for "spark/partials/category.ftl"("en_IN", UTF-8, parsed); will try to load it.
2025-05-02 09:51:35 [DEBUG] freemarker.cache - TemplateLoader.findTemplateSource("spark/partials/category_en_IN.ftl"): Not found
2025-05-02 09:51:35 [DEBUG] freemarker.cache - TemplateLoader.findTemplateSource("spark/partials/category_en.ftl"): Not found
2025-05-02 09:51:35 [DEBUG] freemarker.cache - TemplateLoader.findTemplateSource("spark/partials/category.ftl"): Found
2025-05-02 09:51:35 [DEBUG] freemarker.cache - Loading template for "spark/partials/category.ftl"("en_IN", UTF-8, parsed) from "jar:file:/C:/Users/rengaraj/.m2/repository/com/aventstack/extentreports/5.0.9/extentreports-5.0.9.jar!/com/aventstack/extentreports/templates/spark/partials/category.ftl"
2025-05-02 09:51:35 [DEBUG] freemarker.cache - Couldn't find template in cache for "spark/partials/device.ftl"("en_IN", UTF-8, parsed); will try to load it.
2025-05-02 09:51:35 [DEBUG] freemarker.cache - TemplateLoader.findTemplateSource("spark/partials/device_en_IN.ftl"): Not found
2025-05-02 09:51:35 [DEBUG] freemarker.cache - TemplateLoader.findTemplateSource("spark/partials/device_en.ftl"): Not found
2025-05-02 09:51:35 [DEBUG] freemarker.cache - TemplateLoader.findTemplateSource("spark/partials/device.ftl"): Found
2025-05-02 09:51:35 [DEBUG] freemarker.cache - Loading template for "spark/partials/device.ftl"("en_IN", UTF-8, parsed) from "jar:file:/C:/Users/rengaraj/.m2/repository/com/aventstack/extentreports/5.0.9/extentreports-5.0.9.jar!/com/aventstack/extentreports/templates/spark/partials/device.ftl"
2025-05-02 09:51:35 [DEBUG] freemarker.cache - Couldn't find template in cache for "spark/partials/author.ftl"("en_IN", UTF-8, parsed); will try to load it.
2025-05-02 09:51:35 [DEBUG] freemarker.cache - TemplateLoader.findTemplateSource("spark/partials/author_en_IN.ftl"): Not found
2025-05-02 09:51:35 [DEBUG] freemarker.cache - TemplateLoader.findTemplateSource("spark/partials/author_en.ftl"): Not found
2025-05-02 09:51:35 [DEBUG] freemarker.cache - TemplateLoader.findTemplateSource("spark/partials/author.ftl"): Found
2025-05-02 09:51:35 [DEBUG] freemarker.cache - Loading template for "spark/partials/author.ftl"("en_IN", UTF-8, parsed) from "jar:file:/C:/Users/rengaraj/.m2/repository/com/aventstack/extentreports/5.0.9/extentreports-5.0.9.jar!/com/aventstack/extentreports/templates/spark/partials/author.ftl"
2025-05-02 09:51:35 [DEBUG] freemarker.cache - Couldn't find template in cache for "spark/partials/log.ftl"("en_IN", UTF-8, parsed); will try to load it.
2025-05-02 09:51:35 [DEBUG] freemarker.cache - TemplateLoader.findTemplateSource("spark/partials/log_en_IN.ftl"): Not found
2025-05-02 09:51:35 [DEBUG] freemarker.cache - TemplateLoader.findTemplateSource("spark/partials/log_en.ftl"): Not found
2025-05-02 09:51:35 [DEBUG] freemarker.cache - TemplateLoader.findTemplateSource("spark/partials/log.ftl"): Found
2025-05-02 09:51:35 [DEBUG] freemarker.cache - Loading template for "spark/partials/log.ftl"("en_IN", UTF-8, parsed) from "jar:file:/C:/Users/rengaraj/.m2/repository/com/aventstack/extentreports/5.0.9/extentreports-5.0.9.jar!/com/aventstack/extentreports/templates/spark/partials/log.ftl"
2025-05-02 09:51:35 [DEBUG] freemarker.cache - Couldn't find template in cache for "spark/partials/dashboard.ftl"("en_IN", UTF-8, parsed); will try to load it.
2025-05-02 09:51:35 [DEBUG] freemarker.cache - TemplateLoader.findTemplateSource("spark/partials/dashboard_en_IN.ftl"): Not found
2025-05-02 09:51:35 [DEBUG] freemarker.cache - TemplateLoader.findTemplateSource("spark/partials/dashboard_en.ftl"): Not found
2025-05-02 09:51:35 [DEBUG] freemarker.cache - TemplateLoader.findTemplateSource("spark/partials/dashboard.ftl"): Found
2025-05-02 09:51:35 [DEBUG] freemarker.cache - Loading template for "spark/partials/dashboard.ftl"("en_IN", UTF-8, parsed) from "jar:file:/C:/Users/rengaraj/.m2/repository/com/aventstack/extentreports/5.0.9/extentreports-5.0.9.jar!/com/aventstack/extentreports/templates/spark/partials/dashboard.ftl"
2025-05-02 09:51:35 [DEBUG] freemarker.cache - Couldn't find template in cache for "spark/partials/scripts.ftl"("en_IN", UTF-8, parsed); will try to load it.
2025-05-02 09:51:35 [DEBUG] freemarker.cache - TemplateLoader.findTemplateSource("spark/partials/scripts_en_IN.ftl"): Not found
2025-05-02 09:51:35 [DEBUG] freemarker.cache - TemplateLoader.findTemplateSource("spark/partials/scripts_en.ftl"): Not found
2025-05-02 09:51:35 [DEBUG] freemarker.cache - TemplateLoader.findTemplateSource("spark/partials/scripts.ftl"): Found
2025-05-02 09:51:35 [DEBUG] freemarker.cache - Loading template for "spark/partials/scripts.ftl"("en_IN", UTF-8, parsed) from "jar:file:/C:/Users/rengaraj/.m2/repository/com/aventstack/extentreports/5.0.9/extentreports-5.0.9.jar!/com/aventstack/extentreports/templates/spark/partials/scripts.ftl"
2025-05-02 09:51:35 [DEBUG] freemarker.cache - Couldn't find template in cache for "commons/commons-inject-js.ftl"("en_IN", UTF-8, parsed); will try to load it.
2025-05-02 09:51:35 [DEBUG] freemarker.cache - TemplateLoader.findTemplateSource("commons/commons-inject-js_en_IN.ftl"): Not found
2025-05-02 09:51:35 [DEBUG] freemarker.cache - TemplateLoader.findTemplateSource("commons/commons-inject-js_en.ftl"): Not found
2025-05-02 09:51:35 [DEBUG] freemarker.cache - TemplateLoader.findTemplateSource("commons/commons-inject-js.ftl"): Found
2025-05-02 09:51:35 [DEBUG] freemarker.cache - Loading template for "commons/commons-inject-js.ftl"("en_IN", UTF-8, parsed) from "jar:file:/C:/Users/rengaraj/.m2/repository/com/aventstack/extentreports/5.0.9/extentreports-5.0.9.jar!/com/aventstack/extentreports/templates/commons/commons-inject-js.ftl"
2025-05-02 09:53:47 [INFO] baseclass.launchezhour - Ezhour application launch
2025-05-02 09:53:52 [INFO] baseclass.launchezhour - Ezhour half day take leave sceanrio started
2025-05-02 09:54:15 [INFO] baseclass.launchezhour - Ezhour testing is completed
2025-05-02 09:55:23 [INFO] baseclass.launchezhour - Ezhour application launch
2025-05-02 09:55:29 [INFO] baseclass.launchezhour - Ezhour half day take leave sceanrio started
2025-05-02 09:55:40 [INFO] baseclass.launchezhour - Ezhour testing is completed
2025-05-02 09:56:50 [INFO] baseclass.launchezhour - Ezhour application launch
2025-05-02 09:56:56 [INFO] baseclass.launchezhour - Ezhour apply leave page testing started
2025-05-02 09:57:08 [INFO] baseclass.launchezhour - Ezhour apply leave scenario completed
2025-05-02 09:57:08 [INFO] baseclass.launchezhour - Ezhour testing is completed
2025-05-02 09:57:27 [INFO] baseclass.launchezhour - Ezhour application launch
2025-05-02 09:57:32 [INFO] baseclass.launchezhour - Ezhour half day take leave sceanrio started
2025-05-02 09:57:42 [INFO] baseclass.launchezhour - Ezhour testing is completed
2025-05-02 10:00:39 [INFO] baseclass.launchezhour - Ezhour application launch
2025-05-02 10:00:44 [INFO] baseclass.launchezhour - Ezhour half day take leave sceanrio started
2025-05-02 10:01:07 [INFO] baseclass.launchezhour - Ezhour testing is completed
2025-05-02 10:01:49 [INFO] baseclass.launchezhour - Ezhour application launch
2025-05-02 10:01:54 [INFO] baseclass.launchezhour - Ezhour half day take leave sceanrio started
2025-05-02 10:02:17 [INFO] baseclass.launchezhour - Ezhour testing is completed
2025-05-02 10:03:04 [INFO] baseclass.launchezhour - Ezhour application launch
2025-05-02 10:03:09 [INFO] baseclass.launchezhour - Ezhour half day take leave sceanrio started
2025-05-02 10:03:34 [INFO] baseclass.launchezhour - Ezhour testing is completed
2025-05-02 10:04:54 [INFO] baseclass.launchezhour - Ezhour application launch
2025-05-02 10:04:59 [INFO] baseclass.launchezhour - Ezhour apply leave page testing started
2025-05-02 10:05:11 [INFO] baseclass.launchezhour - Ezhour apply leave scenario completed
2025-05-02 10:05:11 [INFO] baseclass.launchezhour - Ezhour testing is completed
2025-05-02 10:09:09 [INFO] baseclass.launchezhour - Ezhour application launch
2025-05-02 10:09:14 [INFO] baseclass.launchezhour - Ezhour apply leave page testing started
2025-05-02 10:09:26 [INFO] baseclass.launchezhour - Ezhour apply leave scenario completed
2025-05-02 10:09:26 [INFO] baseclass.launchezhour - Ezhour testing is completed
2025-05-02 10:09:52 [INFO] baseclass.launchezhour - Ezhour application launch
2025-05-02 10:09:57 [INFO] baseclass.launchezhour - Ezhour half day take leave sceanrio started
2025-05-02 10:10:20 [INFO] baseclass.launchezhour - Ezhour testing is completed
2025-05-02 10:14:03 [INFO] baseclass.launchezhour - Ezhour application launch
2025-05-02 10:14:08 [INFO] baseclass.launchezhour - Ezhour apply leave page testing started
2025-05-02 10:14:21 [INFO] baseclass.launchezhour - Ezhour apply leave scenario completed
2025-05-02 10:14:31 [INFO] baseclass.launchezhour - Ezhour testing is completed
2025-05-02 10:14:46 [INFO] baseclass.launchezhour - Ezhour application launch
2025-05-02 10:14:50 [INFO] baseclass.launchezhour - Ezhour apply leave page testing started
2025-05-02 10:15:00 [INFO] baseclass.launchezhour - Ezhour testing is completed
2025-05-02 10:15:08 [INFO] baseclass.launchezhour - Ezhour application launch
2025-05-02 10:15:13 [INFO] baseclass.launchezhour - Ezhour apply leave page testing started
2025-05-02 10:15:25 [INFO] baseclass.launchezhour - Ezhour apply leave scenario completed
2025-05-02 10:15:35 [INFO] baseclass.launchezhour - Ezhour testing is completed
2025-05-02 10:19:45 [INFO] baseclass.launchezhour - Ezhour application launch
2025-05-02 10:19:50 [INFO] baseclass.launchezhour - Ezhour apply leave page testing started
2025-05-02 10:19:59 [INFO] baseclass.launchezhour - Ezhour testing is completed
2025-05-02 10:20:09 [INFO] baseclass.launchezhour - Ezhour application launch
2025-05-02 10:20:17 [INFO] baseclass.launchezhour - Ezhour apply leave page testing started
2025-05-02 10:20:29 [INFO] baseclass.launchezhour - Ezhour testing is completed
2025-05-02 10:30:48 [INFO] baseclass.launchezhour - Ezhour application launch
2025-05-02 10:30:53 [INFO] baseclass.launchezhour - Ezhour apply leave page testing started
2025-05-02 10:31:04 [INFO] baseclass.launchezhour - Ezhour testing is completed
2025-05-02 10:31:56 [INFO] baseclass.launchezhour - Ezhour application launch
2025-05-02 10:32:02 [INFO] baseclass.launchezhour - Ezhour apply leave page testing started
2025-05-02 10:32:14 [INFO] baseclass.launchezhour - Ezhour apply leave scenario completed
2025-05-02 10:32:24 [INFO] baseclass.launchezhour - Ezhour testing is completed
2025-05-02 10:33:16 [INFO] baseclass.launchezhour - Ezhour application launch
2025-05-02 10:33:21 [INFO] baseclass.launchezhour - Ezhour half day take leave sceanrio started
2025-05-02 10:33:38 [INFO] baseclass.launchezhour - Ezhour half day leave sceanior testing is completed
2025-05-02 10:33:38 [INFO] baseclass.launchezhour - Ezhour testing is completed
2025-05-02 10:34:10 [INFO] baseclass.launchezhour - Ezhour application launch
2025-05-02 10:34:15 [INFO] baseclass.launchezhour - Ezhour login is started
2025-05-02 10:34:28 [INFO] baseclass.launchezhour - Ezhour login is completed
2025-05-02 10:34:28 [INFO] baseclass.launchezhour - Ezhour testing is completed
2025-05-02 10:34:29 [INFO] baseclass.launchezhour - Ezhour application launch
2025-05-02 10:34:32 [INFO] baseclass.launchezhour - Ezhour apply leave page testing started
2025-05-02 10:34:44 [INFO] baseclass.launchezhour - Ezhour apply leave scenario completed
2025-05-02 10:34:54 [INFO] baseclass.launchezhour - Ezhour testing is completed
2025-05-02 10:34:55 [INFO] baseclass.launchezhour - Ezhour application launch
2025-05-02 10:34:58 [INFO] baseclass.launchezhour - Ezhour apply leave page all text verification is started
2025-05-02 10:35:12 [INFO] baseclass.launchezhour - Ezhour apply leave page all text verfication is completed
2025-05-02 10:35:12 [INFO] baseclass.launchezhour - Ezhour testing is completed
2025-05-02 10:35:12 [INFO] baseclass.launchezhour - Ezhour application launch
2025-05-02 10:35:15 [INFO] baseclass.launchezhour - Ezhour half day take leave sceanrio started
2025-05-02 10:35:33 [INFO] baseclass.launchezhour - Ezhour half day leave sceanior testing is completed
2025-05-02 10:35:33 [INFO] baseclass.launchezhour - Ezhour testing is completed
2025-05-02 10:35:33 [INFO] baseclass.launchezhour - Ezhour application launch
2025-05-02 10:35:36 [INFO] baseclass.launchezhour - Ezhour leave tracker available and total leave count testing is started
2025-05-02 10:35:45 [INFO] baseclass.launchezhour - Ezhour leave tracker available and total leave count comparision is completed
2025-05-02 10:35:45 [INFO] baseclass.launchezhour - Ezhour testing is completed
2025-05-02 10:35:46 [DEBUG] freemarker.cache - Couldn't find template in cache for "spark/spark.spa.ftl"("en_IN", UTF-8, parsed); will try to load it.
2025-05-02 10:35:46 [DEBUG] freemarker.cache - TemplateLoader.findTemplateSource("spark/spark.spa_en_IN.ftl"): Not found
2025-05-02 10:35:46 [DEBUG] freemarker.cache - TemplateLoader.findTemplateSource("spark/spark.spa_en.ftl"): Not found
2025-05-02 10:35:46 [DEBUG] freemarker.cache - TemplateLoader.findTemplateSource("spark/spark.spa.ftl"): Found
2025-05-02 10:35:46 [DEBUG] freemarker.cache - Loading template for "spark/spark.spa.ftl"("en_IN", UTF-8, parsed) from "jar:file:/C:/Users/rengaraj/.m2/repository/com/aventstack/extentreports/5.0.9/extentreports-5.0.9.jar!/com/aventstack/extentreports/templates/spark/spark.spa.ftl"
2025-05-02 10:35:46 [DEBUG] freemarker.cache - Couldn't find template in cache for "commons/commons-variables.ftl"("en_IN", UTF-8, parsed); will try to load it.
2025-05-02 10:35:46 [DEBUG] freemarker.cache - TemplateLoader.findTemplateSource("commons/commons-variables_en_IN.ftl"): Not found
2025-05-02 10:35:46 [DEBUG] freemarker.cache - TemplateLoader.findTemplateSource("commons/commons-variables_en.ftl"): Not found
2025-05-02 10:35:46 [DEBUG] freemarker.cache - TemplateLoader.findTemplateSource("commons/commons-variables.ftl"): Found
2025-05-02 10:35:46 [DEBUG] freemarker.cache - Loading template for "commons/commons-variables.ftl"("en_IN", UTF-8, parsed) from "jar:file:/C:/Users/rengaraj/.m2/repository/com/aventstack/extentreports/5.0.9/extentreports-5.0.9.jar!/com/aventstack/extentreports/templates/commons/commons-variables.ftl"
2025-05-02 10:35:46 [DEBUG] freemarker.cache - Couldn't find template in cache for "commons/commons-macros.ftl"("en_IN", UTF-8, parsed); will try to load it.
2025-05-02 10:35:46 [DEBUG] freemarker.cache - TemplateLoader.findTemplateSource("commons/commons-macros_en_IN.ftl"): Not found
2025-05-02 10:35:46 [DEBUG] freemarker.cache - TemplateLoader.findTemplateSource("commons/commons-macros_en.ftl"): Not found
2025-05-02 10:35:46 [DEBUG] freemarker.cache - TemplateLoader.findTemplateSource("commons/commons-macros.ftl"): Found
2025-05-02 10:35:46 [DEBUG] freemarker.cache - Loading template for "commons/commons-macros.ftl"("en_IN", UTF-8, parsed) from "jar:file:/C:/Users/rengaraj/.m2/repository/com/aventstack/extentreports/5.0.9/extentreports-5.0.9.jar!/com/aventstack/extentreports/templates/commons/commons-macros.ftl"
2025-05-02 10:35:46 [DEBUG] freemarker.cache - Couldn't find template in cache for "spark/macros/attributes.ftl"("en_IN", UTF-8, parsed); will try to load it.
2025-05-02 10:35:46 [DEBUG] freemarker.cache - TemplateLoader.findTemplateSource("spark/macros/attributes_en_IN.ftl"): Not found
2025-05-02 10:35:46 [DEBUG] freemarker.cache - TemplateLoader.findTemplateSource("spark/macros/attributes_en.ftl"): Not found
2025-05-02 10:35:46 [DEBUG] freemarker.cache - TemplateLoader.findTemplateSource("spark/macros/attributes.ftl"): Found
2025-05-02 10:35:46 [DEBUG] freemarker.cache - Loading template for "spark/macros/attributes.ftl"("en_IN", UTF-8, parsed) from "jar:file:/C:/Users/rengaraj/.m2/repository/com/aventstack/extentreports/5.0.9/extentreports-5.0.9.jar!/com/aventstack/extentreports/templates/spark/macros/attributes.ftl"
2025-05-02 10:35:46 [DEBUG] freemarker.cache - Couldn't find template in cache for "spark/macros/log.ftl"("en_IN", UTF-8, parsed); will try to load it.
2025-05-02 10:35:46 [DEBUG] freemarker.cache - TemplateLoader.findTemplateSource("spark/macros/log_en_IN.ftl"): Not found
2025-05-02 10:35:46 [DEBUG] freemarker.cache - TemplateLoader.findTemplateSource("spark/macros/log_en.ftl"): Not found
2025-05-02 10:35:46 [DEBUG] freemarker.cache - TemplateLoader.findTemplateSource("spark/macros/log.ftl"): Found
2025-05-02 10:35:46 [DEBUG] freemarker.cache - Loading template for "spark/macros/log.ftl"("en_IN", UTF-8, parsed) from "jar:file:/C:/Users/rengaraj/.m2/repository/com/aventstack/extentreports/5.0.9/extentreports-5.0.9.jar!/com/aventstack/extentreports/templates/spark/macros/log.ftl"
2025-05-02 10:35:46 [DEBUG] freemarker.cache - Couldn't find template in cache for "spark/macros/recurse_nodes.ftl"("en_IN", UTF-8, parsed); will try to load it.
2025-05-02 10:35:46 [DEBUG] freemarker.cache - TemplateLoader.findTemplateSource("spark/macros/recurse_nodes_en_IN.ftl"): Not found
2025-05-02 10:35:46 [DEBUG] freemarker.cache - TemplateLoader.findTemplateSource("spark/macros/recurse_nodes_en.ftl"): Not found
2025-05-02 10:35:46 [DEBUG] freemarker.cache - TemplateLoader.findTemplateSource("spark/macros/recurse_nodes.ftl"): Found
2025-05-02 10:35:46 [DEBUG] freemarker.cache - Loading template for "spark/macros/recurse_nodes.ftl"("en_IN", UTF-8, parsed) from "jar:file:/C:/Users/rengaraj/.m2/repository/com/aventstack/extentreports/5.0.9/extentreports-5.0.9.jar!/com/aventstack/extentreports/templates/spark/macros/recurse_nodes.ftl"
2025-05-02 10:35:46 [DEBUG] freemarker.cache - "spark/macros/log.ftl"("en_IN", UTF-8, parsed) cached copy not yet stale; using cached.
2025-05-02 10:35:46 [DEBUG] freemarker.cache - Couldn't find template in cache for "spark/macros/attr-common.ftl"("en_IN", UTF-8, parsed); will try to load it.
2025-05-02 10:35:46 [DEBUG] freemarker.cache - TemplateLoader.findTemplateSource("spark/macros/attr-common_en_IN.ftl"): Not found
2025-05-02 10:35:46 [DEBUG] freemarker.cache - TemplateLoader.findTemplateSource("spark/macros/attr-common_en.ftl"): Not found
2025-05-02 10:35:46 [DEBUG] freemarker.cache - TemplateLoader.findTemplateSource("spark/macros/attr-common.ftl"): Found
2025-05-02 10:35:46 [DEBUG] freemarker.cache - Loading template for "spark/macros/attr-common.ftl"("en_IN", UTF-8, parsed) from "jar:file:/C:/Users/rengaraj/.m2/repository/com/aventstack/extentreports/5.0.9/extentreports-5.0.9.jar!/com/aventstack/extentreports/templates/spark/macros/attr-common.ftl"
2025-05-02 10:35:46 [DEBUG] freemarker.cache - Couldn't find template in cache for "spark/partials/head.ftl"("en_IN", UTF-8, parsed); will try to load it.
2025-05-02 10:35:46 [DEBUG] freemarker.cache - TemplateLoader.findTemplateSource("spark/partials/head_en_IN.ftl"): Not found
2025-05-02 10:35:46 [DEBUG] freemarker.cache - TemplateLoader.findTemplateSource("spark/partials/head_en.ftl"): Not found
2025-05-02 10:35:46 [DEBUG] freemarker.cache - TemplateLoader.findTemplateSource("spark/partials/head.ftl"): Found
2025-05-02 10:35:46 [DEBUG] freemarker.cache - Loading template for "spark/partials/head.ftl"("en_IN", UTF-8, parsed) from "jar:file:/C:/Users/rengaraj/.m2/repository/com/aventstack/extentreports/5.0.9/extentreports-5.0.9.jar!/com/aventstack/extentreports/templates/spark/partials/head.ftl"
2025-05-02 10:35:47 [DEBUG] freemarker.cache - Couldn't find template in cache for "commons/commons-inject-css.ftl"("en_IN", UTF-8, parsed); will try to load it.
2025-05-02 10:35:47 [DEBUG] freemarker.cache - TemplateLoader.findTemplateSource("commons/commons-inject-css_en_IN.ftl"): Not found
2025-05-02 10:35:47 [DEBUG] freemarker.cache - TemplateLoader.findTemplateSource("commons/commons-inject-css_en.ftl"): Not found
2025-05-02 10:35:47 [DEBUG] freemarker.cache - TemplateLoader.findTemplateSource("commons/commons-inject-css.ftl"): Found
2025-05-02 10:35:47 [DEBUG] freemarker.cache - Loading template for "commons/commons-inject-css.ftl"("en_IN", UTF-8, parsed) from "jar:file:/C:/Users/rengaraj/.m2/repository/com/aventstack/extentreports/5.0.9/extentreports-5.0.9.jar!/com/aventstack/extentreports/templates/commons/commons-inject-css.ftl"
2025-05-02 10:35:47 [DEBUG] freemarker.cache - Couldn't find template in cache for "spark/partials/navbar.ftl"("en_IN", UTF-8, parsed); will try to load it.
2025-05-02 10:35:47 [DEBUG] freemarker.cache - TemplateLoader.findTemplateSource("spark/partials/navbar_en_IN.ftl"): Not found
2025-05-02 10:35:47 [DEBUG] freemarker.cache - TemplateLoader.findTemplateSource("spark/partials/navbar_en.ftl"): Not found
2025-05-02 10:35:47 [DEBUG] freemarker.cache - TemplateLoader.findTemplateSource("spark/partials/navbar.ftl"): Found
2025-05-02 10:35:47 [DEBUG] freemarker.cache - Loading template for "spark/partials/navbar.ftl"("en_IN", UTF-8, parsed) from "jar:file:/C:/Users/rengaraj/.m2/repository/com/aventstack/extentreports/5.0.9/extentreports-5.0.9.jar!/com/aventstack/extentreports/templates/spark/partials/navbar.ftl"
2025-05-02 10:35:47 [DEBUG] freemarker.cache - Couldn't find template in cache for "spark/partials/sidenav.ftl"("en_IN", UTF-8, parsed); will try to load it.
2025-05-02 10:35:47 [DEBUG] freemarker.cache - TemplateLoader.findTemplateSource("spark/partials/sidenav_en_IN.ftl"): Not found
2025-05-02 10:35:47 [DEBUG] freemarker.cache - TemplateLoader.findTemplateSource("spark/partials/sidenav_en.ftl"): Not found
2025-05-02 10:35:47 [DEBUG] freemarker.cache - TemplateLoader.findTemplateSource("spark/partials/sidenav.ftl"): Found
2025-05-02 10:35:47 [DEBUG] freemarker.cache - Loading template for "spark/partials/sidenav.ftl"("en_IN", UTF-8, parsed) from "jar:file:/C:/Users/rengaraj/.m2/repository/com/aventstack/extentreports/5.0.9/extentreports-5.0.9.jar!/com/aventstack/extentreports/templates/spark/partials/sidenav.ftl"
2025-05-02 10:35:47 [DEBUG] freemarker.cache - Couldn't find template in cache for "spark/partials/test.ftl"("en_IN", UTF-8, parsed); will try to load it.
2025-05-02 10:35:47 [DEBUG] freemarker.cache - TemplateLoader.findTemplateSource("spark/partials/test_en_IN.ftl"): Not found
2025-05-02 10:35:47 [DEBUG] freemarker.cache - TemplateLoader.findTemplateSource("spark/partials/test_en.ftl"): Not found
2025-05-02 10:35:47 [DEBUG] freemarker.cache - TemplateLoader.findTemplateSource("spark/partials/test.ftl"): Found
2025-05-02 10:35:47 [DEBUG] freemarker.cache - Loading template for "spark/partials/test.ftl"("en_IN", UTF-8, parsed) from "jar:file:/C:/Users/rengaraj/.m2/repository/com/aventstack/extentreports/5.0.9/extentreports-5.0.9.jar!/com/aventstack/extentreports/templates/spark/partials/test.ftl"
2025-05-02 10:35:47 [DEBUG] freemarker.cache - Couldn't find template in cache for "spark/partials/standard-content.ftl"("en_IN", UTF-8, parsed); will try to load it.
2025-05-02 10:35:47 [DEBUG] freemarker.cache - TemplateLoader.findTemplateSource("spark/partials/standard-content_en_IN.ftl"): Not found
2025-05-02 10:35:47 [DEBUG] freemarker.cache - TemplateLoader.findTemplateSource("spark/partials/standard-content_en.ftl"): Not found
2025-05-02 10:35:47 [DEBUG] freemarker.cache - TemplateLoader.findTemplateSource("spark/partials/standard-content.ftl"): Found
2025-05-02 10:35:47 [DEBUG] freemarker.cache - Loading template for "spark/partials/standard-content.ftl"("en_IN", UTF-8, parsed) from "jar:file:/C:/Users/rengaraj/.m2/repository/com/aventstack/extentreports/5.0.9/extentreports-5.0.9.jar!/com/aventstack/extentreports/templates/spark/partials/standard-content.ftl"
2025-05-02 10:35:47 [DEBUG] freemarker.cache - "spark/partials/standard-content.ftl"("en_IN", UTF-8, parsed) cached copy not yet stale; using cached.
2025-05-02 10:35:47 [DEBUG] freemarker.cache - "spark/partials/standard-content.ftl"("en_IN", UTF-8, parsed) cached copy not yet stale; using cached.
2025-05-02 10:35:47 [DEBUG] freemarker.cache - "spark/partials/standard-content.ftl"("en_IN", UTF-8, parsed) cached copy not yet stale; using cached.
2025-05-02 10:35:47 [DEBUG] freemarker.cache - "spark/partials/standard-content.ftl"("en_IN", UTF-8, parsed) cached copy not yet stale; using cached.
2025-05-02 10:35:47 [DEBUG] freemarker.cache - Couldn't find template in cache for "spark/partials/exception.ftl"("en_IN", UTF-8, parsed); will try to load it.
2025-05-02 10:35:47 [DEBUG] freemarker.cache - TemplateLoader.findTemplateSource("spark/partials/exception_en_IN.ftl"): Not found
2025-05-02 10:35:47 [DEBUG] freemarker.cache - TemplateLoader.findTemplateSource("spark/partials/exception_en.ftl"): Not found
2025-05-02 10:35:47 [DEBUG] freemarker.cache - TemplateLoader.findTemplateSource("spark/partials/exception.ftl"): Found
2025-05-02 10:35:47 [DEBUG] freemarker.cache - Loading template for "spark/partials/exception.ftl"("en_IN", UTF-8, parsed) from "jar:file:/C:/Users/rengaraj/.m2/repository/com/aventstack/extentreports/5.0.9/extentreports-5.0.9.jar!/com/aventstack/extentreports/templates/spark/partials/exception.ftl"
2025-05-02 10:35:47 [DEBUG] freemarker.cache - Couldn't find template in cache for "spark/partials/category.ftl"("en_IN", UTF-8, parsed); will try to load it.
2025-05-02 10:35:47 [DEBUG] freemarker.cache - TemplateLoader.findTemplateSource("spark/partials/category_en_IN.ftl"): Not found
2025-05-02 10:35:47 [DEBUG] freemarker.cache - TemplateLoader.findTemplateSource("spark/partials/category_en.ftl"): Not found
2025-05-02 10:35:47 [DEBUG] freemarker.cache - TemplateLoader.findTemplateSource("spark/partials/category.ftl"): Found
2025-05-02 10:35:47 [DEBUG] freemarker.cache - Loading template for "spark/partials/category.ftl"("en_IN", UTF-8, parsed) from "jar:file:/C:/Users/rengaraj/.m2/repository/com/aventstack/extentreports/5.0.9/extentreports-5.0.9.jar!/com/aventstack/extentreports/templates/spark/partials/category.ftl"
2025-05-02 10:35:47 [DEBUG] freemarker.cache - Couldn't find template in cache for "spark/partials/device.ftl"("en_IN", UTF-8, parsed); will try to load it.
2025-05-02 10:35:47 [DEBUG] freemarker.cache - TemplateLoader.findTemplateSource("spark/partials/device_en_IN.ftl"): Not found
2025-05-02 10:35:47 [DEBUG] freemarker.cache - TemplateLoader.findTemplateSource("spark/partials/device_en.ftl"): Not found
2025-05-02 10:35:47 [DEBUG] freemarker.cache - TemplateLoader.findTemplateSource("spark/partials/device.ftl"): Found
2025-05-02 10:35:47 [DEBUG] freemarker.cache - Loading template for "spark/partials/device.ftl"("en_IN", UTF-8, parsed) from "jar:file:/C:/Users/rengaraj/.m2/repository/com/aventstack/extentreports/5.0.9/extentreports-5.0.9.jar!/com/aventstack/extentreports/templates/spark/partials/device.ftl"
2025-05-02 10:35:47 [DEBUG] freemarker.cache - Couldn't find template in cache for "spark/partials/author.ftl"("en_IN", UTF-8, parsed); will try to load it.
2025-05-02 10:35:47 [DEBUG] freemarker.cache - TemplateLoader.findTemplateSource("spark/partials/author_en_IN.ftl"): Not found
2025-05-02 10:35:47 [DEBUG] freemarker.cache - TemplateLoader.findTemplateSource("spark/partials/author_en.ftl"): Not found
2025-05-02 10:35:47 [DEBUG] freemarker.cache - TemplateLoader.findTemplateSource("spark/partials/author.ftl"): Found
2025-05-02 10:35:47 [DEBUG] freemarker.cache - Loading template for "spark/partials/author.ftl"("en_IN", UTF-8, parsed) from "jar:file:/C:/Users/rengaraj/.m2/repository/com/aventstack/extentreports/5.0.9/extentreports-5.0.9.jar!/com/aventstack/extentreports/templates/spark/partials/author.ftl"
2025-05-02 10:35:47 [DEBUG] freemarker.cache - Couldn't find template in cache for "spark/partials/log.ftl"("en_IN", UTF-8, parsed); will try to load it.
2025-05-02 10:35:47 [DEBUG] freemarker.cache - TemplateLoader.findTemplateSource("spark/partials/log_en_IN.ftl"): Not found
2025-05-02 10:35:47 [DEBUG] freemarker.cache - TemplateLoader.findTemplateSource("spark/partials/log_en.ftl"): Not found
2025-05-02 10:35:47 [DEBUG] freemarker.cache - TemplateLoader.findTemplateSource("spark/partials/log.ftl"): Found
2025-05-02 10:35:47 [DEBUG] freemarker.cache - Loading template for "spark/partials/log.ftl"("en_IN", UTF-8, parsed) from "jar:file:/C:/Users/rengaraj/.m2/repository/com/aventstack/extentreports/5.0.9/extentreports-5.0.9.jar!/com/aventstack/extentreports/templates/spark/partials/log.ftl"
2025-05-02 10:35:47 [DEBUG] freemarker.cache - Couldn't find template in cache for "spark/partials/dashboard.ftl"("en_IN", UTF-8, parsed); will try to load it.
2025-05-02 10:35:47 [DEBUG] freemarker.cache - TemplateLoader.findTemplateSource("spark/partials/dashboard_en_IN.ftl"): Not found
2025-05-02 10:35:47 [DEBUG] freemarker.cache - TemplateLoader.findTemplateSource("spark/partials/dashboard_en.ftl"): Not found
2025-05-02 10:35:47 [DEBUG] freemarker.cache - TemplateLoader.findTemplateSource("spark/partials/dashboard.ftl"): Found
2025-05-02 10:35:47 [DEBUG] freemarker.cache - Loading template for "spark/partials/dashboard.ftl"("en_IN", UTF-8, parsed) from "jar:file:/C:/Users/rengaraj/.m2/repository/com/aventstack/extentreports/5.0.9/extentreports-5.0.9.jar!/com/aventstack/extentreports/templates/spark/partials/dashboard.ftl"
2025-05-02 10:35:47 [DEBUG] freemarker.cache - Couldn't find template in cache for "spark/partials/scripts.ftl"("en_IN", UTF-8, parsed); will try to load it.
2025-05-02 10:35:47 [DEBUG] freemarker.cache - TemplateLoader.findTemplateSource("spark/partials/scripts_en_IN.ftl"): Not found
2025-05-02 10:35:47 [DEBUG] freemarker.cache - TemplateLoader.findTemplateSource("spark/partials/scripts_en.ftl"): Not found
2025-05-02 10:35:47 [DEBUG] freemarker.cache - TemplateLoader.findTemplateSource("spark/partials/scripts.ftl"): Found
2025-05-02 10:35:47 [DEBUG] freemarker.cache - Loading template for "spark/partials/scripts.ftl"("en_IN", UTF-8, parsed) from "jar:file:/C:/Users/rengaraj/.m2/repository/com/aventstack/extentreports/5.0.9/extentreports-5.0.9.jar!/com/aventstack/extentreports/templates/spark/partials/scripts.ftl"
2025-05-02 10:35:47 [DEBUG] freemarker.cache - Couldn't find template in cache for "commons/commons-inject-js.ftl"("en_IN", UTF-8, parsed); will try to load it.
2025-05-02 10:35:47 [DEBUG] freemarker.cache - TemplateLoader.findTemplateSource("commons/commons-inject-js_en_IN.ftl"): Not found
2025-05-02 10:35:47 [DEBUG] freemarker.cache - TemplateLoader.findTemplateSource("commons/commons-inject-js_en.ftl"): Not found
2025-05-02 10:35:47 [DEBUG] freemarker.cache - TemplateLoader.findTemplateSource("commons/commons-inject-js.ftl"): Found
2025-05-02 10:35:47 [DEBUG] freemarker.cache - Loading template for "commons/commons-inject-js.ftl"("en_IN", UTF-8, parsed) from "jar:file:/C:/Users/rengaraj/.m2/repository/com/aventstack/extentreports/5.0.9/extentreports-5.0.9.jar!/com/aventstack/extentreports/templates/commons/commons-inject-js.ftl"
2025-05-02 10:36:30 [INFO] baseclass.launchezhour - Ezhour application launch
2025-05-02 10:36:35 [INFO] baseclass.launchezhour - Ezhour login is started
2025-05-02 10:36:47 [INFO] baseclass.launchezhour - Ezhour login is completed
2025-05-02 10:36:47 [INFO] baseclass.launchezhour - Ezhour testing is completed
2025-05-02 10:36:48 [INFO] baseclass.launchezhour - Ezhour application launch
2025-05-02 10:36:51 [INFO] baseclass.launchezhour - Ezhour apply leave page testing started
2025-05-02 10:37:03 [INFO] baseclass.launchezhour - Ezhour apply leave scenario completed
2025-05-02 10:37:13 [INFO] baseclass.launchezhour - Ezhour testing is completed
2025-05-02 10:37:13 [INFO] baseclass.launchezhour - Ezhour application launch
2025-05-02 10:37:16 [INFO] baseclass.launchezhour - Ezhour apply leave page all text verification is started
2025-05-02 10:37:31 [INFO] baseclass.launchezhour - Ezhour apply leave page all text verfication is completed
2025-05-02 10:37:31 [INFO] baseclass.launchezhour - Ezhour testing is completed
2025-05-02 10:37:31 [INFO] baseclass.launchezhour - Ezhour application launch
2025-05-02 10:37:34 [INFO] baseclass.launchezhour - Ezhour half day take leave sceanrio started
2025-05-02 10:37:48 [INFO] baseclass.launchezhour - Ezhour half day leave sceanior testing is completed
2025-05-02 10:37:48 [INFO] baseclass.launchezhour - Ezhour testing is completed
2025-05-02 10:37:49 [INFO] baseclass.launchezhour - Ezhour application launch
2025-05-02 10:37:52 [INFO] baseclass.launchezhour - Ezhour leave tracker available and total leave count testing is started
2025-05-02 10:38:03 [INFO] baseclass.launchezhour - Ezhour leave tracker available and total leave count comparision is completed
2025-05-02 10:38:03 [INFO] baseclass.launchezhour - Ezhour testing is completed
2025-05-02 10:38:03 [DEBUG] freemarker.cache - Couldn't find template in cache for "spark/spark.spa.ftl"("en_IN", UTF-8, parsed); will try to load it.
2025-05-02 10:38:03 [DEBUG] freemarker.cache - TemplateLoader.findTemplateSource("spark/spark.spa_en_IN.ftl"): Not found
2025-05-02 10:38:03 [DEBUG] freemarker.cache - TemplateLoader.findTemplateSource("spark/spark.spa_en.ftl"): Not found
2025-05-02 10:38:03 [DEBUG] freemarker.cache - TemplateLoader.findTemplateSource("spark/spark.spa.ftl"): Found
2025-05-02 10:38:03 [DEBUG] freemarker.cache - Loading template for "spark/spark.spa.ftl"("en_IN", UTF-8, parsed) from "jar:file:/C:/Users/rengaraj/.m2/repository/com/aventstack/extentreports/5.0.9/extentreports-5.0.9.jar!/com/aventstack/extentreports/templates/spark/spark.spa.ftl"
2025-05-02 10:38:04 [DEBUG] freemarker.cache - Couldn't find template in cache for "commons/commons-variables.ftl"("en_IN", UTF-8, parsed); will try to load it.
2025-05-02 10:38:04 [DEBUG] freemarker.cache - TemplateLoader.findTemplateSource("commons/commons-variables_en_IN.ftl"): Not found
2025-05-02 10:38:04 [DEBUG] freemarker.cache - TemplateLoader.findTemplateSource("commons/commons-variables_en.ftl"): Not found
2025-05-02 10:38:04 [DEBUG] freemarker.cache - TemplateLoader.findTemplateSource("commons/commons-variables.ftl"): Found
2025-05-02 10:38:04 [DEBUG] freemarker.cache - Loading template for "commons/commons-variables.ftl"("en_IN", UTF-8, parsed) from "jar:file:/C:/Users/rengaraj/.m2/repository/com/aventstack/extentreports/5.0.9/extentreports-5.0.9.jar!/com/aventstack/extentreports/templates/commons/commons-variables.ftl"
2025-05-02 10:38:04 [DEBUG] freemarker.cache - Couldn't find template in cache for "commons/commons-macros.ftl"("en_IN", UTF-8, parsed); will try to load it.
2025-05-02 10:38:04 [DEBUG] freemarker.cache - TemplateLoader.findTemplateSource("commons/commons-macros_en_IN.ftl"): Not found
2025-05-02 10:38:04 [DEBUG] freemarker.cache - TemplateLoader.findTemplateSource("commons/commons-macros_en.ftl"): Not found
2025-05-02 10:38:04 [DEBUG] freemarker.cache - TemplateLoader.findTemplateSource("commons/commons-macros.ftl"): Found
2025-05-02 10:38:04 [DEBUG] freemarker.cache - Loading template for "commons/commons-macros.ftl"("en_IN", UTF-8, parsed) from "jar:file:/C:/Users/rengaraj/.m2/repository/com/aventstack/extentreports/5.0.9/extentreports-5.0.9.jar!/com/aventstack/extentreports/templates/commons/commons-macros.ftl"
2025-05-02 10:38:04 [DEBUG] freemarker.cache - Couldn't find template in cache for "spark/macros/attributes.ftl"("en_IN", UTF-8, parsed); will try to load it.
2025-05-02 10:38:04 [DEBUG] freemarker.cache - TemplateLoader.findTemplateSource("spark/macros/attributes_en_IN.ftl"): Not found
2025-05-02 10:38:04 [DEBUG] freemarker.cache - TemplateLoader.findTemplateSource("spark/macros/attributes_en.ftl"): Not found
2025-05-02 10:38:04 [DEBUG] freemarker.cache - TemplateLoader.findTemplateSource("spark/macros/attributes.ftl"): Found
2025-05-02 10:38:04 [DEBUG] freemarker.cache - Loading template for "spark/macros/attributes.ftl"("en_IN", UTF-8, parsed) from "jar:file:/C:/Users/rengaraj/.m2/repository/com/aventstack/extentreports/5.0.9/extentreports-5.0.9.jar!/com/aventstack/extentreports/templates/spark/macros/attributes.ftl"
2025-05-02 10:38:04 [DEBUG] freemarker.cache - Couldn't find template in cache for "spark/macros/log.ftl"("en_IN", UTF-8, parsed); will try to load it.
2025-05-02 10:38:04 [DEBUG] freemarker.cache - TemplateLoader.findTemplateSource("spark/macros/log_en_IN.ftl"): Not found
2025-05-02 10:38:04 [DEBUG] freemarker.cache - TemplateLoader.findTemplateSource("spark/macros/log_en.ftl"): Not found
2025-05-02 10:38:04 [DEBUG] freemarker.cache - TemplateLoader.findTemplateSource("spark/macros/log.ftl"): Found
2025-05-02 10:38:04 [DEBUG] freemarker.cache - Loading template for "spark/macros/log.ftl"("en_IN", UTF-8, parsed) from "jar:file:/C:/Users/rengaraj/.m2/repository/com/aventstack/extentreports/5.0.9/extentreports-5.0.9.jar!/com/aventstack/extentreports/templates/spark/macros/log.ftl"
2025-05-02 10:38:04 [DEBUG] freemarker.cache - Couldn't find template in cache for "spark/macros/recurse_nodes.ftl"("en_IN", UTF-8, parsed); will try to load it.
2025-05-02 10:38:04 [DEBUG] freemarker.cache - TemplateLoader.findTemplateSource("spark/macros/recurse_nodes_en_IN.ftl"): Not found
2025-05-02 10:38:04 [DEBUG] freemarker.cache - TemplateLoader.findTemplateSource("spark/macros/recurse_nodes_en.ftl"): Not found
2025-05-02 10:38:04 [DEBUG] freemarker.cache - TemplateLoader.findTemplateSource("spark/macros/recurse_nodes.ftl"): Found
2025-05-02 10:38:04 [DEBUG] freemarker.cache - Loading template for "spark/macros/recurse_nodes.ftl"("en_IN", UTF-8, parsed) from "jar:file:/C:/Users/rengaraj/.m2/repository/com/aventstack/extentreports/5.0.9/extentreports-5.0.9.jar!/com/aventstack/extentreports/templates/spark/macros/recurse_nodes.ftl"
2025-05-02 10:38:04 [DEBUG] freemarker.cache - "spark/macros/log.ftl"("en_IN", UTF-8, parsed) cached copy not yet stale; using cached.
2025-05-02 10:38:04 [DEBUG] freemarker.cache - Couldn't find template in cache for "spark/macros/attr-common.ftl"("en_IN", UTF-8, parsed); will try to load it.
2025-05-02 10:38:04 [DEBUG] freemarker.cache - TemplateLoader.findTemplateSource("spark/macros/attr-common_en_IN.ftl"): Not found
2025-05-02 10:38:04 [DEBUG] freemarker.cache - TemplateLoader.findTemplateSource("spark/macros/attr-common_en.ftl"): Not found
2025-05-02 10:38:04 [DEBUG] freemarker.cache - TemplateLoader.findTemplateSource("spark/macros/attr-common.ftl"): Found
2025-05-02 10:38:04 [DEBUG] freemarker.cache - Loading template for "spark/macros/attr-common.ftl"("en_IN", UTF-8, parsed) from "jar:file:/C:/Users/rengaraj/.m2/repository/com/aventstack/extentreports/5.0.9/extentreports-5.0.9.jar!/com/aventstack/extentreports/templates/spark/macros/attr-common.ftl"
2025-05-02 10:38:04 [DEBUG] freemarker.cache - Couldn't find template in cache for "spark/partials/head.ftl"("en_IN", UTF-8, parsed); will try to load it.
2025-05-02 10:38:04 [DEBUG] freemarker.cache - TemplateLoader.findTemplateSource("spark/partials/head_en_IN.ftl"): Not found
2025-05-02 10:38:04 [DEBUG] freemarker.cache - TemplateLoader.findTemplateSource("spark/partials/head_en.ftl"): Not found
2025-05-02 10:38:04 [DEBUG] freemarker.cache - TemplateLoader.findTemplateSource("spark/partials/head.ftl"): Found
2025-05-02 10:38:04 [DEBUG] freemarker.cache - Loading template for "spark/partials/head.ftl"("en_IN", UTF-8, parsed) from "jar:file:/C:/Users/rengaraj/.m2/repository/com/aventstack/extentreports/5.0.9/extentreports-5.0.9.jar!/com/aventstack/extentreports/templates/spark/partials/head.ftl"
2025-05-02 10:38:04 [DEBUG] freemarker.cache - Couldn't find template in cache for "commons/commons-inject-css.ftl"("en_IN", UTF-8, parsed); will try to load it.
2025-05-02 10:38:04 [DEBUG] freemarker.cache - TemplateLoader.findTemplateSource("commons/commons-inject-css_en_IN.ftl"): Not found
2025-05-02 10:38:04 [DEBUG] freemarker.cache - TemplateLoader.findTemplateSource("commons/commons-inject-css_en.ftl"): Not found
2025-05-02 10:38:04 [DEBUG] freemarker.cache - TemplateLoader.findTemplateSource("commons/commons-inject-css.ftl"): Found
2025-05-02 10:38:04 [DEBUG] freemarker.cache - Loading template for "commons/commons-inject-css.ftl"("en_IN", UTF-8, parsed) from "jar:file:/C:/Users/rengaraj/.m2/repository/com/aventstack/extentreports/5.0.9/extentreports-5.0.9.jar!/com/aventstack/extentreports/templates/commons/commons-inject-css.ftl"
2025-05-02 10:38:04 [DEBUG] freemarker.cache - Couldn't find template in cache for "spark/partials/navbar.ftl"("en_IN", UTF-8, parsed); will try to load it.
2025-05-02 10:38:04 [DEBUG] freemarker.cache - TemplateLoader.findTemplateSource("spark/partials/navbar_en_IN.ftl"): Not found
2025-05-02 10:38:04 [DEBUG] freemarker.cache - TemplateLoader.findTemplateSource("spark/partials/navbar_en.ftl"): Not found
2025-05-02 10:38:04 [DEBUG] freemarker.cache - TemplateLoader.findTemplateSource("spark/partials/navbar.ftl"): Found
2025-05-02 10:38:04 [DEBUG] freemarker.cache - Loading template for "spark/partials/navbar.ftl"("en_IN", UTF-8, parsed) from "jar:file:/C:/Users/rengaraj/.m2/repository/com/aventstack/extentreports/5.0.9/extentreports-5.0.9.jar!/com/aventstack/extentreports/templates/spark/partials/navbar.ftl"
2025-05-02 10:38:04 [DEBUG] freemarker.cache - Couldn't find template in cache for "spark/partials/sidenav.ftl"("en_IN", UTF-8, parsed); will try to load it.
2025-05-02 10:38:04 [DEBUG] freemarker.cache - TemplateLoader.findTemplateSource("spark/partials/sidenav_en_IN.ftl"): Not found
2025-05-02 10:38:04 [DEBUG] freemarker.cache - TemplateLoader.findTemplateSource("spark/partials/sidenav_en.ftl"): Not found
2025-05-02 10:38:04 [DEBUG] freemarker.cache - TemplateLoader.findTemplateSource("spark/partials/sidenav.ftl"): Found
2025-05-02 10:38:04 [DEBUG] freemarker.cache - Loading template for "spark/partials/sidenav.ftl"("en_IN", UTF-8, parsed) from "jar:file:/C:/Users/rengaraj/.m2/repository/com/aventstack/extentreports/5.0.9/extentreports-5.0.9.jar!/com/aventstack/extentreports/templates/spark/partials/sidenav.ftl"
2025-05-02 10:38:04 [DEBUG] freemarker.cache - Couldn't find template in cache for "spark/partials/test.ftl"("en_IN", UTF-8, parsed); will try to load it.
2025-05-02 10:38:04 [DEBUG] freemarker.cache - TemplateLoader.findTemplateSource("spark/partials/test_en_IN.ftl"): Not found
2025-05-02 10:38:04 [DEBUG] freemarker.cache - TemplateLoader.findTemplateSource("spark/partials/test_en.ftl"): Not found
2025-05-02 10:38:04 [DEBUG] freemarker.cache - TemplateLoader.findTemplateSource("spark/partials/test.ftl"): Found
2025-05-02 10:38:04 [DEBUG] freemarker.cache - Loading template for "spark/partials/test.ftl"("en_IN", UTF-8, parsed) from "jar:file:/C:/Users/rengaraj/.m2/repository/com/aventstack/extentreports/5.0.9/extentreports-5.0.9.jar!/com/aventstack/extentreports/templates/spark/partials/test.ftl"
2025-05-02 10:38:04 [DEBUG] freemarker.cache - Couldn't find template in cache for "spark/partials/standard-content.ftl"("en_IN", UTF-8, parsed); will try to load it.
2025-05-02 10:38:04 [DEBUG] freemarker.cache - TemplateLoader.findTemplateSource("spark/partials/standard-content_en_IN.ftl"): Not found
2025-05-02 10:38:04 [DEBUG] freemarker.cache - TemplateLoader.findTemplateSource("spark/partials/standard-content_en.ftl"): Not found
2025-05-02 10:38:04 [DEBUG] freemarker.cache - TemplateLoader.findTemplateSource("spark/partials/standard-content.ftl"): Found
2025-05-02 10:38:04 [DEBUG] freemarker.cache - Loading template for "spark/partials/standard-content.ftl"("en_IN", UTF-8, parsed) from "jar:file:/C:/Users/rengaraj/.m2/repository/com/aventstack/extentreports/5.0.9/extentreports-5.0.9.jar!/com/aventstack/extentreports/templates/spark/partials/standard-content.ftl"
2025-05-02 10:38:04 [DEBUG] freemarker.cache - "spark/partials/standard-content.ftl"("en_IN", UTF-8, parsed) cached copy not yet stale; using cached.
2025-05-02 10:38:04 [DEBUG] freemarker.cache - "spark/partials/standard-content.ftl"("en_IN", UTF-8, parsed) cached copy not yet stale; using cached.
2025-05-02 10:38:04 [DEBUG] freemarker.cache - "spark/partials/standard-content.ftl"("en_IN", UTF-8, parsed) cached copy not yet stale; using cached.
2025-05-02 10:38:04 [DEBUG] freemarker.cache - "spark/partials/standard-content.ftl"("en_IN", UTF-8, parsed) cached copy not yet stale; using cached.
2025-05-02 10:38:04 [DEBUG] freemarker.cache - Couldn't find template in cache for "spark/partials/exception.ftl"("en_IN", UTF-8, parsed); will try to load it.
2025-05-02 10:38:04 [DEBUG] freemarker.cache - TemplateLoader.findTemplateSource("spark/partials/exception_en_IN.ftl"): Not found
2025-05-02 10:38:04 [DEBUG] freemarker.cache - TemplateLoader.findTemplateSource("spark/partials/exception_en.ftl"): Not found
2025-05-02 10:38:04 [DEBUG] freemarker.cache - TemplateLoader.findTemplateSource("spark/partials/exception.ftl"): Found
2025-05-02 10:38:04 [DEBUG] freemarker.cache - Loading template for "spark/partials/exception.ftl"("en_IN", UTF-8, parsed) from "jar:file:/C:/Users/rengaraj/.m2/repository/com/aventstack/extentreports/5.0.9/extentreports-5.0.9.jar!/com/aventstack/extentreports/templates/spark/partials/exception.ftl"
2025-05-02 10:38:04 [DEBUG] freemarker.cache - Couldn't find template in cache for "spark/partials/category.ftl"("en_IN", UTF-8, parsed); will try to load it.
2025-05-02 10:38:04 [DEBUG] freemarker.cache - TemplateLoader.findTemplateSource("spark/partials/category_en_IN.ftl"): Not found
2025-05-02 10:38:04 [DEBUG] freemarker.cache - TemplateLoader.findTemplateSource("spark/partials/category_en.ftl"): Not found
2025-05-02 10:38:04 [DEBUG] freemarker.cache - TemplateLoader.findTemplateSource("spark/partials/category.ftl"): Found
2025-05-02 10:38:04 [DEBUG] freemarker.cache - Loading template for "spark/partials/category.ftl"("en_IN", UTF-8, parsed) from "jar:file:/C:/Users/rengaraj/.m2/repository/com/aventstack/extentreports/5.0.9/extentreports-5.0.9.jar!/com/aventstack/extentreports/templates/spark/partials/category.ftl"
2025-05-02 10:38:04 [DEBUG] freemarker.cache - Couldn't find template in cache for "spark/partials/device.ftl"("en_IN", UTF-8, parsed); will try to load it.
2025-05-02 10:38:04 [DEBUG] freemarker.cache - TemplateLoader.findTemplateSource("spark/partials/device_en_IN.ftl"): Not found
2025-05-02 10:38:04 [DEBUG] freemarker.cache - TemplateLoader.findTemplateSource("spark/partials/device_en.ftl"): Not found
2025-05-02 10:38:04 [DEBUG] freemarker.cache - TemplateLoader.findTemplateSource("spark/partials/device.ftl"): Found
2025-05-02 10:38:04 [DEBUG] freemarker.cache - Loading template for "spark/partials/device.ftl"("en_IN", UTF-8, parsed) from "jar:file:/C:/Users/rengaraj/.m2/repository/com/aventstack/extentreports/5.0.9/extentreports-5.0.9.jar!/com/aventstack/extentreports/templates/spark/partials/device.ftl"
2025-05-02 10:38:04 [DEBUG] freemarker.cache - Couldn't find template in cache for "spark/partials/author.ftl"("en_IN", UTF-8, parsed); will try to load it.
2025-05-02 10:38:04 [DEBUG] freemarker.cache - TemplateLoader.findTemplateSource("spark/partials/author_en_IN.ftl"): Not found
2025-05-02 10:38:04 [DEBUG] freemarker.cache - TemplateLoader.findTemplateSource("spark/partials/author_en.ftl"): Not found
2025-05-02 10:38:04 [DEBUG] freemarker.cache - TemplateLoader.findTemplateSource("spark/partials/author.ftl"): Found
2025-05-02 10:38:04 [DEBUG] freemarker.cache - Loading template for "spark/partials/author.ftl"("en_IN", UTF-8, parsed) from "jar:file:/C:/Users/rengaraj/.m2/repository/com/aventstack/extentreports/5.0.9/extentreports-5.0.9.jar!/com/aventstack/extentreports/templates/spark/partials/author.ftl"
2025-05-02 10:38:04 [DEBUG] freemarker.cache - Couldn't find template in cache for "spark/partials/log.ftl"("en_IN", UTF-8, parsed); will try to load it.
2025-05-02 10:38:04 [DEBUG] freemarker.cache - TemplateLoader.findTemplateSource("spark/partials/log_en_IN.ftl"): Not found
2025-05-02 10:38:04 [DEBUG] freemarker.cache - TemplateLoader.findTemplateSource("spark/partials/log_en.ftl"): Not found
2025-05-02 10:38:04 [DEBUG] freemarker.cache - TemplateLoader.findTemplateSource("spark/partials/log.ftl"): Found
2025-05-02 10:38:04 [DEBUG] freemarker.cache - Loading template for "spark/partials/log.ftl"("en_IN", UTF-8, parsed) from "jar:file:/C:/Users/rengaraj/.m2/repository/com/aventstack/extentreports/5.0.9/extentreports-5.0.9.jar!/com/aventstack/extentreports/templates/spark/partials/log.ftl"
2025-05-02 10:38:04 [DEBUG] freemarker.cache - Couldn't find template in cache for "spark/partials/dashboard.ftl"("en_IN", UTF-8, parsed); will try to load it.
2025-05-02 10:38:04 [DEBUG] freemarker.cache - TemplateLoader.findTemplateSource("spark/partials/dashboard_en_IN.ftl"): Not found
2025-05-02 10:38:04 [DEBUG] freemarker.cache - TemplateLoader.findTemplateSource("spark/partials/dashboard_en.ftl"): Not found
2025-05-02 10:38:04 [DEBUG] freemarker.cache - TemplateLoader.findTemplateSource("spark/partials/dashboard.ftl"): Found
2025-05-02 10:38:04 [DEBUG] freemarker.cache - Loading template for "spark/partials/dashboard.ftl"("en_IN", UTF-8, parsed) from "jar:file:/C:/Users/rengaraj/.m2/repository/com/aventstack/extentreports/5.0.9/extentreports-5.0.9.jar!/com/aventstack/extentreports/templates/spark/partials/dashboard.ftl"
2025-05-02 10:38:04 [DEBUG] freemarker.cache - Couldn't find template in cache for "spark/partials/scripts.ftl"("en_IN", UTF-8, parsed); will try to load it.
2025-05-02 10:38:04 [DEBUG] freemarker.cache - TemplateLoader.findTemplateSource("spark/partials/scripts_en_IN.ftl"): Not found
2025-05-02 10:38:04 [DEBUG] freemarker.cache - TemplateLoader.findTemplateSource("spark/partials/scripts_en.ftl"): Not found
2025-05-02 10:38:04 [DEBUG] freemarker.cache - TemplateLoader.findTemplateSource("spark/partials/scripts.ftl"): Found
2025-05-02 10:38:04 [DEBUG] freemarker.cache - Loading template for "spark/partials/scripts.ftl"("en_IN", UTF-8, parsed) from "jar:file:/C:/Users/rengaraj/.m2/repository/com/aventstack/extentreports/5.0.9/extentreports-5.0.9.jar!/com/aventstack/extentreports/templates/spark/partials/scripts.ftl"
2025-05-02 10:38:04 [DEBUG] freemarker.cache - Couldn't find template in cache for "commons/commons-inject-js.ftl"("en_IN", UTF-8, parsed); will try to load it.
2025-05-02 10:38:04 [DEBUG] freemarker.cache - TemplateLoader.findTemplateSource("commons/commons-inject-js_en_IN.ftl"): Not found
2025-05-02 10:38:04 [DEBUG] freemarker.cache - TemplateLoader.findTemplateSource("commons/commons-inject-js_en.ftl"): Not found
2025-05-02 10:38:04 [DEBUG] freemarker.cache - TemplateLoader.findTemplateSource("commons/commons-inject-js.ftl"): Found
2025-05-02 10:38:04 [DEBUG] freemarker.cache - Loading template for "commons/commons-inject-js.ftl"("en_IN", UTF-8, parsed) from "jar:file:/C:/Users/rengaraj/.m2/repository/com/aventstack/extentreports/5.0.9/extentreports-5.0.9.jar!/com/aventstack/extentreports/templates/commons/commons-inject-js.ftl"
2025-05-02 12:00:38 [INFO] baseclass.launchezhour - Ezhour application launch
2025-05-02 12:00:44 [INFO] baseclass.launchezhour - Ezhour login is started
2025-05-02 12:00:58 [INFO] baseclass.launchezhour - Ezhour login is completed
2025-05-02 12:00:58 [INFO] baseclass.launchezhour - Ezhour testing is completed
2025-05-02 12:00:58 [INFO] baseclass.launchezhour - Ezhour application launch
2025-05-02 12:01:01 [INFO] baseclass.launchezhour - Ezhour apply leave page testing started
2025-05-02 12:01:11 [INFO] baseclass.launchezhour - Ezhour apply leave scenario completed
2025-05-02 12:01:21 [INFO] baseclass.launchezhour - Ezhour testing is completed
2025-05-02 12:01:22 [INFO] baseclass.launchezhour - Ezhour application launch
2025-05-02 12:01:25 [INFO] baseclass.launchezhour - Ezhour apply leave page all text verification is started
2025-05-02 12:01:38 [INFO] baseclass.launchezhour - Ezhour apply leave page all text verfication is completed
2025-05-02 12:01:38 [INFO] baseclass.launchezhour - Ezhour testing is completed
2025-05-02 12:01:38 [INFO] baseclass.launchezhour - Ezhour application launch
2025-05-02 12:01:42 [INFO] baseclass.launchezhour - Ezhour half day take leave sceanrio started
2025-05-02 12:01:55 [INFO] baseclass.launchezhour - Ezhour half day leave sceanior testing is completed
2025-05-02 12:01:55 [INFO] baseclass.launchezhour - Ezhour testing is completed
2025-05-02 12:01:55 [INFO] baseclass.launchezhour - Ezhour application launch
2025-05-02 12:01:58 [INFO] baseclass.launchezhour - Ezhour leave tracker available and total leave count testing is started
2025-05-02 12:02:05 [INFO] baseclass.launchezhour - Ezhour leave tracker available and total leave count comparision is completed
2025-05-02 12:02:05 [INFO] baseclass.launchezhour - Ezhour testing is completed
2025-05-02 12:02:06 [DEBUG] freemarker.cache - Couldn't find template in cache for "spark/spark.spa.ftl"("en_IN", UTF-8, parsed); will try to load it.
2025-05-02 12:02:06 [DEBUG] freemarker.cache - TemplateLoader.findTemplateSource("spark/spark.spa_en_IN.ftl"): Not found
2025-05-02 12:02:06 [DEBUG] freemarker.cache - TemplateLoader.findTemplateSource("spark/spark.spa_en.ftl"): Not found
2025-05-02 12:02:06 [DEBUG] freemarker.cache - TemplateLoader.findTemplateSource("spark/spark.spa.ftl"): Found
2025-05-02 12:02:06 [DEBUG] freemarker.cache - Loading template for "spark/spark.spa.ftl"("en_IN", UTF-8, parsed) from "jar:file:/C:/Users/rengaraj/.m2/repository/com/aventstack/extentreports/5.0.9/extentreports-5.0.9.jar!/com/aventstack/extentreports/templates/spark/spark.spa.ftl"
2025-05-02 12:02:06 [DEBUG] freemarker.cache - Couldn't find template in cache for "commons/commons-variables.ftl"("en_IN", UTF-8, parsed); will try to load it.
2025-05-02 12:02:06 [DEBUG] freemarker.cache - TemplateLoader.findTemplateSource("commons/commons-variables_en_IN.ftl"): Not found
2025-05-02 12:02:06 [DEBUG] freemarker.cache - TemplateLoader.findTemplateSource("commons/commons-variables_en.ftl"): Not found
2025-05-02 12:02:06 [DEBUG] freemarker.cache - TemplateLoader.findTemplateSource("commons/commons-variables.ftl"): Found
2025-05-02 12:02:06 [DEBUG] freemarker.cache - Loading template for "commons/commons-variables.ftl"("en_IN", UTF-8, parsed) from "jar:file:/C:/Users/rengaraj/.m2/repository/com/aventstack/extentreports/5.0.9/extentreports-5.0.9.jar!/com/aventstack/extentreports/templates/commons/commons-variables.ftl"
2025-05-02 12:02:06 [DEBUG] freemarker.cache - Couldn't find template in cache for "commons/commons-macros.ftl"("en_IN", UTF-8, parsed); will try to load it.
2025-05-02 12:02:06 [DEBUG] freemarker.cache - TemplateLoader.findTemplateSource("commons/commons-macros_en_IN.ftl"): Not found
2025-05-02 12:02:06 [DEBUG] freemarker.cache - TemplateLoader.findTemplateSource("commons/commons-macros_en.ftl"): Not found
2025-05-02 12:02:06 [DEBUG] freemarker.cache - TemplateLoader.findTemplateSource("commons/commons-macros.ftl"): Found
2025-05-02 12:02:06 [DEBUG] freemarker.cache - Loading template for "commons/commons-macros.ftl"("en_IN", UTF-8, parsed) from "jar:file:/C:/Users/rengaraj/.m2/repository/com/aventstack/extentreports/5.0.9/extentreports-5.0.9.jar!/com/aventstack/extentreports/templates/commons/commons-macros.ftl"
2025-05-02 12:02:06 [DEBUG] freemarker.cache - Couldn't find template in cache for "spark/macros/attributes.ftl"("en_IN", UTF-8, parsed); will try to load it.
2025-05-02 12:02:06 [DEBUG] freemarker.cache - TemplateLoader.findTemplateSource("spark/macros/attributes_en_IN.ftl"): Not found
2025-05-02 12:02:06 [DEBUG] freemarker.cache - TemplateLoader.findTemplateSource("spark/macros/attributes_en.ftl"): Not found
2025-05-02 12:02:06 [DEBUG] freemarker.cache - TemplateLoader.findTemplateSource("spark/macros/attributes.ftl"): Found
2025-05-02 12:02:06 [DEBUG] freemarker.cache - Loading template for "spark/macros/attributes.ftl"("en_IN", UTF-8, parsed) from "jar:file:/C:/Users/rengaraj/.m2/repository/com/aventstack/extentreports/5.0.9/extentreports-5.0.9.jar!/com/aventstack/extentreports/templates/spark/macros/attributes.ftl"
2025-05-02 12:02:06 [DEBUG] freemarker.cache - Couldn't find template in cache for "spark/macros/log.ftl"("en_IN", UTF-8, parsed); will try to load it.
2025-05-02 12:02:06 [DEBUG] freemarker.cache - TemplateLoader.findTemplateSource("spark/macros/log_en_IN.ftl"): Not found
2025-05-02 12:02:06 [DEBUG] freemarker.cache - TemplateLoader.findTemplateSource("spark/macros/log_en.ftl"): Not found
2025-05-02 12:02:06 [DEBUG] freemarker.cache - TemplateLoader.findTemplateSource("spark/macros/log.ftl"): Found
2025-05-02 12:02:06 [DEBUG] freemarker.cache - Loading template for "spark/macros/log.ftl"("en_IN", UTF-8, parsed) from "jar:file:/C:/Users/rengaraj/.m2/repository/com/aventstack/extentreports/5.0.9/extentreports-5.0.9.jar!/com/aventstack/extentreports/templates/spark/macros/log.ftl"
2025-05-02 12:02:06 [DEBUG] freemarker.cache - Couldn't find template in cache for "spark/macros/recurse_nodes.ftl"("en_IN", UTF-8, parsed); will try to load it.
2025-05-02 12:02:06 [DEBUG] freemarker.cache - TemplateLoader.findTemplateSource("spark/macros/recurse_nodes_en_IN.ftl"): Not found
2025-05-02 12:02:06 [DEBUG] freemarker.cache - TemplateLoader.findTemplateSource("spark/macros/recurse_nodes_en.ftl"): Not found
2025-05-02 12:02:06 [DEBUG] freemarker.cache - TemplateLoader.findTemplateSource("spark/macros/recurse_nodes.ftl"): Found
2025-05-02 12:02:06 [DEBUG] freemarker.cache - Loading template for "spark/macros/recurse_nodes.ftl"("en_IN", UTF-8, parsed) from "jar:file:/C:/Users/rengaraj/.m2/repository/com/aventstack/extentreports/5.0.9/extentreports-5.0.9.jar!/com/aventstack/extentreports/templates/spark/macros/recurse_nodes.ftl"
2025-05-02 12:02:06 [DEBUG] freemarker.cache - "spark/macros/log.ftl"("en_IN", UTF-8, parsed) cached copy not yet stale; using cached.
2025-05-02 12:02:06 [DEBUG] freemarker.cache - Couldn't find template in cache for "spark/macros/attr-common.ftl"("en_IN", UTF-8, parsed); will try to load it.
2025-05-02 12:02:06 [DEBUG] freemarker.cache - TemplateLoader.findTemplateSource("spark/macros/attr-common_en_IN.ftl"): Not found
2025-05-02 12:02:06 [DEBUG] freemarker.cache - TemplateLoader.findTemplateSource("spark/macros/attr-common_en.ftl"): Not found
2025-05-02 12:02:06 [DEBUG] freemarker.cache - TemplateLoader.findTemplateSource("spark/macros/attr-common.ftl"): Found
2025-05-02 12:02:06 [DEBUG] freemarker.cache - Loading template for "spark/macros/attr-common.ftl"("en_IN", UTF-8, parsed) from "jar:file:/C:/Users/rengaraj/.m2/repository/com/aventstack/extentreports/5.0.9/extentreports-5.0.9.jar!/com/aventstack/extentreports/templates/spark/macros/attr-common.ftl"
2025-05-02 12:02:06 [DEBUG] freemarker.cache - Couldn't find template in cache for "spark/partials/head.ftl"("en_IN", UTF-8, parsed); will try to load it.
2025-05-02 12:02:06 [DEBUG] freemarker.cache - TemplateLoader.findTemplateSource("spark/partials/head_en_IN.ftl"): Not found
2025-05-02 12:02:06 [DEBUG] freemarker.cache - TemplateLoader.findTemplateSource("spark/partials/head_en.ftl"): Not found
2025-05-02 12:02:06 [DEBUG] freemarker.cache - TemplateLoader.findTemplateSource("spark/partials/head.ftl"): Found
2025-05-02 12:02:06 [DEBUG] freemarker.cache - Loading template for "spark/partials/head.ftl"("en_IN", UTF-8, parsed) from "jar:file:/C:/Users/rengaraj/.m2/repository/com/aventstack/extentreports/5.0.9/extentreports-5.0.9.jar!/com/aventstack/extentreports/templates/spark/partials/head.ftl"
2025-05-02 12:02:06 [DEBUG] freemarker.cache - Couldn't find template in cache for "commons/commons-inject-css.ftl"("en_IN", UTF-8, parsed); will try to load it.
2025-05-02 12:02:06 [DEBUG] freemarker.cache - TemplateLoader.findTemplateSource("commons/commons-inject-css_en_IN.ftl"): Not found
2025-05-02 12:02:06 [DEBUG] freemarker.cache - TemplateLoader.findTemplateSource("commons/commons-inject-css_en.ftl"): Not found
2025-05-02 12:02:06 [DEBUG] freemarker.cache - TemplateLoader.findTemplateSource("commons/commons-inject-css.ftl"): Found
2025-05-02 12:02:06 [DEBUG] freemarker.cache - Loading template for "commons/commons-inject-css.ftl"("en_IN", UTF-8, parsed) from "jar:file:/C:/Users/rengaraj/.m2/repository/com/aventstack/extentreports/5.0.9/extentreports-5.0.9.jar!/com/aventstack/extentreports/templates/commons/commons-inject-css.ftl"
2025-05-02 12:02:06 [DEBUG] freemarker.cache - Couldn't find template in cache for "spark/partials/navbar.ftl"("en_IN", UTF-8, parsed); will try to load it.
2025-05-02 12:02:06 [DEBUG] freemarker.cache - TemplateLoader.findTemplateSource("spark/partials/navbar_en_IN.ftl"): Not found
2025-05-02 12:02:06 [DEBUG] freemarker.cache - TemplateLoader.findTemplateSource("spark/partials/navbar_en.ftl"): Not found
2025-05-02 12:02:06 [DEBUG] freemarker.cache - TemplateLoader.findTemplateSource("spark/partials/navbar.ftl"): Found
2025-05-02 12:02:06 [DEBUG] freemarker.cache - Loading template for "spark/partials/navbar.ftl"("en_IN", UTF-8, parsed) from "jar:file:/C:/Users/rengaraj/.m2/repository/com/aventstack/extentreports/5.0.9/extentreports-5.0.9.jar!/com/aventstack/extentreports/templates/spark/partials/navbar.ftl"
2025-05-02 12:02:06 [DEBUG] freemarker.cache - Couldn't find template in cache for "spark/partials/sidenav.ftl"("en_IN", UTF-8, parsed); will try to load it.
2025-05-02 12:02:06 [DEBUG] freemarker.cache - TemplateLoader.findTemplateSource("spark/partials/sidenav_en_IN.ftl"): Not found
2025-05-02 12:02:06 [DEBUG] freemarker.cache - TemplateLoader.findTemplateSource("spark/partials/sidenav_en.ftl"): Not found
2025-05-02 12:02:06 [DEBUG] freemarker.cache - TemplateLoader.findTemplateSource("spark/partials/sidenav.ftl"): Found
2025-05-02 12:02:06 [DEBUG] freemarker.cache - Loading template for "spark/partials/sidenav.ftl"("en_IN", UTF-8, parsed) from "jar:file:/C:/Users/rengaraj/.m2/repository/com/aventstack/extentreports/5.0.9/extentreports-5.0.9.jar!/com/aventstack/extentreports/templates/spark/partials/sidenav.ftl"
2025-05-02 12:02:06 [DEBUG] freemarker.cache - Couldn't find template in cache for "spark/partials/test.ftl"("en_IN", UTF-8, parsed); will try to load it.
2025-05-02 12:02:06 [DEBUG] freemarker.cache - TemplateLoader.findTemplateSource("spark/partials/test_en_IN.ftl"): Not found
2025-05-02 12:02:06 [DEBUG] freemarker.cache - TemplateLoader.findTemplateSource("spark/partials/test_en.ftl"): Not found
2025-05-02 12:02:06 [DEBUG] freemarker.cache - TemplateLoader.findTemplateSource("spark/partials/test.ftl"): Found
2025-05-02 12:02:06 [DEBUG] freemarker.cache - Loading template for "spark/partials/test.ftl"("en_IN", UTF-8, parsed) from "jar:file:/C:/Users/rengaraj/.m2/repository/com/aventstack/extentreports/5.0.9/extentreports-5.0.9.jar!/com/aventstack/extentreports/templates/spark/partials/test.ftl"
2025-05-02 12:02:06 [DEBUG] freemarker.cache - Couldn't find template in cache for "spark/partials/standard-content.ftl"("en_IN", UTF-8, parsed); will try to load it.
2025-05-02 12:02:06 [DEBUG] freemarker.cache - TemplateLoader.findTemplateSource("spark/partials/standard-content_en_IN.ftl"): Not found
2025-05-02 12:02:06 [DEBUG] freemarker.cache - TemplateLoader.findTemplateSource("spark/partials/standard-content_en.ftl"): Not found
2025-05-02 12:02:06 [DEBUG] freemarker.cache - TemplateLoader.findTemplateSource("spark/partials/standard-content.ftl"): Found
2025-05-02 12:02:06 [DEBUG] freemarker.cache - Loading template for "spark/partials/standard-content.ftl"("en_IN", UTF-8, parsed) from "jar:file:/C:/Users/rengaraj/.m2/repository/com/aventstack/extentreports/5.0.9/extentreports-5.0.9.jar!/com/aventstack/extentreports/templates/spark/partials/standard-content.ftl"
2025-05-02 12:02:06 [DEBUG] freemarker.cache - "spark/partials/standard-content.ftl"("en_IN", UTF-8, parsed) cached copy not yet stale; using cached.
2025-05-02 12:02:06 [DEBUG] freemarker.cache - "spark/partials/standard-content.ftl"("en_IN", UTF-8, parsed) cached copy not yet stale; using cached.
2025-05-02 12:02:06 [DEBUG] freemarker.cache - "spark/partials/standard-content.ftl"("en_IN", UTF-8, parsed) cached copy not yet stale; using cached.
2025-05-02 12:02:06 [DEBUG] freemarker.cache - "spark/partials/standard-content.ftl"("en_IN", UTF-8, parsed) cached copy not yet stale; using cached.
2025-05-02 12:02:06 [DEBUG] freemarker.cache - Couldn't find template in cache for "spark/partials/exception.ftl"("en_IN", UTF-8, parsed); will try to load it.
2025-05-02 12:02:06 [DEBUG] freemarker.cache - TemplateLoader.findTemplateSource("spark/partials/exception_en_IN.ftl"): Not found
2025-05-02 12:02:06 [DEBUG] freemarker.cache - TemplateLoader.findTemplateSource("spark/partials/exception_en.ftl"): Not found
2025-05-02 12:02:06 [DEBUG] freemarker.cache - TemplateLoader.findTemplateSource("spark/partials/exception.ftl"): Found
2025-05-02 12:02:06 [DEBUG] freemarker.cache - Loading template for "spark/partials/exception.ftl"("en_IN", UTF-8, parsed) from "jar:file:/C:/Users/rengaraj/.m2/repository/com/aventstack/extentreports/5.0.9/extentreports-5.0.9.jar!/com/aventstack/extentreports/templates/spark/partials/exception.ftl"
2025-05-02 12:02:06 [DEBUG] freemarker.cache - Couldn't find template in cache for "spark/partials/category.ftl"("en_IN", UTF-8, parsed); will try to load it.
2025-05-02 12:02:06 [DEBUG] freemarker.cache - TemplateLoader.findTemplateSource("spark/partials/category_en_IN.ftl"): Not found
2025-05-02 12:02:06 [DEBUG] freemarker.cache - TemplateLoader.findTemplateSource("spark/partials/category_en.ftl"): Not found
2025-05-02 12:02:06 [DEBUG] freemarker.cache - TemplateLoader.findTemplateSource("spark/partials/category.ftl"): Found
2025-05-02 12:02:06 [DEBUG] freemarker.cache - Loading template for "spark/partials/category.ftl"("en_IN", UTF-8, parsed) from "jar:file:/C:/Users/rengaraj/.m2/repository/com/aventstack/extentreports/5.0.9/extentreports-5.0.9.jar!/com/aventstack/extentreports/templates/spark/partials/category.ftl"
2025-05-02 12:02:06 [DEBUG] freemarker.cache - Couldn't find template in cache for "spark/partials/device.ftl"("en_IN", UTF-8, parsed); will try to load it.
2025-05-02 12:02:06 [DEBUG] freemarker.cache - TemplateLoader.findTemplateSource("spark/partials/device_en_IN.ftl"): Not found
2025-05-02 12:02:06 [DEBUG] freemarker.cache - TemplateLoader.findTemplateSource("spark/partials/device_en.ftl"): Not found
2025-05-02 12:02:06 [DEBUG] freemarker.cache - TemplateLoader.findTemplateSource("spark/partials/device.ftl"): Found
2025-05-02 12:02:06 [DEBUG] freemarker.cache - Loading template for "spark/partials/device.ftl"("en_IN", UTF-8, parsed) from "jar:file:/C:/Users/rengaraj/.m2/repository/com/aventstack/extentreports/5.0.9/extentreports-5.0.9.jar!/com/aventstack/extentreports/templates/spark/partials/device.ftl"
2025-05-02 12:02:06 [DEBUG] freemarker.cache - Couldn't find template in cache for "spark/partials/author.ftl"("en_IN", UTF-8, parsed); will try to load it.
2025-05-02 12:02:06 [DEBUG] freemarker.cache - TemplateLoader.findTemplateSource("spark/partials/author_en_IN.ftl"): Not found
2025-05-02 12:02:06 [DEBUG] freemarker.cache - TemplateLoader.findTemplateSource("spark/partials/author_en.ftl"): Not found
2025-05-02 12:02:06 [DEBUG] freemarker.cache - TemplateLoader.findTemplateSource("spark/partials/author.ftl"): Found
2025-05-02 12:02:06 [DEBUG] freemarker.cache - Loading template for "spark/partials/author.ftl"("en_IN", UTF-8, parsed) from "jar:file:/C:/Users/rengaraj/.m2/repository/com/aventstack/extentreports/5.0.9/extentreports-5.0.9.jar!/com/aventstack/extentreports/templates/spark/partials/author.ftl"
2025-05-02 12:02:06 [DEBUG] freemarker.cache - Couldn't find template in cache for "spark/partials/log.ftl"("en_IN", UTF-8, parsed); will try to load it.
2025-05-02 12:02:06 [DEBUG] freemarker.cache - TemplateLoader.findTemplateSource("spark/partials/log_en_IN.ftl"): Not found
2025-05-02 12:02:06 [DEBUG] freemarker.cache - TemplateLoader.findTemplateSource("spark/partials/log_en.ftl"): Not found
2025-05-02 12:02:06 [DEBUG] freemarker.cache - TemplateLoader.findTemplateSource("spark/partials/log.ftl"): Found
2025-05-02 12:02:06 [DEBUG] freemarker.cache - Loading template for "spark/partials/log.ftl"("en_IN", UTF-8, parsed) from "jar:file:/C:/Users/rengaraj/.m2/repository/com/aventstack/extentreports/5.0.9/extentreports-5.0.9.jar!/com/aventstack/extentreports/templates/spark/partials/log.ftl"
2025-05-02 12:02:06 [DEBUG] freemarker.cache - Couldn't find template in cache for "spark/partials/dashboard.ftl"("en_IN", UTF-8, parsed); will try to load it.
2025-05-02 12:02:06 [DEBUG] freemarker.cache - TemplateLoader.findTemplateSource("spark/partials/dashboard_en_IN.ftl"): Not found
2025-05-02 12:02:06 [DEBUG] freemarker.cache - TemplateLoader.findTemplateSource("spark/partials/dashboard_en.ftl"): Not found
2025-05-02 12:02:06 [DEBUG] freemarker.cache - TemplateLoader.findTemplateSource("spark/partials/dashboard.ftl"): Found
2025-05-02 12:02:06 [DEBUG] freemarker.cache - Loading template for "spark/partials/dashboard.ftl"("en_IN", UTF-8, parsed) from "jar:file:/C:/Users/rengaraj/.m2/repository/com/aventstack/extentreports/5.0.9/extentreports-5.0.9.jar!/com/aventstack/extentreports/templates/spark/partials/dashboard.ftl"
2025-05-02 12:02:06 [DEBUG] freemarker.cache - Couldn't find template in cache for "spark/partials/scripts.ftl"("en_IN", UTF-8, parsed); will try to load it.
2025-05-02 12:02:06 [DEBUG] freemarker.cache - TemplateLoader.findTemplateSource("spark/partials/scripts_en_IN.ftl"): Not found
2025-05-02 12:02:06 [DEBUG] freemarker.cache - TemplateLoader.findTemplateSource("spark/partials/scripts_en.ftl"): Not found
2025-05-02 12:02:06 [DEBUG] freemarker.cache - TemplateLoader.findTemplateSource("spark/partials/scripts.ftl"): Found
2025-05-02 12:02:06 [DEBUG] freemarker.cache - Loading template for "spark/partials/scripts.ftl"("en_IN", UTF-8, parsed) from "jar:file:/C:/Users/rengaraj/.m2/repository/com/aventstack/extentreports/5.0.9/extentreports-5.0.9.jar!/com/aventstack/extentreports/templates/spark/partials/scripts.ftl"
2025-05-02 12:02:06 [DEBUG] freemarker.cache - Couldn't find template in cache for "commons/commons-inject-js.ftl"("en_IN", UTF-8, parsed); will try to load it.
2025-05-02 12:02:06 [DEBUG] freemarker.cache - TemplateLoader.findTemplateSource("commons/commons-inject-js_en_IN.ftl"): Not found
2025-05-02 12:02:06 [DEBUG] freemarker.cache - TemplateLoader.findTemplateSource("commons/commons-inject-js_en.ftl"): Not found
2025-05-02 12:02:06 [DEBUG] freemarker.cache - TemplateLoader.findTemplateSource("commons/commons-inject-js.ftl"): Found
2025-05-02 12:02:06 [DEBUG] freemarker.cache - Loading template for "commons/commons-inject-js.ftl"("en_IN", UTF-8, parsed) from "jar:file:/C:/Users/rengaraj/.m2/repository/com/aventstack/extentreports/5.0.9/extentreports-5.0.9.jar!/com/aventstack/extentreports/templates/commons/commons-inject-js.ftl"
2025-05-02 12:28:35 [INFO] baseclass.launchezhour - Ezhour application launch
2025-05-02 12:28:39 [INFO] baseclass.launchezhour - Ezhour apply leave page all text verification is started
2025-05-02 12:28:42 [INFO] baseclass.launchezhour - Ezhour testing is completed
2025-05-02 12:29:16 [INFO] baseclass.launchezhour - Ezhour application launch
2025-05-02 12:29:20 [INFO] baseclass.launchezhour - Ezhour apply leave page all text verification is started
2025-05-02 12:29:25 [INFO] baseclass.launchezhour - Ezhour testing is completed
2025-05-02 12:30:44 [INFO] baseclass.launchezhour - Ezhour application launch
2025-05-02 12:30:47 [INFO] baseclass.launchezhour - Ezhour apply leave page all text verification is started
2025-05-02 12:31:13 [INFO] baseclass.launchezhour - Ezhour testing is completed
2025-05-02 12:32:21 [INFO] baseclass.launchezhour - Ezhour application launch
2025-05-02 12:32:25 [INFO] baseclass.launchezhour - Ezhour login is started
2025-05-02 12:32:38 [INFO] baseclass.launchezhour - Ezhour login is completed
2025-05-02 12:32:38 [INFO] baseclass.launchezhour - Ezhour testing is completed
2025-05-02 12:32:38 [INFO] baseclass.launchezhour - Ezhour application launch
2025-05-02 12:32:41 [INFO] baseclass.launchezhour - Ezhour apply leave page testing started
2025-05-02 12:32:51 [INFO] baseclass.launchezhour - Ezhour apply leave scenario completed
2025-05-02 12:33:01 [INFO] baseclass.launchezhour - Ezhour testing is completed
2025-05-02 12:33:01 [INFO] baseclass.launchezhour - Ezhour application launch
2025-05-02 12:33:04 [INFO] baseclass.launchezhour - Ezhour apply leave page all text verification is started
2025-05-02 12:33:28 [INFO] baseclass.launchezhour - Ezhour testing is completed
2025-05-02 12:33:29 [INFO] baseclass.launchezhour - Ezhour application launch
2025-05-02 12:33:32 [INFO] baseclass.launchezhour - Ezhour half day take leave sceanrio started
2025-05-02 12:33:44 [INFO] baseclass.launchezhour - Ezhour half day leave sceanior testing is completed
2025-05-02 12:33:44 [INFO] baseclass.launchezhour - Ezhour testing is completed
2025-05-02 12:33:44 [INFO] baseclass.launchezhour - Ezhour application launch
2025-05-02 12:33:47 [INFO] baseclass.launchezhour - Ezhour leave tracker available and total leave count testing is started
2025-05-02 12:33:54 [INFO] baseclass.launchezhour - Ezhour leave tracker available and total leave count comparision is completed
2025-05-02 12:33:54 [INFO] baseclass.launchezhour - Ezhour testing is completed
2025-05-02 12:33:55 [DEBUG] freemarker.cache - Couldn't find template in cache for "spark/spark.spa.ftl"("en_IN", UTF-8, parsed); will try to load it.
2025-05-02 12:33:55 [DEBUG] freemarker.cache - TemplateLoader.findTemplateSource("spark/spark.spa_en_IN.ftl"): Not found
2025-05-02 12:33:55 [DEBUG] freemarker.cache - TemplateLoader.findTemplateSource("spark/spark.spa_en.ftl"): Not found
2025-05-02 12:33:55 [DEBUG] freemarker.cache - TemplateLoader.findTemplateSource("spark/spark.spa.ftl"): Found
2025-05-02 12:33:55 [DEBUG] freemarker.cache - Loading template for "spark/spark.spa.ftl"("en_IN", UTF-8, parsed) from "jar:file:/C:/Users/rengaraj/.m2/repository/com/aventstack/extentreports/5.0.9/extentreports-5.0.9.jar!/com/aventstack/extentreports/templates/spark/spark.spa.ftl"
2025-05-02 12:33:55 [DEBUG] freemarker.cache - Couldn't find template in cache for "commons/commons-variables.ftl"("en_IN", UTF-8, parsed); will try to load it.
2025-05-02 12:33:55 [DEBUG] freemarker.cache - TemplateLoader.findTemplateSource("commons/commons-variables_en_IN.ftl"): Not found
2025-05-02 12:33:55 [DEBUG] freemarker.cache - TemplateLoader.findTemplateSource("commons/commons-variables_en.ftl"): Not found
2025-05-02 12:33:55 [DEBUG] freemarker.cache - TemplateLoader.findTemplateSource("commons/commons-variables.ftl"): Found
2025-05-02 12:33:55 [DEBUG] freemarker.cache - Loading template for "commons/commons-variables.ftl"("en_IN", UTF-8, parsed) from "jar:file:/C:/Users/rengaraj/.m2/repository/com/aventstack/extentreports/5.0.9/extentreports-5.0.9.jar!/com/aventstack/extentreports/templates/commons/commons-variables.ftl"
2025-05-02 12:33:55 [DEBUG] freemarker.cache - Couldn't find template in cache for "commons/commons-macros.ftl"("en_IN", UTF-8, parsed); will try to load it.
2025-05-02 12:33:55 [DEBUG] freemarker.cache - TemplateLoader.findTemplateSource("commons/commons-macros_en_IN.ftl"): Not found
2025-05-02 12:33:55 [DEBUG] freemarker.cache - TemplateLoader.findTemplateSource("commons/commons-macros_en.ftl"): Not found
2025-05-02 12:33:55 [DEBUG] freemarker.cache - TemplateLoader.findTemplateSource("commons/commons-macros.ftl"): Found
2025-05-02 12:33:55 [DEBUG] freemarker.cache - Loading template for "commons/commons-macros.ftl"("en_IN", UTF-8, parsed) from "jar:file:/C:/Users/rengaraj/.m2/repository/com/aventstack/extentreports/5.0.9/extentreports-5.0.9.jar!/com/aventstack/extentreports/templates/commons/commons-macros.ftl"
2025-05-02 12:33:55 [DEBUG] freemarker.cache - Couldn't find template in cache for "spark/macros/attributes.ftl"("en_IN", UTF-8, parsed); will try to load it.
2025-05-02 12:33:55 [DEBUG] freemarker.cache - TemplateLoader.findTemplateSource("spark/macros/attributes_en_IN.ftl"): Not found
2025-05-02 12:33:55 [DEBUG] freemarker.cache - TemplateLoader.findTemplateSource("spark/macros/attributes_en.ftl"): Not found
2025-05-02 12:33:55 [DEBUG] freemarker.cache - TemplateLoader.findTemplateSource("spark/macros/attributes.ftl"): Found
2025-05-02 12:33:55 [DEBUG] freemarker.cache - Loading template for "spark/macros/attributes.ftl"("en_IN", UTF-8, parsed) from "jar:file:/C:/Users/rengaraj/.m2/repository/com/aventstack/extentreports/5.0.9/extentreports-5.0.9.jar!/com/aventstack/extentreports/templates/spark/macros/attributes.ftl"
2025-05-02 12:33:55 [DEBUG] freemarker.cache - Couldn't find template in cache for "spark/macros/log.ftl"("en_IN", UTF-8, parsed); will try to load it.
2025-05-02 12:33:55 [DEBUG] freemarker.cache - TemplateLoader.findTemplateSource("spark/macros/log_en_IN.ftl"): Not found
2025-05-02 12:33:55 [DEBUG] freemarker.cache - TemplateLoader.findTemplateSource("spark/macros/log_en.ftl"): Not found
2025-05-02 12:33:55 [DEBUG] freemarker.cache - TemplateLoader.findTemplateSource("spark/macros/log.ftl"): Found
2025-05-02 12:33:55 [DEBUG] freemarker.cache - Loading template for "spark/macros/log.ftl"("en_IN", UTF-8, parsed) from "jar:file:/C:/Users/rengaraj/.m2/repository/com/aventstack/extentreports/5.0.9/extentreports-5.0.9.jar!/com/aventstack/extentreports/templates/spark/macros/log.ftl"
2025-05-02 12:33:55 [DEBUG] freemarker.cache - Couldn't find template in cache for "spark/macros/recurse_nodes.ftl"("en_IN", UTF-8, parsed); will try to load it.
2025-05-02 12:33:55 [DEBUG] freemarker.cache - TemplateLoader.findTemplateSource("spark/macros/recurse_nodes_en_IN.ftl"): Not found
2025-05-02 12:33:55 [DEBUG] freemarker.cache - TemplateLoader.findTemplateSource("spark/macros/recurse_nodes_en.ftl"): Not found
2025-05-02 12:33:55 [DEBUG] freemarker.cache - TemplateLoader.findTemplateSource("spark/macros/recurse_nodes.ftl"): Found
2025-05-02 12:33:55 [DEBUG] freemarker.cache - Loading template for "spark/macros/recurse_nodes.ftl"("en_IN", UTF-8, parsed) from "jar:file:/C:/Users/rengaraj/.m2/repository/com/aventstack/extentreports/5.0.9/extentreports-5.0.9.jar!/com/aventstack/extentreports/templates/spark/macros/recurse_nodes.ftl"
2025-05-02 12:33:55 [DEBUG] freemarker.cache - "spark/macros/log.ftl"("en_IN", UTF-8, parsed) cached copy not yet stale; using cached.
2025-05-02 12:33:55 [DEBUG] freemarker.cache - Couldn't find template in cache for "spark/macros/attr-common.ftl"("en_IN", UTF-8, parsed); will try to load it.
2025-05-02 12:33:55 [DEBUG] freemarker.cache - TemplateLoader.findTemplateSource("spark/macros/attr-common_en_IN.ftl"): Not found
2025-05-02 12:33:55 [DEBUG] freemarker.cache - TemplateLoader.findTemplateSource("spark/macros/attr-common_en.ftl"): Not found
2025-05-02 12:33:55 [DEBUG] freemarker.cache - TemplateLoader.findTemplateSource("spark/macros/attr-common.ftl"): Found
2025-05-02 12:33:55 [DEBUG] freemarker.cache - Loading template for "spark/macros/attr-common.ftl"("en_IN", UTF-8, parsed) from "jar:file:/C:/Users/rengaraj/.m2/repository/com/aventstack/extentreports/5.0.9/extentreports-5.0.9.jar!/com/aventstack/extentreports/templates/spark/macros/attr-common.ftl"
2025-05-02 12:33:55 [DEBUG] freemarker.cache - Couldn't find template in cache for "spark/partials/head.ftl"("en_IN", UTF-8, parsed); will try to load it.
2025-05-02 12:33:55 [DEBUG] freemarker.cache - TemplateLoader.findTemplateSource("spark/partials/head_en_IN.ftl"): Not found
2025-05-02 12:33:55 [DEBUG] freemarker.cache - TemplateLoader.findTemplateSource("spark/partials/head_en.ftl"): Not found
2025-05-02 12:33:55 [DEBUG] freemarker.cache - TemplateLoader.findTemplateSource("spark/partials/head.ftl"): Found
2025-05-02 12:33:55 [DEBUG] freemarker.cache - Loading template for "spark/partials/head.ftl"("en_IN", UTF-8, parsed) from "jar:file:/C:/Users/rengaraj/.m2/repository/com/aventstack/extentreports/5.0.9/extentreports-5.0.9.jar!/com/aventstack/extentreports/templates/spark/partials/head.ftl"
2025-05-02 12:33:55 [DEBUG] freemarker.cache - Couldn't find template in cache for "commons/commons-inject-css.ftl"("en_IN", UTF-8, parsed); will try to load it.
2025-05-02 12:33:55 [DEBUG] freemarker.cache - TemplateLoader.findTemplateSource("commons/commons-inject-css_en_IN.ftl"): Not found
2025-05-02 12:33:55 [DEBUG] freemarker.cache - TemplateLoader.findTemplateSource("commons/commons-inject-css_en.ftl"): Not found
2025-05-02 12:33:55 [DEBUG] freemarker.cache - TemplateLoader.findTemplateSource("commons/commons-inject-css.ftl"): Found
2025-05-02 12:33:55 [DEBUG] freemarker.cache - Loading template for "commons/commons-inject-css.ftl"("en_IN", UTF-8, parsed) from "jar:file:/C:/Users/rengaraj/.m2/repository/com/aventstack/extentreports/5.0.9/extentreports-5.0.9.jar!/com/aventstack/extentreports/templates/commons/commons-inject-css.ftl"
2025-05-02 12:33:55 [DEBUG] freemarker.cache - Couldn't find template in cache for "spark/partials/navbar.ftl"("en_IN", UTF-8, parsed); will try to load it.
2025-05-02 12:33:55 [DEBUG] freemarker.cache - TemplateLoader.findTemplateSource("spark/partials/navbar_en_IN.ftl"): Not found
2025-05-02 12:33:55 [DEBUG] freemarker.cache - TemplateLoader.findTemplateSource("spark/partials/navbar_en.ftl"): Not found
2025-05-02 12:33:55 [DEBUG] freemarker.cache - TemplateLoader.findTemplateSource("spark/partials/navbar.ftl"): Found
2025-05-02 12:33:55 [DEBUG] freemarker.cache - Loading template for "spark/partials/navbar.ftl"("en_IN", UTF-8, parsed) from "jar:file:/C:/Users/rengaraj/.m2/repository/com/aventstack/extentreports/5.0.9/extentreports-5.0.9.jar!/com/aventstack/extentreports/templates/spark/partials/navbar.ftl"
2025-05-02 12:33:55 [DEBUG] freemarker.cache - Couldn't find template in cache for "spark/partials/sidenav.ftl"("en_IN", UTF-8, parsed); will try to load it.
2025-05-02 12:33:55 [DEBUG] freemarker.cache - TemplateLoader.findTemplateSource("spark/partials/sidenav_en_IN.ftl"): Not found
2025-05-02 12:33:55 [DEBUG] freemarker.cache - TemplateLoader.findTemplateSource("spark/partials/sidenav_en.ftl"): Not found
2025-05-02 12:33:55 [DEBUG] freemarker.cache - TemplateLoader.findTemplateSource("spark/partials/sidenav.ftl"): Found
2025-05-02 12:33:55 [DEBUG] freemarker.cache - Loading template for "spark/partials/sidenav.ftl"("en_IN", UTF-8, parsed) from "jar:file:/C:/Users/rengaraj/.m2/repository/com/aventstack/extentreports/5.0.9/extentreports-5.0.9.jar!/com/aventstack/extentreports/templates/spark/partials/sidenav.ftl"
2025-05-02 12:33:55 [DEBUG] freemarker.cache - Couldn't find template in cache for "spark/partials/test.ftl"("en_IN", UTF-8, parsed); will try to load it.
2025-05-02 12:33:55 [DEBUG] freemarker.cache - TemplateLoader.findTemplateSource("spark/partials/test_en_IN.ftl"): Not found
2025-05-02 12:33:55 [DEBUG] freemarker.cache - TemplateLoader.findTemplateSource("spark/partials/test_en.ftl"): Not found
2025-05-02 12:33:55 [DEBUG] freemarker.cache - TemplateLoader.findTemplateSource("spark/partials/test.ftl"): Found
2025-05-02 12:33:55 [DEBUG] freemarker.cache - Loading template for "spark/partials/test.ftl"("en_IN", UTF-8, parsed) from "jar:file:/C:/Users/rengaraj/.m2/repository/com/aventstack/extentreports/5.0.9/extentreports-5.0.9.jar!/com/aventstack/extentreports/templates/spark/partials/test.ftl"
2025-05-02 12:33:55 [DEBUG] freemarker.cache - Couldn't find template in cache for "spark/partials/standard-content.ftl"("en_IN", UTF-8, parsed); will try to load it.
2025-05-02 12:33:55 [DEBUG] freemarker.cache - TemplateLoader.findTemplateSource("spark/partials/standard-content_en_IN.ftl"): Not found
2025-05-02 12:33:55 [DEBUG] freemarker.cache - TemplateLoader.findTemplateSource("spark/partials/standard-content_en.ftl"): Not found
2025-05-02 12:33:55 [DEBUG] freemarker.cache - TemplateLoader.findTemplateSource("spark/partials/standard-content.ftl"): Found
2025-05-02 12:33:55 [DEBUG] freemarker.cache - Loading template for "spark/partials/standard-content.ftl"("en_IN", UTF-8, parsed) from "jar:file:/C:/Users/rengaraj/.m2/repository/com/aventstack/extentreports/5.0.9/extentreports-5.0.9.jar!/com/aventstack/extentreports/templates/spark/partials/standard-content.ftl"
2025-05-02 12:33:55 [DEBUG] freemarker.cache - "spark/partials/standard-content.ftl"("en_IN", UTF-8, parsed) cached copy not yet stale; using cached.
2025-05-02 12:33:55 [DEBUG] freemarker.cache - "spark/partials/standard-content.ftl"("en_IN", UTF-8, parsed) cached copy not yet stale; using cached.
2025-05-02 12:33:55 [DEBUG] freemarker.cache - "spark/partials/standard-content.ftl"("en_IN", UTF-8, parsed) cached copy not yet stale; using cached.
2025-05-02 12:33:55 [DEBUG] freemarker.cache - "spark/partials/standard-content.ftl"("en_IN", UTF-8, parsed) cached copy not yet stale; using cached.
2025-05-02 12:33:55 [DEBUG] freemarker.cache - Couldn't find template in cache for "spark/partials/exception.ftl"("en_IN", UTF-8, parsed); will try to load it.
2025-05-02 12:33:55 [DEBUG] freemarker.cache - TemplateLoader.findTemplateSource("spark/partials/exception_en_IN.ftl"): Not found
2025-05-02 12:33:55 [DEBUG] freemarker.cache - TemplateLoader.findTemplateSource("spark/partials/exception_en.ftl"): Not found
2025-05-02 12:33:55 [DEBUG] freemarker.cache - TemplateLoader.findTemplateSource("spark/partials/exception.ftl"): Found
2025-05-02 12:33:55 [DEBUG] freemarker.cache - Loading template for "spark/partials/exception.ftl"("en_IN", UTF-8, parsed) from "jar:file:/C:/Users/rengaraj/.m2/repository/com/aventstack/extentreports/5.0.9/extentreports-5.0.9.jar!/com/aventstack/extentreports/templates/spark/partials/exception.ftl"
2025-05-02 12:33:55 [DEBUG] freemarker.cache - Couldn't find template in cache for "spark/partials/category.ftl"("en_IN", UTF-8, parsed); will try to load it.
2025-05-02 12:33:55 [DEBUG] freemarker.cache - TemplateLoader.findTemplateSource("spark/partials/category_en_IN.ftl"): Not found
2025-05-02 12:33:55 [DEBUG] freemarker.cache - TemplateLoader.findTemplateSource("spark/partials/category_en.ftl"): Not found
2025-05-02 12:33:55 [DEBUG] freemarker.cache - TemplateLoader.findTemplateSource("spark/partials/category.ftl"): Found
2025-05-02 12:33:55 [DEBUG] freemarker.cache - Loading template for "spark/partials/category.ftl"("en_IN", UTF-8, parsed) from "jar:file:/C:/Users/rengaraj/.m2/repository/com/aventstack/extentreports/5.0.9/extentreports-5.0.9.jar!/com/aventstack/extentreports/templates/spark/partials/category.ftl"
2025-05-02 12:33:55 [DEBUG] freemarker.cache - Couldn't find template in cache for "spark/partials/device.ftl"("en_IN", UTF-8, parsed); will try to load it.
2025-05-02 12:33:55 [DEBUG] freemarker.cache - TemplateLoader.findTemplateSource("spark/partials/device_en_IN.ftl"): Not found
2025-05-02 12:33:55 [DEBUG] freemarker.cache - TemplateLoader.findTemplateSource("spark/partials/device_en.ftl"): Not found
2025-05-02 12:33:55 [DEBUG] freemarker.cache - TemplateLoader.findTemplateSource("spark/partials/device.ftl"): Found
2025-05-02 12:33:55 [DEBUG] freemarker.cache - Loading template for "spark/partials/device.ftl"("en_IN", UTF-8, parsed) from "jar:file:/C:/Users/rengaraj/.m2/repository/com/aventstack/extentreports/5.0.9/extentreports-5.0.9.jar!/com/aventstack/extentreports/templates/spark/partials/device.ftl"
2025-05-02 12:33:55 [DEBUG] freemarker.cache - Couldn't find template in cache for "spark/partials/author.ftl"("en_IN", UTF-8, parsed); will try to load it.
2025-05-02 12:33:55 [DEBUG] freemarker.cache - TemplateLoader.findTemplateSource("spark/partials/author_en_IN.ftl"): Not found
2025-05-02 12:33:55 [DEBUG] freemarker.cache - TemplateLoader.findTemplateSource("spark/partials/author_en.ftl"): Not found
2025-05-02 12:33:55 [DEBUG] freemarker.cache - TemplateLoader.findTemplateSource("spark/partials/author.ftl"): Found
2025-05-02 12:33:55 [DEBUG] freemarker.cache - Loading template for "spark/partials/author.ftl"("en_IN", UTF-8, parsed) from "jar:file:/C:/Users/rengaraj/.m2/repository/com/aventstack/extentreports/5.0.9/extentreports-5.0.9.jar!/com/aventstack/extentreports/templates/spark/partials/author.ftl"
2025-05-02 12:33:55 [DEBUG] freemarker.cache - Couldn't find template in cache for "spark/partials/log.ftl"("en_IN", UTF-8, parsed); will try to load it.
2025-05-02 12:33:55 [DEBUG] freemarker.cache - TemplateLoader.findTemplateSource("spark/partials/log_en_IN.ftl"): Not found
2025-05-02 12:33:55 [DEBUG] freemarker.cache - TemplateLoader.findTemplateSource("spark/partials/log_en.ftl"): Not found
2025-05-02 12:33:55 [DEBUG] freemarker.cache - TemplateLoader.findTemplateSource("spark/partials/log.ftl"): Found
2025-05-02 12:33:55 [DEBUG] freemarker.cache - Loading template for "spark/partials/log.ftl"("en_IN", UTF-8, parsed) from "jar:file:/C:/Users/rengaraj/.m2/repository/com/aventstack/extentreports/5.0.9/extentreports-5.0.9.jar!/com/aventstack/extentreports/templates/spark/partials/log.ftl"
2025-05-02 12:33:55 [DEBUG] freemarker.cache - Couldn't find template in cache for "spark/partials/dashboard.ftl"("en_IN", UTF-8, parsed); will try to load it.
2025-05-02 12:33:55 [DEBUG] freemarker.cache - TemplateLoader.findTemplateSource("spark/partials/dashboard_en_IN.ftl"): Not found
2025-05-02 12:33:55 [DEBUG] freemarker.cache - TemplateLoader.findTemplateSource("spark/partials/dashboard_en.ftl"): Not found
2025-05-02 12:33:55 [DEBUG] freemarker.cache - TemplateLoader.findTemplateSource("spark/partials/dashboard.ftl"): Found
2025-05-02 12:33:55 [DEBUG] freemarker.cache - Loading template for "spark/partials/dashboard.ftl"("en_IN", UTF-8, parsed) from "jar:file:/C:/Users/rengaraj/.m2/repository/com/aventstack/extentreports/5.0.9/extentreports-5.0.9.jar!/com/aventstack/extentreports/templates/spark/partials/dashboard.ftl"
2025-05-02 12:33:55 [DEBUG] freemarker.cache - Couldn't find template in cache for "spark/partials/scripts.ftl"("en_IN", UTF-8, parsed); will try to load it.
2025-05-02 12:33:55 [DEBUG] freemarker.cache - TemplateLoader.findTemplateSource("spark/partials/scripts_en_IN.ftl"): Not found
2025-05-02 12:33:55 [DEBUG] freemarker.cache - TemplateLoader.findTemplateSource("spark/partials/scripts_en.ftl"): Not found
2025-05-02 12:33:55 [DEBUG] freemarker.cache - TemplateLoader.findTemplateSource("spark/partials/scripts.ftl"): Found
2025-05-02 12:33:55 [DEBUG] freemarker.cache - Loading template for "spark/partials/scripts.ftl"("en_IN", UTF-8, parsed) from "jar:file:/C:/Users/rengaraj/.m2/repository/com/aventstack/extentreports/5.0.9/extentreports-5.0.9.jar!/com/aventstack/extentreports/templates/spark/partials/scripts.ftl"
2025-05-02 12:33:55 [DEBUG] freemarker.cache - Couldn't find template in cache for "commons/commons-inject-js.ftl"("en_IN", UTF-8, parsed); will try to load it.
2025-05-02 12:33:55 [DEBUG] freemarker.cache - TemplateLoader.findTemplateSource("commons/commons-inject-js_en_IN.ftl"): Not found
2025-05-02 12:33:55 [DEBUG] freemarker.cache - TemplateLoader.findTemplateSource("commons/commons-inject-js_en.ftl"): Not found
2025-05-02 12:33:55 [DEBUG] freemarker.cache - TemplateLoader.findTemplateSource("commons/commons-inject-js.ftl"): Found
2025-05-02 12:33:55 [DEBUG] freemarker.cache - Loading template for "commons/commons-inject-js.ftl"("en_IN", UTF-8, parsed) from "jar:file:/C:/Users/rengaraj/.m2/repository/com/aventstack/extentreports/5.0.9/extentreports-5.0.9.jar!/com/aventstack/extentreports/templates/commons/commons-inject-js.ftl"
2025-05-02 17:17:59 [INFO] baseclass.launchezhour - Ezhour application launch
2025-05-02 17:18:04 [INFO] baseclass.launchezhour - Ezhour testing is completed
2025-05-02 17:19:53 [INFO] baseclass.launchezhour - Ezhour application launch
2025-05-02 17:19:57 [INFO] baseclass.launchezhour - Ezhour testing is completed
2025-05-02 17:25:28 [INFO] baseclass.launchezhour - Ezhour application launch
2025-05-02 17:25:32 [INFO] baseclass.launchezhour - Ezhour testing is completed
2025-05-02 17:25:56 [INFO] baseclass.launchezhour - Ezhour application launch
2025-05-02 17:26:00 [INFO] baseclass.launchezhour - Ezhour testing is completed
2025-05-02 17:31:14 [INFO] baseclass.launchezhour - Ezhour application launch
2025-05-02 17:31:23 [INFO] baseclass.launchezhour - Ezhour testing is completed
2025-05-02 17:37:27 [INFO] baseclass.launchezhour - Ezhour application launch
2025-05-02 17:37:52 [INFO] baseclass.launchezhour - Ezhour testing is completed
2025-05-02 17:39:49 [INFO] baseclass.launchezhour - Ezhour application launch
2025-05-02 17:39:57 [INFO] baseclass.launchezhour - Ezhour testing is completed
2025-05-02 17:41:34 [INFO] baseclass.launchezhour - Ezhour application launch
2025-05-02 17:41:42 [INFO] baseclass.launchezhour - Ezhour testing is completed
2025-05-02 17:43:30 [INFO] baseclass.launchezhour - Ezhour application launch
2025-05-02 17:43:36 [INFO] baseclass.launchezhour - Ezhour testing is completed
2025-05-02 17:44:23 [INFO] baseclass.launchezhour - Ezhour application launch
2025-05-02 17:44:47 [INFO] baseclass.launchezhour - Ezhour testing is completed
2025-05-02 17:46:45 [INFO] baseclass.launchezhour - Ezhour application launch
2025-05-02 17:47:08 [INFO] baseclass.launchezhour - Ezhour testing is completed
2025-05-02 17:48:17 [INFO] baseclass.launchezhour - Ezhour application launch
2025-05-02 17:48:41 [INFO] baseclass.launchezhour - Ezhour testing is completed
2025-05-02 17:50:07 [INFO] baseclass.launchezhour - Ezhour application launch
2025-05-02 17:50:12 [INFO] baseclass.launchezhour - Ezhour testing is completed
2025-05-02 17:53:15 [INFO] baseclass.launchezhour - Ezhour application launch
2025-05-02 17:53:37 [INFO] baseclass.launchezhour - Ezhour testing is completed
2025-05-02 17:55:35 [INFO] baseclass.launchezhour - Ezhour application launch
2025-05-02 17:56:02 [INFO] baseclass.launchezhour - Ezhour testing is completed
2025-05-02 17:57:41 [INFO] baseclass.launchezhour - Ezhour application launch
2025-05-02 17:58:01 [INFO] baseclass.launchezhour - Ezhour testing is completed
2025-05-02 22:01:36 [INFO] baseclass.launchezhour - Ezhour application launch
2025-05-02 22:01:47 [INFO] baseclass.launchezhour - Ezhour login is started
2025-05-02 22:02:01 [INFO] baseclass.launchezhour - Ezhour login is completed
2025-05-02 22:02:01 [INFO] baseclass.launchezhour - Ezhour testing is completed
2025-05-02 22:02:02 [INFO] baseclass.launchezhour - Ezhour application launch
2025-05-02 22:02:17 [INFO] baseclass.launchezhour - Ezhour apply leave page testing started
2025-05-02 22:02:34 [INFO] baseclass.launchezhour - Ezhour apply leave scenario completed
2025-05-02 22:02:44 [INFO] baseclass.launchezhour - Ezhour testing is completed
2025-05-02 22:02:44 [INFO] baseclass.launchezhour - Ezhour application launch
2025-05-02 22:02:51 [INFO] baseclass.launchezhour - Ezhour apply leave page all text verification is started
2025-05-02 22:03:07 [INFO] baseclass.launchezhour - Ezhour apply leave page all text verfication is completed
2025-05-02 22:03:07 [INFO] baseclass.launchezhour - Ezhour testing is completed
2025-05-02 22:03:08 [INFO] baseclass.launchezhour - Ezhour application launch
2025-05-02 22:03:12 [INFO] baseclass.launchezhour - Ezhour half day take leave sceanrio started
2025-05-02 22:03:28 [INFO] baseclass.launchezhour - Ezhour half day leave sceanior testing is completed
2025-05-02 22:03:28 [INFO] baseclass.launchezhour - Ezhour testing is completed
2025-05-02 22:03:28 [INFO] baseclass.launchezhour - Ezhour application launch
2025-05-02 22:03:38 [INFO] baseclass.launchezhour - Ezhour leave tracker available and total leave count testing is started
2025-05-02 22:03:51 [INFO] baseclass.launchezhour - Ezhour leave tracker available and total leave count comparision is completed
2025-05-02 22:03:51 [INFO] baseclass.launchezhour - Ezhour testing is completed
2025-05-02 22:03:52 [DEBUG] freemarker.cache - Couldn't find template in cache for "spark/spark.spa.ftl"("en_IN", UTF-8, parsed); will try to load it.
2025-05-02 22:03:52 [DEBUG] freemarker.cache - TemplateLoader.findTemplateSource("spark/spark.spa_en_IN.ftl"): Not found
2025-05-02 22:03:52 [DEBUG] freemarker.cache - TemplateLoader.findTemplateSource("spark/spark.spa_en.ftl"): Not found
2025-05-02 22:03:52 [DEBUG] freemarker.cache - TemplateLoader.findTemplateSource("spark/spark.spa.ftl"): Found
2025-05-02 22:03:52 [DEBUG] freemarker.cache - Loading template for "spark/spark.spa.ftl"("en_IN", UTF-8, parsed) from "jar:file:/C:/Users/rengaraj/.m2/repository/com/aventstack/extentreports/5.0.9/extentreports-5.0.9.jar!/com/aventstack/extentreports/templates/spark/spark.spa.ftl"
2025-05-02 22:03:52 [DEBUG] freemarker.cache - Couldn't find template in cache for "commons/commons-variables.ftl"("en_IN", UTF-8, parsed); will try to load it.
2025-05-02 22:03:52 [DEBUG] freemarker.cache - TemplateLoader.findTemplateSource("commons/commons-variables_en_IN.ftl"): Not found
2025-05-02 22:03:52 [DEBUG] freemarker.cache - TemplateLoader.findTemplateSource("commons/commons-variables_en.ftl"): Not found
2025-05-02 22:03:52 [DEBUG] freemarker.cache - TemplateLoader.findTemplateSource("commons/commons-variables.ftl"): Found
2025-05-02 22:03:52 [DEBUG] freemarker.cache - Loading template for "commons/commons-variables.ftl"("en_IN", UTF-8, parsed) from "jar:file:/C:/Users/rengaraj/.m2/repository/com/aventstack/extentreports/5.0.9/extentreports-5.0.9.jar!/com/aventstack/extentreports/templates/commons/commons-variables.ftl"
2025-05-02 22:03:52 [DEBUG] freemarker.cache - Couldn't find template in cache for "commons/commons-macros.ftl"("en_IN", UTF-8, parsed); will try to load it.
2025-05-02 22:03:52 [DEBUG] freemarker.cache - TemplateLoader.findTemplateSource("commons/commons-macros_en_IN.ftl"): Not found
2025-05-02 22:03:52 [DEBUG] freemarker.cache - TemplateLoader.findTemplateSource("commons/commons-macros_en.ftl"): Not found
2025-05-02 22:03:52 [DEBUG] freemarker.cache - TemplateLoader.findTemplateSource("commons/commons-macros.ftl"): Found
2025-05-02 22:03:52 [DEBUG] freemarker.cache - Loading template for "commons/commons-macros.ftl"("en_IN", UTF-8, parsed) from "jar:file:/C:/Users/rengaraj/.m2/repository/com/aventstack/extentreports/5.0.9/extentreports-5.0.9.jar!/com/aventstack/extentreports/templates/commons/commons-macros.ftl"
2025-05-02 22:03:52 [DEBUG] freemarker.cache - Couldn't find template in cache for "spark/macros/attributes.ftl"("en_IN", UTF-8, parsed); will try to load it.
2025-05-02 22:03:52 [DEBUG] freemarker.cache - TemplateLoader.findTemplateSource("spark/macros/attributes_en_IN.ftl"): Not found
2025-05-02 22:03:52 [DEBUG] freemarker.cache - TemplateLoader.findTemplateSource("spark/macros/attributes_en.ftl"): Not found
2025-05-02 22:03:52 [DEBUG] freemarker.cache - TemplateLoader.findTemplateSource("spark/macros/attributes.ftl"): Found
2025-05-02 22:03:52 [DEBUG] freemarker.cache - Loading template for "spark/macros/attributes.ftl"("en_IN", UTF-8, parsed) from "jar:file:/C:/Users/rengaraj/.m2/repository/com/aventstack/extentreports/5.0.9/extentreports-5.0.9.jar!/com/aventstack/extentreports/templates/spark/macros/attributes.ftl"
2025-05-02 22:03:52 [DEBUG] freemarker.cache - Couldn't find template in cache for "spark/macros/log.ftl"("en_IN", UTF-8, parsed); will try to load it.
2025-05-02 22:03:52 [DEBUG] freemarker.cache - TemplateLoader.findTemplateSource("spark/macros/log_en_IN.ftl"): Not found
2025-05-02 22:03:52 [DEBUG] freemarker.cache - TemplateLoader.findTemplateSource("spark/macros/log_en.ftl"): Not found
2025-05-02 22:03:52 [DEBUG] freemarker.cache - TemplateLoader.findTemplateSource("spark/macros/log.ftl"): Found
2025-05-02 22:03:52 [DEBUG] freemarker.cache - Loading template for "spark/macros/log.ftl"("en_IN", UTF-8, parsed) from "jar:file:/C:/Users/rengaraj/.m2/repository/com/aventstack/extentreports/5.0.9/extentreports-5.0.9.jar!/com/aventstack/extentreports/templates/spark/macros/log.ftl"
2025-05-02 22:03:52 [DEBUG] freemarker.cache - Couldn't find template in cache for "spark/macros/recurse_nodes.ftl"("en_IN", UTF-8, parsed); will try to load it.
2025-05-02 22:03:52 [DEBUG] freemarker.cache - TemplateLoader.findTemplateSource("spark/macros/recurse_nodes_en_IN.ftl"): Not found
2025-05-02 22:03:52 [DEBUG] freemarker.cache - TemplateLoader.findTemplateSource("spark/macros/recurse_nodes_en.ftl"): Not found
2025-05-02 22:03:52 [DEBUG] freemarker.cache - TemplateLoader.findTemplateSource("spark/macros/recurse_nodes.ftl"): Found
2025-05-02 22:03:52 [DEBUG] freemarker.cache - Loading template for "spark/macros/recurse_nodes.ftl"("en_IN", UTF-8, parsed) from "jar:file:/C:/Users/rengaraj/.m2/repository/com/aventstack/extentreports/5.0.9/extentreports-5.0.9.jar!/com/aventstack/extentreports/templates/spark/macros/recurse_nodes.ftl"
2025-05-02 22:03:52 [DEBUG] freemarker.cache - "spark/macros/log.ftl"("en_IN", UTF-8, parsed) cached copy not yet stale; using cached.
2025-05-02 22:03:52 [DEBUG] freemarker.cache - Couldn't find template in cache for "spark/macros/attr-common.ftl"("en_IN", UTF-8, parsed); will try to load it.
2025-05-02 22:03:52 [DEBUG] freemarker.cache - TemplateLoader.findTemplateSource("spark/macros/attr-common_en_IN.ftl"): Not found
2025-05-02 22:03:52 [DEBUG] freemarker.cache - TemplateLoader.findTemplateSource("spark/macros/attr-common_en.ftl"): Not found
2025-05-02 22:03:52 [DEBUG] freemarker.cache - TemplateLoader.findTemplateSource("spark/macros/attr-common.ftl"): Found
2025-05-02 22:03:52 [DEBUG] freemarker.cache - Loading template for "spark/macros/attr-common.ftl"("en_IN", UTF-8, parsed) from "jar:file:/C:/Users/rengaraj/.m2/repository/com/aventstack/extentreports/5.0.9/extentreports-5.0.9.jar!/com/aventstack/extentreports/templates/spark/macros/attr-common.ftl"
2025-05-02 22:03:52 [DEBUG] freemarker.cache - Couldn't find template in cache for "spark/partials/head.ftl"("en_IN", UTF-8, parsed); will try to load it.
2025-05-02 22:03:52 [DEBUG] freemarker.cache - TemplateLoader.findTemplateSource("spark/partials/head_en_IN.ftl"): Not found
2025-05-02 22:03:52 [DEBUG] freemarker.cache - TemplateLoader.findTemplateSource("spark/partials/head_en.ftl"): Not found
2025-05-02 22:03:52 [DEBUG] freemarker.cache - TemplateLoader.findTemplateSource("spark/partials/head.ftl"): Found
2025-05-02 22:03:52 [DEBUG] freemarker.cache - Loading template for "spark/partials/head.ftl"("en_IN", UTF-8, parsed) from "jar:file:/C:/Users/rengaraj/.m2/repository/com/aventstack/extentreports/5.0.9/extentreports-5.0.9.jar!/com/aventstack/extentreports/templates/spark/partials/head.ftl"
2025-05-02 22:03:52 [DEBUG] freemarker.cache - Couldn't find template in cache for "commons/commons-inject-css.ftl"("en_IN", UTF-8, parsed); will try to load it.
2025-05-02 22:03:52 [DEBUG] freemarker.cache - TemplateLoader.findTemplateSource("commons/commons-inject-css_en_IN.ftl"): Not found
2025-05-02 22:03:52 [DEBUG] freemarker.cache - TemplateLoader.findTemplateSource("commons/commons-inject-css_en.ftl"): Not found
2025-05-02 22:03:52 [DEBUG] freemarker.cache - TemplateLoader.findTemplateSource("commons/commons-inject-css.ftl"): Found
2025-05-02 22:03:52 [DEBUG] freemarker.cache - Loading template for "commons/commons-inject-css.ftl"("en_IN", UTF-8, parsed) from "jar:file:/C:/Users/rengaraj/.m2/repository/com/aventstack/extentreports/5.0.9/extentreports-5.0.9.jar!/com/aventstack/extentreports/templates/commons/commons-inject-css.ftl"
2025-05-02 22:03:52 [DEBUG] freemarker.cache - Couldn't find template in cache for "spark/partials/navbar.ftl"("en_IN", UTF-8, parsed); will try to load it.
2025-05-02 22:03:52 [DEBUG] freemarker.cache - TemplateLoader.findTemplateSource("spark/partials/navbar_en_IN.ftl"): Not found
2025-05-02 22:03:52 [DEBUG] freemarker.cache - TemplateLoader.findTemplateSource("spark/partials/navbar_en.ftl"): Not found
2025-05-02 22:03:52 [DEBUG] freemarker.cache - TemplateLoader.findTemplateSource("spark/partials/navbar.ftl"): Found
2025-05-02 22:03:52 [DEBUG] freemarker.cache - Loading template for "spark/partials/navbar.ftl"("en_IN", UTF-8, parsed) from "jar:file:/C:/Users/rengaraj/.m2/repository/com/aventstack/extentreports/5.0.9/extentreports-5.0.9.jar!/com/aventstack/extentreports/templates/spark/partials/navbar.ftl"
2025-05-02 22:03:52 [DEBUG] freemarker.cache - Couldn't find template in cache for "spark/partials/sidenav.ftl"("en_IN", UTF-8, parsed); will try to load it.
2025-05-02 22:03:52 [DEBUG] freemarker.cache - TemplateLoader.findTemplateSource("spark/partials/sidenav_en_IN.ftl"): Not found
2025-05-02 22:03:52 [DEBUG] freemarker.cache - TemplateLoader.findTemplateSource("spark/partials/sidenav_en.ftl"): Not found
2025-05-02 22:03:52 [DEBUG] freemarker.cache - TemplateLoader.findTemplateSource("spark/partials/sidenav.ftl"): Found
2025-05-02 22:03:52 [DEBUG] freemarker.cache - Loading template for "spark/partials/sidenav.ftl"("en_IN", UTF-8, parsed) from "jar:file:/C:/Users/rengaraj/.m2/repository/com/aventstack/extentreports/5.0.9/extentreports-5.0.9.jar!/com/aventstack/extentreports/templates/spark/partials/sidenav.ftl"
2025-05-02 22:03:52 [DEBUG] freemarker.cache - Couldn't find template in cache for "spark/partials/test.ftl"("en_IN", UTF-8, parsed); will try to load it.
2025-05-02 22:03:52 [DEBUG] freemarker.cache - TemplateLoader.findTemplateSource("spark/partials/test_en_IN.ftl"): Not found
2025-05-02 22:03:52 [DEBUG] freemarker.cache - TemplateLoader.findTemplateSource("spark/partials/test_en.ftl"): Not found
2025-05-02 22:03:52 [DEBUG] freemarker.cache - TemplateLoader.findTemplateSource("spark/partials/test.ftl"): Found
2025-05-02 22:03:52 [DEBUG] freemarker.cache - Loading template for "spark/partials/test.ftl"("en_IN", UTF-8, parsed) from "jar:file:/C:/Users/rengaraj/.m2/repository/com/aventstack/extentreports/5.0.9/extentreports-5.0.9.jar!/com/aventstack/extentreports/templates/spark/partials/test.ftl"
2025-05-02 22:03:52 [DEBUG] freemarker.cache - Couldn't find template in cache for "spark/partials/standard-content.ftl"("en_IN", UTF-8, parsed); will try to load it.
2025-05-02 22:03:52 [DEBUG] freemarker.cache - TemplateLoader.findTemplateSource("spark/partials/standard-content_en_IN.ftl"): Not found
2025-05-02 22:03:52 [DEBUG] freemarker.cache - TemplateLoader.findTemplateSource("spark/partials/standard-content_en.ftl"): Not found
2025-05-02 22:03:52 [DEBUG] freemarker.cache - TemplateLoader.findTemplateSource("spark/partials/standard-content.ftl"): Found
2025-05-02 22:03:52 [DEBUG] freemarker.cache - Loading template for "spark/partials/standard-content.ftl"("en_IN", UTF-8, parsed) from "jar:file:/C:/Users/rengaraj/.m2/repository/com/aventstack/extentreports/5.0.9/extentreports-5.0.9.jar!/com/aventstack/extentreports/templates/spark/partials/standard-content.ftl"
2025-05-02 22:03:52 [DEBUG] freemarker.cache - "spark/partials/standard-content.ftl"("en_IN", UTF-8, parsed) cached copy not yet stale; using cached.
2025-05-02 22:03:52 [DEBUG] freemarker.cache - "spark/partials/standard-content.ftl"("en_IN", UTF-8, parsed) cached copy not yet stale; using cached.
2025-05-02 22:03:52 [DEBUG] freemarker.cache - "spark/partials/standard-content.ftl"("en_IN", UTF-8, parsed) cached copy not yet stale; using cached.
2025-05-02 22:03:52 [DEBUG] freemarker.cache - "spark/partials/standard-content.ftl"("en_IN", UTF-8, parsed) cached copy not yet stale; using cached.
2025-05-02 22:03:52 [DEBUG] freemarker.cache - Couldn't find template in cache for "spark/partials/exception.ftl"("en_IN", UTF-8, parsed); will try to load it.
2025-05-02 22:03:52 [DEBUG] freemarker.cache - TemplateLoader.findTemplateSource("spark/partials/exception_en_IN.ftl"): Not found
2025-05-02 22:03:52 [DEBUG] freemarker.cache - TemplateLoader.findTemplateSource("spark/partials/exception_en.ftl"): Not found
2025-05-02 22:03:52 [DEBUG] freemarker.cache - TemplateLoader.findTemplateSource("spark/partials/exception.ftl"): Found
2025-05-02 22:03:52 [DEBUG] freemarker.cache - Loading template for "spark/partials/exception.ftl"("en_IN", UTF-8, parsed) from "jar:file:/C:/Users/rengaraj/.m2/repository/com/aventstack/extentreports/5.0.9/extentreports-5.0.9.jar!/com/aventstack/extentreports/templates/spark/partials/exception.ftl"
2025-05-02 22:03:52 [DEBUG] freemarker.cache - Couldn't find template in cache for "spark/partials/category.ftl"("en_IN", UTF-8, parsed); will try to load it.
2025-05-02 22:03:52 [DEBUG] freemarker.cache - TemplateLoader.findTemplateSource("spark/partials/category_en_IN.ftl"): Not found
2025-05-02 22:03:52 [DEBUG] freemarker.cache - TemplateLoader.findTemplateSource("spark/partials/category_en.ftl"): Not found
2025-05-02 22:03:52 [DEBUG] freemarker.cache - TemplateLoader.findTemplateSource("spark/partials/category.ftl"): Found
2025-05-02 22:03:52 [DEBUG] freemarker.cache - Loading template for "spark/partials/category.ftl"("en_IN", UTF-8, parsed) from "jar:file:/C:/Users/rengaraj/.m2/repository/com/aventstack/extentreports/5.0.9/extentreports-5.0.9.jar!/com/aventstack/extentreports/templates/spark/partials/category.ftl"
2025-05-02 22:03:52 [DEBUG] freemarker.cache - Couldn't find template in cache for "spark/partials/device.ftl"("en_IN", UTF-8, parsed); will try to load it.
2025-05-02 22:03:52 [DEBUG] freemarker.cache - TemplateLoader.findTemplateSource("spark/partials/device_en_IN.ftl"): Not found
2025-05-02 22:03:52 [DEBUG] freemarker.cache - TemplateLoader.findTemplateSource("spark/partials/device_en.ftl"): Not found
2025-05-02 22:03:52 [DEBUG] freemarker.cache - TemplateLoader.findTemplateSource("spark/partials/device.ftl"): Found
2025-05-02 22:03:52 [DEBUG] freemarker.cache - Loading template for "spark/partials/device.ftl"("en_IN", UTF-8, parsed) from "jar:file:/C:/Users/rengaraj/.m2/repository/com/aventstack/extentreports/5.0.9/extentreports-5.0.9.jar!/com/aventstack/extentreports/templates/spark/partials/device.ftl"
2025-05-02 22:03:52 [DEBUG] freemarker.cache - Couldn't find template in cache for "spark/partials/author.ftl"("en_IN", UTF-8, parsed); will try to load it.
2025-05-02 22:03:52 [DEBUG] freemarker.cache - TemplateLoader.findTemplateSource("spark/partials/author_en_IN.ftl"): Not found
2025-05-02 22:03:52 [DEBUG] freemarker.cache - TemplateLoader.findTemplateSource("spark/partials/author_en.ftl"): Not found
2025-05-02 22:03:52 [DEBUG] freemarker.cache - TemplateLoader.findTemplateSource("spark/partials/author.ftl"): Found
2025-05-02 22:03:52 [DEBUG] freemarker.cache - Loading template for "spark/partials/author.ftl"("en_IN", UTF-8, parsed) from "jar:file:/C:/Users/rengaraj/.m2/repository/com/aventstack/extentreports/5.0.9/extentreports-5.0.9.jar!/com/aventstack/extentreports/templates/spark/partials/author.ftl"
2025-05-02 22:03:52 [DEBUG] freemarker.cache - Couldn't find template in cache for "spark/partials/log.ftl"("en_IN", UTF-8, parsed); will try to load it.
2025-05-02 22:03:52 [DEBUG] freemarker.cache - TemplateLoader.findTemplateSource("spark/partials/log_en_IN.ftl"): Not found
2025-05-02 22:03:52 [DEBUG] freemarker.cache - TemplateLoader.findTemplateSource("spark/partials/log_en.ftl"): Not found
2025-05-02 22:03:52 [DEBUG] freemarker.cache - TemplateLoader.findTemplateSource("spark/partials/log.ftl"): Found
2025-05-02 22:03:52 [DEBUG] freemarker.cache - Loading template for "spark/partials/log.ftl"("en_IN", UTF-8, parsed) from "jar:file:/C:/Users/rengaraj/.m2/repository/com/aventstack/extentreports/5.0.9/extentreports-5.0.9.jar!/com/aventstack/extentreports/templates/spark/partials/log.ftl"
2025-05-02 22:03:52 [DEBUG] freemarker.cache - Couldn't find template in cache for "spark/partials/dashboard.ftl"("en_IN", UTF-8, parsed); will try to load it.
2025-05-02 22:03:52 [DEBUG] freemarker.cache - TemplateLoader.findTemplateSource("spark/partials/dashboard_en_IN.ftl"): Not found
2025-05-02 22:03:52 [DEBUG] freemarker.cache - TemplateLoader.findTemplateSource("spark/partials/dashboard_en.ftl"): Not found
2025-05-02 22:03:52 [DEBUG] freemarker.cache - TemplateLoader.findTemplateSource("spark/partials/dashboard.ftl"): Found
2025-05-02 22:03:52 [DEBUG] freemarker.cache - Loading template for "spark/partials/dashboard.ftl"("en_IN", UTF-8, parsed) from "jar:file:/C:/Users/rengaraj/.m2/repository/com/aventstack/extentreports/5.0.9/extentreports-5.0.9.jar!/com/aventstack/extentreports/templates/spark/partials/dashboard.ftl"
2025-05-02 22:03:53 [DEBUG] freemarker.cache - Couldn't find template in cache for "spark/partials/scripts.ftl"("en_IN", UTF-8, parsed); will try to load it.
2025-05-02 22:03:53 [DEBUG] freemarker.cache - TemplateLoader.findTemplateSource("spark/partials/scripts_en_IN.ftl"): Not found
2025-05-02 22:03:53 [DEBUG] freemarker.cache - TemplateLoader.findTemplateSource("spark/partials/scripts_en.ftl"): Not found
2025-05-02 22:03:53 [DEBUG] freemarker.cache - TemplateLoader.findTemplateSource("spark/partials/scripts.ftl"): Found
2025-05-02 22:03:53 [DEBUG] freemarker.cache - Loading template for "spark/partials/scripts.ftl"("en_IN", UTF-8, parsed) from "jar:file:/C:/Users/rengaraj/.m2/repository/com/aventstack/extentreports/5.0.9/extentreports-5.0.9.jar!/com/aventstack/extentreports/templates/spark/partials/scripts.ftl"
2025-05-02 22:03:53 [DEBUG] freemarker.cache - Couldn't find template in cache for "commons/commons-inject-js.ftl"("en_IN", UTF-8, parsed); will try to load it.
2025-05-02 22:03:53 [DEBUG] freemarker.cache - TemplateLoader.findTemplateSource("commons/commons-inject-js_en_IN.ftl"): Not found
2025-05-02 22:03:53 [DEBUG] freemarker.cache - TemplateLoader.findTemplateSource("commons/commons-inject-js_en.ftl"): Not found
2025-05-02 22:03:53 [DEBUG] freemarker.cache - TemplateLoader.findTemplateSource("commons/commons-inject-js.ftl"): Found
2025-05-02 22:03:53 [DEBUG] freemarker.cache - Loading template for "commons/commons-inject-js.ftl"("en_IN", UTF-8, parsed) from "jar:file:/C:/Users/rengaraj/.m2/repository/com/aventstack/extentreports/5.0.9/extentreports-5.0.9.jar!/com/aventstack/extentreports/templates/commons/commons-inject-js.ftl"
2025-05-05 09:59:26 [INFO] baseclass.launchezhour - Ezhour application launch
2025-05-05 09:59:42 [INFO] baseclass.launchezhour - Ezhour testing is completed
2025-05-05 10:46:32 [INFO] baseclass.launchezhour - Ezhour application launch
2025-05-05 10:46:46 [INFO] baseclass.launchezhour - Ezhour testing is completed
2025-05-05 10:48:16 [INFO] baseclass.launchezhour - Ezhour application launch
2025-05-05 10:48:30 [INFO] baseclass.launchezhour - Ezhour testing is completed
2025-05-05 10:51:00 [INFO] baseclass.launchezhour - Ezhour application launch
2025-05-05 10:51:14 [INFO] baseclass.launchezhour - Ezhour testing is completed
2025-05-05 10:53:12 [INFO] baseclass.launchezhour - Ezhour application launch
2025-05-05 10:53:25 [INFO] baseclass.launchezhour - Ezhour testing is completed
2025-05-05 10:53:55 [INFO] baseclass.launchezhour - Ezhour application launch
2025-05-05 10:54:13 [INFO] baseclass.launchezhour - Ezhour testing is completed
2025-05-05 10:56:54 [INFO] baseclass.launchezhour - Ezhour application launch
2025-05-05 10:57:14 [INFO] baseclass.launchezhour - Ezhour testing is completed
2025-05-05 10:59:30 [INFO] baseclass.launchezhour - Ezhour application launch
2025-05-05 10:59:49 [INFO] baseclass.launchezhour - Ezhour testing is completed
2025-05-05 11:49:33 [INFO] baseclass.launchezhour - Ezhour application launch
2025-05-05 11:50:08 [INFO] baseclass.launchezhour - Ezhour testing is completed
2025-05-05 11:52:16 [INFO] baseclass.launchezhour - Ezhour application launch
2025-05-05 11:52:44 [INFO] baseclass.launchezhour - Ezhour testing is completed
2025-05-05 11:59:10 [INFO] baseclass.launchezhour - Ezhour application launch
2025-05-05 11:59:36 [INFO] baseclass.launchezhour - Ezhour testing is completed
2025-05-05 12:29:39 [INFO] baseclass.launchezhour - Ezhour application launch
2025-05-05 12:30:06 [INFO] baseclass.launchezhour - Ezhour testing is completed
2025-05-05 12:49:53 [INFO] baseclass.launchezhour - Ezhour application launch
2025-05-05 12:50:22 [INFO] baseclass.launchezhour - Ezhour testing is completed
2025-05-05 12:54:20 [INFO] baseclass.launchezhour - Ezhour application launch
2025-05-05 12:54:46 [INFO] baseclass.launchezhour - Ezhour testing is completed
2025-05-05 12:56:16 [INFO] baseclass.launchezhour - Ezhour application launch
2025-05-05 12:56:43 [INFO] baseclass.launchezhour - Ezhour testing is completed
2025-05-05 12:59:08 [INFO] baseclass.launchezhour - Ezhour application launch
2025-05-05 12:59:34 [INFO] baseclass.launchezhour - Ezhour testing is completed
2025-05-05 13:01:07 [INFO] baseclass.launchezhour - Ezhour application launch
2025-05-05 13:01:33 [INFO] baseclass.launchezhour - Ezhour testing is completed
2025-05-06 10:24:25 [INFO] baseclass.launchezhour - Ezhour application launch
2025-05-06 10:24:30 [INFO] baseclass.launchezhour - Ezhour login is started
2025-05-06 10:24:43 [INFO] baseclass.launchezhour - Ezhour login is completed
2025-05-06 10:24:43 [INFO] baseclass.launchezhour - Ezhour testing is completed
2025-05-06 10:24:43 [INFO] baseclass.launchezhour - Ezhour application launch
2025-05-06 10:24:46 [INFO] baseclass.launchezhour - Ezhour apply leave page testing started
2025-05-06 10:24:59 [INFO] baseclass.launchezhour - Ezhour testing is completed
2025-05-06 10:24:59 [INFO] baseclass.launchezhour - Ezhour application launch
2025-05-06 10:25:02 [INFO] baseclass.launchezhour - Ezhour apply leave page all text verification is started
2025-05-06 10:25:14 [INFO] baseclass.launchezhour - Ezhour apply leave page all text verfication is completed
2025-05-06 10:25:14 [INFO] baseclass.launchezhour - Ezhour testing is completed
2025-05-06 10:25:14 [INFO] baseclass.launchezhour - Ezhour application launch
2025-05-06 10:25:17 [INFO] baseclass.launchezhour - Ezhour half day take leave sceanrio started
2025-05-06 10:25:29 [INFO] baseclass.launchezhour - Ezhour half day leave sceanior testing is completed
2025-05-06 10:25:29 [INFO] baseclass.launchezhour - Ezhour testing is completed
2025-05-06 10:25:29 [INFO] baseclass.launchezhour - Ezhour application launch
2025-05-06 10:25:32 [INFO] baseclass.launchezhour - Ezhour leave tracker available and total leave count testing is started
2025-05-06 10:25:40 [INFO] baseclass.launchezhour - Ezhour leave tracker available and total leave count comparision is completed
2025-05-06 10:25:40 [INFO] baseclass.launchezhour - Ezhour testing is completed
2025-05-06 10:25:41 [INFO] baseclass.launchezhour - Ezhour application launch
2025-05-06 10:26:13 [INFO] baseclass.launchezhour - Ezhour testing is completed
2025-05-06 10:26:13 [DEBUG] freemarker.cache - Couldn't find template in cache for "spark/spark.spa.ftl"("en_IN", UTF-8, parsed); will try to load it.
2025-05-06 10:26:13 [DEBUG] freemarker.cache - TemplateLoader.findTemplateSource("spark/spark.spa_en_IN.ftl"): Not found
2025-05-06 10:26:13 [DEBUG] freemarker.cache - TemplateLoader.findTemplateSource("spark/spark.spa_en.ftl"): Not found
2025-05-06 10:26:13 [DEBUG] freemarker.cache - TemplateLoader.findTemplateSource("spark/spark.spa.ftl"): Found
2025-05-06 10:26:13 [DEBUG] freemarker.cache - Loading template for "spark/spark.spa.ftl"("en_IN", UTF-8, parsed) from "jar:file:/C:/Users/rengaraj/.m2/repository/com/aventstack/extentreports/5.0.9/extentreports-5.0.9.jar!/com/aventstack/extentreports/templates/spark/spark.spa.ftl"
2025-05-06 10:26:13 [DEBUG] freemarker.cache - Couldn't find template in cache for "commons/commons-variables.ftl"("en_IN", UTF-8, parsed); will try to load it.
2025-05-06 10:26:13 [DEBUG] freemarker.cache - TemplateLoader.findTemplateSource("commons/commons-variables_en_IN.ftl"): Not found
2025-05-06 10:26:13 [DEBUG] freemarker.cache - TemplateLoader.findTemplateSource("commons/commons-variables_en.ftl"): Not found
2025-05-06 10:26:13 [DEBUG] freemarker.cache - TemplateLoader.findTemplateSource("commons/commons-variables.ftl"): Found
2025-05-06 10:26:13 [DEBUG] freemarker.cache - Loading template for "commons/commons-variables.ftl"("en_IN", UTF-8, parsed) from "jar:file:/C:/Users/rengaraj/.m2/repository/com/aventstack/extentreports/5.0.9/extentreports-5.0.9.jar!/com/aventstack/extentreports/templates/commons/commons-variables.ftl"
2025-05-06 10:26:14 [DEBUG] freemarker.cache - Couldn't find template in cache for "commons/commons-macros.ftl"("en_IN", UTF-8, parsed); will try to load it.
2025-05-06 10:26:14 [DEBUG] freemarker.cache - TemplateLoader.findTemplateSource("commons/commons-macros_en_IN.ftl"): Not found
2025-05-06 10:26:14 [DEBUG] freemarker.cache - TemplateLoader.findTemplateSource("commons/commons-macros_en.ftl"): Not found
2025-05-06 10:26:14 [DEBUG] freemarker.cache - TemplateLoader.findTemplateSource("commons/commons-macros.ftl"): Found
2025-05-06 10:26:14 [DEBUG] freemarker.cache - Loading template for "commons/commons-macros.ftl"("en_IN", UTF-8, parsed) from "jar:file:/C:/Users/rengaraj/.m2/repository/com/aventstack/extentreports/5.0.9/extentreports-5.0.9.jar!/com/aventstack/extentreports/templates/commons/commons-macros.ftl"
2025-05-06 10:26:14 [DEBUG] freemarker.cache - Couldn't find template in cache for "spark/macros/attributes.ftl"("en_IN", UTF-8, parsed); will try to load it.
2025-05-06 10:26:14 [DEBUG] freemarker.cache - TemplateLoader.findTemplateSource("spark/macros/attributes_en_IN.ftl"): Not found
2025-05-06 10:26:14 [DEBUG] freemarker.cache - TemplateLoader.findTemplateSource("spark/macros/attributes_en.ftl"): Not found
2025-05-06 10:26:14 [DEBUG] freemarker.cache - TemplateLoader.findTemplateSource("spark/macros/attributes.ftl"): Found
2025-05-06 10:26:14 [DEBUG] freemarker.cache - Loading template for "spark/macros/attributes.ftl"("en_IN", UTF-8, parsed) from "jar:file:/C:/Users/rengaraj/.m2/repository/com/aventstack/extentreports/5.0.9/extentreports-5.0.9.jar!/com/aventstack/extentreports/templates/spark/macros/attributes.ftl"
2025-05-06 10:26:14 [DEBUG] freemarker.cache - Couldn't find template in cache for "spark/macros/log.ftl"("en_IN", UTF-8, parsed); will try to load it.
2025-05-06 10:26:14 [DEBUG] freemarker.cache - TemplateLoader.findTemplateSource("spark/macros/log_en_IN.ftl"): Not found
2025-05-06 10:26:14 [DEBUG] freemarker.cache - TemplateLoader.findTemplateSource("spark/macros/log_en.ftl"): Not found
2025-05-06 10:26:14 [DEBUG] freemarker.cache - TemplateLoader.findTemplateSource("spark/macros/log.ftl"): Found
2025-05-06 10:26:14 [DEBUG] freemarker.cache - Loading template for "spark/macros/log.ftl"("en_IN", UTF-8, parsed) from "jar:file:/C:/Users/rengaraj/.m2/repository/com/aventstack/extentreports/5.0.9/extentreports-5.0.9.jar!/com/aventstack/extentreports/templates/spark/macros/log.ftl"
2025-05-06 10:26:14 [DEBUG] freemarker.cache - Couldn't find template in cache for "spark/macros/recurse_nodes.ftl"("en_IN", UTF-8, parsed); will try to load it.
2025-05-06 10:26:14 [DEBUG] freemarker.cache - TemplateLoader.findTemplateSource("spark/macros/recurse_nodes_en_IN.ftl"): Not found
2025-05-06 10:26:14 [DEBUG] freemarker.cache - TemplateLoader.findTemplateSource("spark/macros/recurse_nodes_en.ftl"): Not found
2025-05-06 10:26:14 [DEBUG] freemarker.cache - TemplateLoader.findTemplateSource("spark/macros/recurse_nodes.ftl"): Found
2025-05-06 10:26:14 [DEBUG] freemarker.cache - Loading template for "spark/macros/recurse_nodes.ftl"("en_IN", UTF-8, parsed) from "jar:file:/C:/Users/rengaraj/.m2/repository/com/aventstack/extentreports/5.0.9/extentreports-5.0.9.jar!/com/aventstack/extentreports/templates/spark/macros/recurse_nodes.ftl"
2025-05-06 10:26:14 [DEBUG] freemarker.cache - "spark/macros/log.ftl"("en_IN", UTF-8, parsed) cached copy not yet stale; using cached.
2025-05-06 10:26:14 [DEBUG] freemarker.cache - Couldn't find template in cache for "spark/macros/attr-common.ftl"("en_IN", UTF-8, parsed); will try to load it.
2025-05-06 10:26:14 [DEBUG] freemarker.cache - TemplateLoader.findTemplateSource("spark/macros/attr-common_en_IN.ftl"): Not found
2025-05-06 10:26:14 [DEBUG] freemarker.cache - TemplateLoader.findTemplateSource("spark/macros/attr-common_en.ftl"): Not found
2025-05-06 10:26:14 [DEBUG] freemarker.cache - TemplateLoader.findTemplateSource("spark/macros/attr-common.ftl"): Found
2025-05-06 10:26:14 [DEBUG] freemarker.cache - Loading template for "spark/macros/attr-common.ftl"("en_IN", UTF-8, parsed) from "jar:file:/C:/Users/rengaraj/.m2/repository/com/aventstack/extentreports/5.0.9/extentreports-5.0.9.jar!/com/aventstack/extentreports/templates/spark/macros/attr-common.ftl"
2025-05-06 10:26:14 [DEBUG] freemarker.cache - Couldn't find template in cache for "spark/partials/head.ftl"("en_IN", UTF-8, parsed); will try to load it.
2025-05-06 10:26:14 [DEBUG] freemarker.cache - TemplateLoader.findTemplateSource("spark/partials/head_en_IN.ftl"): Not found
2025-05-06 10:26:14 [DEBUG] freemarker.cache - TemplateLoader.findTemplateSource("spark/partials/head_en.ftl"): Not found
2025-05-06 10:26:14 [DEBUG] freemarker.cache - TemplateLoader.findTemplateSource("spark/partials/head.ftl"): Found
2025-05-06 10:26:14 [DEBUG] freemarker.cache - Loading template for "spark/partials/head.ftl"("en_IN", UTF-8, parsed) from "jar:file:/C:/Users/rengaraj/.m2/repository/com/aventstack/extentreports/5.0.9/extentreports-5.0.9.jar!/com/aventstack/extentreports/templates/spark/partials/head.ftl"
2025-05-06 10:26:14 [DEBUG] freemarker.cache - Couldn't find template in cache for "commons/commons-inject-css.ftl"("en_IN", UTF-8, parsed); will try to load it.
2025-05-06 10:26:14 [DEBUG] freemarker.cache - TemplateLoader.findTemplateSource("commons/commons-inject-css_en_IN.ftl"): Not found
2025-05-06 10:26:14 [DEBUG] freemarker.cache - TemplateLoader.findTemplateSource("commons/commons-inject-css_en.ftl"): Not found
2025-05-06 10:26:14 [DEBUG] freemarker.cache - TemplateLoader.findTemplateSource("commons/commons-inject-css.ftl"): Found
2025-05-06 10:26:14 [DEBUG] freemarker.cache - Loading template for "commons/commons-inject-css.ftl"("en_IN", UTF-8, parsed) from "jar:file:/C:/Users/rengaraj/.m2/repository/com/aventstack/extentreports/5.0.9/extentreports-5.0.9.jar!/com/aventstack/extentreports/templates/commons/commons-inject-css.ftl"
2025-05-06 10:26:14 [DEBUG] freemarker.cache - Couldn't find template in cache for "spark/partials/navbar.ftl"("en_IN", UTF-8, parsed); will try to load it.
2025-05-06 10:26:14 [DEBUG] freemarker.cache - TemplateLoader.findTemplateSource("spark/partials/navbar_en_IN.ftl"): Not found
2025-05-06 10:26:14 [DEBUG] freemarker.cache - TemplateLoader.findTemplateSource("spark/partials/navbar_en.ftl"): Not found
2025-05-06 10:26:14 [DEBUG] freemarker.cache - TemplateLoader.findTemplateSource("spark/partials/navbar.ftl"): Found
2025-05-06 10:26:14 [DEBUG] freemarker.cache - Loading template for "spark/partials/navbar.ftl"("en_IN", UTF-8, parsed) from "jar:file:/C:/Users/rengaraj/.m2/repository/com/aventstack/extentreports/5.0.9/extentreports-5.0.9.jar!/com/aventstack/extentreports/templates/spark/partials/navbar.ftl"
2025-05-06 10:26:14 [DEBUG] freemarker.cache - Couldn't find template in cache for "spark/partials/sidenav.ftl"("en_IN", UTF-8, parsed); will try to load it.
2025-05-06 10:26:14 [DEBUG] freemarker.cache - TemplateLoader.findTemplateSource("spark/partials/sidenav_en_IN.ftl"): Not found
2025-05-06 10:26:14 [DEBUG] freemarker.cache - TemplateLoader.findTemplateSource("spark/partials/sidenav_en.ftl"): Not found
2025-05-06 10:26:14 [DEBUG] freemarker.cache - TemplateLoader.findTemplateSource("spark/partials/sidenav.ftl"): Found
2025-05-06 10:26:14 [DEBUG] freemarker.cache - Loading template for "spark/partials/sidenav.ftl"("en_IN", UTF-8, parsed) from "jar:file:/C:/Users/rengaraj/.m2/repository/com/aventstack/extentreports/5.0.9/extentreports-5.0.9.jar!/com/aventstack/extentreports/templates/spark/partials/sidenav.ftl"
2025-05-06 10:26:14 [DEBUG] freemarker.cache - Couldn't find template in cache for "spark/partials/test.ftl"("en_IN", UTF-8, parsed); will try to load it.
2025-05-06 10:26:14 [DEBUG] freemarker.cache - TemplateLoader.findTemplateSource("spark/partials/test_en_IN.ftl"): Not found
2025-05-06 10:26:14 [DEBUG] freemarker.cache - TemplateLoader.findTemplateSource("spark/partials/test_en.ftl"): Not found
2025-05-06 10:26:14 [DEBUG] freemarker.cache - TemplateLoader.findTemplateSource("spark/partials/test.ftl"): Found
2025-05-06 10:26:14 [DEBUG] freemarker.cache - Loading template for "spark/partials/test.ftl"("en_IN", UTF-8, parsed) from "jar:file:/C:/Users/rengaraj/.m2/repository/com/aventstack/extentreports/5.0.9/extentreports-5.0.9.jar!/com/aventstack/extentreports/templates/spark/partials/test.ftl"
2025-05-06 10:26:14 [DEBUG] freemarker.cache - Couldn't find template in cache for "spark/partials/standard-content.ftl"("en_IN", UTF-8, parsed); will try to load it.
2025-05-06 10:26:14 [DEBUG] freemarker.cache - TemplateLoader.findTemplateSource("spark/partials/standard-content_en_IN.ftl"): Not found
2025-05-06 10:26:14 [DEBUG] freemarker.cache - TemplateLoader.findTemplateSource("spark/partials/standard-content_en.ftl"): Not found
2025-05-06 10:26:14 [DEBUG] freemarker.cache - TemplateLoader.findTemplateSource("spark/partials/standard-content.ftl"): Found
2025-05-06 10:26:14 [DEBUG] freemarker.cache - Loading template for "spark/partials/standard-content.ftl"("en_IN", UTF-8, parsed) from "jar:file:/C:/Users/rengaraj/.m2/repository/com/aventstack/extentreports/5.0.9/extentreports-5.0.9.jar!/com/aventstack/extentreports/templates/spark/partials/standard-content.ftl"
2025-05-06 10:26:14 [DEBUG] freemarker.cache - "spark/partials/standard-content.ftl"("en_IN", UTF-8, parsed) cached copy not yet stale; using cached.
2025-05-06 10:26:14 [DEBUG] freemarker.cache - "spark/partials/standard-content.ftl"("en_IN", UTF-8, parsed) cached copy not yet stale; using cached.
2025-05-06 10:26:14 [DEBUG] freemarker.cache - "spark/partials/standard-content.ftl"("en_IN", UTF-8, parsed) cached copy not yet stale; using cached.
2025-05-06 10:26:14 [DEBUG] freemarker.cache - "spark/partials/standard-content.ftl"("en_IN", UTF-8, parsed) cached copy not yet stale; using cached.
2025-05-06 10:26:14 [DEBUG] freemarker.cache - "spark/partials/standard-content.ftl"("en_IN", UTF-8, parsed) cached copy not yet stale; using cached.
2025-05-06 10:26:14 [DEBUG] freemarker.cache - Couldn't find template in cache for "spark/partials/exception.ftl"("en_IN", UTF-8, parsed); will try to load it.
2025-05-06 10:26:14 [DEBUG] freemarker.cache - TemplateLoader.findTemplateSource("spark/partials/exception_en_IN.ftl"): Not found
2025-05-06 10:26:14 [DEBUG] freemarker.cache - TemplateLoader.findTemplateSource("spark/partials/exception_en.ftl"): Not found
2025-05-06 10:26:14 [DEBUG] freemarker.cache - TemplateLoader.findTemplateSource("spark/partials/exception.ftl"): Found
2025-05-06 10:26:14 [DEBUG] freemarker.cache - Loading template for "spark/partials/exception.ftl"("en_IN", UTF-8, parsed) from "jar:file:/C:/Users/rengaraj/.m2/repository/com/aventstack/extentreports/5.0.9/extentreports-5.0.9.jar!/com/aventstack/extentreports/templates/spark/partials/exception.ftl"
2025-05-06 10:26:14 [DEBUG] freemarker.cache - Couldn't find template in cache for "spark/partials/category.ftl"("en_IN", UTF-8, parsed); will try to load it.
2025-05-06 10:26:14 [DEBUG] freemarker.cache - TemplateLoader.findTemplateSource("spark/partials/category_en_IN.ftl"): Not found
2025-05-06 10:26:14 [DEBUG] freemarker.cache - TemplateLoader.findTemplateSource("spark/partials/category_en.ftl"): Not found
2025-05-06 10:26:14 [DEBUG] freemarker.cache - TemplateLoader.findTemplateSource("spark/partials/category.ftl"): Found
2025-05-06 10:26:14 [DEBUG] freemarker.cache - Loading template for "spark/partials/category.ftl"("en_IN", UTF-8, parsed) from "jar:file:/C:/Users/rengaraj/.m2/repository/com/aventstack/extentreports/5.0.9/extentreports-5.0.9.jar!/com/aventstack/extentreports/templates/spark/partials/category.ftl"
2025-05-06 10:26:14 [DEBUG] freemarker.cache - Couldn't find template in cache for "spark/partials/device.ftl"("en_IN", UTF-8, parsed); will try to load it.
2025-05-06 10:26:14 [DEBUG] freemarker.cache - TemplateLoader.findTemplateSource("spark/partials/device_en_IN.ftl"): Not found
2025-05-06 10:26:14 [DEBUG] freemarker.cache - TemplateLoader.findTemplateSource("spark/partials/device_en.ftl"): Not found
2025-05-06 10:26:14 [DEBUG] freemarker.cache - TemplateLoader.findTemplateSource("spark/partials/device.ftl"): Found
2025-05-06 10:26:14 [DEBUG] freemarker.cache - Loading template for "spark/partials/device.ftl"("en_IN", UTF-8, parsed) from "jar:file:/C:/Users/rengaraj/.m2/repository/com/aventstack/extentreports/5.0.9/extentreports-5.0.9.jar!/com/aventstack/extentreports/templates/spark/partials/device.ftl"
2025-05-06 10:26:14 [DEBUG] freemarker.cache - Couldn't find template in cache for "spark/partials/author.ftl"("en_IN", UTF-8, parsed); will try to load it.
2025-05-06 10:26:14 [DEBUG] freemarker.cache - TemplateLoader.findTemplateSource("spark/partials/author_en_IN.ftl"): Not found
2025-05-06 10:26:14 [DEBUG] freemarker.cache - TemplateLoader.findTemplateSource("spark/partials/author_en.ftl"): Not found
2025-05-06 10:26:14 [DEBUG] freemarker.cache - TemplateLoader.findTemplateSource("spark/partials/author.ftl"): Found
2025-05-06 10:26:14 [DEBUG] freemarker.cache - Loading template for "spark/partials/author.ftl"("en_IN", UTF-8, parsed) from "jar:file:/C:/Users/rengaraj/.m2/repository/com/aventstack/extentreports/5.0.9/extentreports-5.0.9.jar!/com/aventstack/extentreports/templates/spark/partials/author.ftl"
2025-05-06 10:26:14 [DEBUG] freemarker.cache - Couldn't find template in cache for "spark/partials/log.ftl"("en_IN", UTF-8, parsed); will try to load it.
2025-05-06 10:26:14 [DEBUG] freemarker.cache - TemplateLoader.findTemplateSource("spark/partials/log_en_IN.ftl"): Not found
2025-05-06 10:26:14 [DEBUG] freemarker.cache - TemplateLoader.findTemplateSource("spark/partials/log_en.ftl"): Not found
2025-05-06 10:26:14 [DEBUG] freemarker.cache - TemplateLoader.findTemplateSource("spark/partials/log.ftl"): Found
2025-05-06 10:26:14 [DEBUG] freemarker.cache - Loading template for "spark/partials/log.ftl"("en_IN", UTF-8, parsed) from "jar:file:/C:/Users/rengaraj/.m2/repository/com/aventstack/extentreports/5.0.9/extentreports-5.0.9.jar!/com/aventstack/extentreports/templates/spark/partials/log.ftl"
2025-05-06 10:26:14 [DEBUG] freemarker.cache - Couldn't find template in cache for "spark/partials/dashboard.ftl"("en_IN", UTF-8, parsed); will try to load it.
2025-05-06 10:26:14 [DEBUG] freemarker.cache - TemplateLoader.findTemplateSource("spark/partials/dashboard_en_IN.ftl"): Not found
2025-05-06 10:26:14 [DEBUG] freemarker.cache - TemplateLoader.findTemplateSource("spark/partials/dashboard_en.ftl"): Not found
2025-05-06 10:26:14 [DEBUG] freemarker.cache - TemplateLoader.findTemplateSource("spark/partials/dashboard.ftl"): Found
2025-05-06 10:26:14 [DEBUG] freemarker.cache - Loading template for "spark/partials/dashboard.ftl"("en_IN", UTF-8, parsed) from "jar:file:/C:/Users/rengaraj/.m2/repository/com/aventstack/extentreports/5.0.9/extentreports-5.0.9.jar!/com/aventstack/extentreports/templates/spark/partials/dashboard.ftl"
2025-05-06 10:26:14 [DEBUG] freemarker.cache - Couldn't find template in cache for "spark/partials/scripts.ftl"("en_IN", UTF-8, parsed); will try to load it.
2025-05-06 10:26:14 [DEBUG] freemarker.cache - TemplateLoader.findTemplateSource("spark/partials/scripts_en_IN.ftl"): Not found
2025-05-06 10:26:14 [DEBUG] freemarker.cache - TemplateLoader.findTemplateSource("spark/partials/scripts_en.ftl"): Not found
2025-05-06 10:26:14 [DEBUG] freemarker.cache - TemplateLoader.findTemplateSource("spark/partials/scripts.ftl"): Found
2025-05-06 10:26:14 [DEBUG] freemarker.cache - Loading template for "spark/partials/scripts.ftl"("en_IN", UTF-8, parsed) from "jar:file:/C:/Users/rengaraj/.m2/repository/com/aventstack/extentreports/5.0.9/extentreports-5.0.9.jar!/com/aventstack/extentreports/templates/spark/partials/scripts.ftl"
2025-05-06 10:26:14 [DEBUG] freemarker.cache - Couldn't find template in cache for "commons/commons-inject-js.ftl"("en_IN", UTF-8, parsed); will try to load it.
2025-05-06 10:26:14 [DEBUG] freemarker.cache - TemplateLoader.findTemplateSource("commons/commons-inject-js_en_IN.ftl"): Not found
2025-05-06 10:26:14 [DEBUG] freemarker.cache - TemplateLoader.findTemplateSource("commons/commons-inject-js_en.ftl"): Not found
2025-05-06 10:26:14 [DEBUG] freemarker.cache - TemplateLoader.findTemplateSource("commons/commons-inject-js.ftl"): Found
2025-05-06 10:26:14 [DEBUG] freemarker.cache - Loading template for "commons/commons-inject-js.ftl"("en_IN", UTF-8, parsed) from "jar:file:/C:/Users/rengaraj/.m2/repository/com/aventstack/extentreports/5.0.9/extentreports-5.0.9.jar!/com/aventstack/extentreports/templates/commons/commons-inject-js.ftl"
2025-05-06 10:35:39 [INFO] baseclass.launchezhour - Ezhour application launch
2025-05-06 10:35:41 [INFO] baseclass.launchezhour - Ezhour application launch
2025-05-06 10:35:43 [INFO] baseclass.launchezhour - Ezhour application launch
2025-05-06 10:35:50 [INFO] baseclass.launchezhour - Ezhour apply leave page testing started
2025-05-06 10:35:53 [INFO] baseclass.launchezhour - Ezhour apply leave page testing started
2025-05-06 10:36:02 [INFO] baseclass.launchezhour - Ezhour apply leave page testing started
2025-05-06 10:36:04 [INFO] baseclass.launchezhour - Ezhour testing is completed
2025-05-06 10:36:20 [INFO] baseclass.launchezhour - Ezhour apply leave scenario completed
2025-05-06 10:36:24 [INFO] baseclass.launchezhour - Ezhour testing is completed
2025-05-06 10:36:30 [INFO] baseclass.launchezhour - Ezhour testing is completed
2025-05-06 10:36:48 [INFO] baseclass.launchezhour - Ezhour application launch
2025-05-06 10:36:56 [INFO] baseclass.launchezhour - Ezhour apply leave page all text verification is started
2025-05-06 10:37:06 [INFO] baseclass.launchezhour - Ezhour testing is completed
2025-05-06 10:37:26 [INFO] baseclass.launchezhour - Ezhour application launch
2025-05-06 10:37:39 [INFO] baseclass.launchezhour - Ezhour apply leave page all text verification is started
2025-05-06 10:38:05 [INFO] baseclass.launchezhour - Ezhour apply leave page all text verfication is completed
2025-05-06 10:38:05 [INFO] baseclass.launchezhour - Ezhour testing is completed
2025-05-06 10:38:24 [INFO] baseclass.launchezhour - Ezhour application launch
2025-05-06 10:38:30 [INFO] baseclass.launchezhour - Ezhour half day take leave sceanrio started
2025-05-06 10:38:53 [INFO] baseclass.launchezhour - Ezhour testing is completed
2025-05-06 12:13:09 [INFO] baseclass.launchezhour - Ezhour application launch
2025-05-06 12:13:10 [INFO] baseclass.launchezhour - Ezhour application launch
2025-05-06 12:13:11 [INFO] baseclass.launchezhour - Ezhour application launch
2025-05-06 12:13:31 [INFO] baseclass.launchezhour - Ezhour apply leave page all text verification is started
2025-05-06 12:13:32 [INFO] baseclass.launchezhour - Ezhour apply leave page all text verification is started
2025-05-06 12:13:32 [INFO] baseclass.launchezhour - Ezhour apply leave page all text verification is started
2025-05-06 12:13:42 [INFO] baseclass.launchezhour - Ezhour testing is completed
2025-05-06 12:13:42 [INFO] baseclass.launchezhour - Ezhour testing is completed
2025-05-06 12:13:42 [INFO] baseclass.launchezhour - Ezhour testing is completed
2025-05-13 15:26:38 [INFO] baseclass.launchezhour - Ezhour application launch
2025-05-13 15:29:04 [INFO] baseclass.launchezhour - Ezhour application launch
2025-05-13 15:29:09 [INFO] baseclass.launchezhour - Ezhour testing is completed
2025-05-13 15:30:30 [INFO] baseclass.launchezhour - Ezhour application launch
2025-05-13 15:31:06 [INFO] baseclass.launchezhour - Ezhour testing is completed
2025-05-13 15:37:17 [INFO] baseclass.launchezhour - Ezhour application launch
2025-05-13 15:37:23 [INFO] baseclass.launchezhour - Ezhour testing is completed
2025-05-13 15:38:24 [INFO] baseclass.launchezhour - Ezhour application launch
2025-05-13 15:38:28 [INFO] baseclass.launchezhour - Ezhour testing is completed
2025-05-13 16:00:24 [INFO] baseclass.launchezhour - Ezhour application launch
2025-05-13 16:00:29 [INFO] baseclass.launchezhour - Ezhour testing is completed
2025-05-14 14:12:04 [INFO] baseclass.launchezhour - Ezhour application launch
2025-05-14 14:12:11 [INFO] baseclass.launchezhour - Ezhour testing is completed
2025-05-14 14:22:45 [INFO] baseclass.launchezhour - Ezhour application launch
2025-05-14 14:22:50 [INFO] baseclass.launchezhour - Ezhour testing is completed
2025-05-14 14:27:35 [INFO] baseclass.launchezhour - Ezhour application launch
2025-05-14 14:27:40 [INFO] baseclass.launchezhour - Ezhour testing is completed
2025-05-14 14:28:48 [INFO] baseclass.launchezhour - Ezhour application launch
2025-05-14 14:28:53 [INFO] baseclass.launchezhour - Ezhour testing is completed
2025-05-14 14:30:52 [INFO] baseclass.launchezhour - Ezhour application launch
2025-05-14 14:30:57 [INFO] baseclass.launchezhour - Ezhour testing is completed
2025-05-14 14:34:47 [INFO] baseclass.launchezhour - Ezhour application launch
2025-05-14 14:34:52 [INFO] baseclass.launchezhour - Ezhour testing is completed
2025-05-14 14:34:52 [DEBUG] freemarker.cache - Couldn't find template in cache for "spark/spark.spa.ftl"("en_IN", UTF-8, parsed); will try to load it.
2025-05-14 14:34:52 [DEBUG] freemarker.cache - TemplateLoader.findTemplateSource("spark/spark.spa_en_IN.ftl"): Not found
2025-05-14 14:34:52 [DEBUG] freemarker.cache - TemplateLoader.findTemplateSource("spark/spark.spa_en.ftl"): Not found
2025-05-14 14:34:52 [DEBUG] freemarker.cache - TemplateLoader.findTemplateSource("spark/spark.spa.ftl"): Found
2025-05-14 14:34:52 [DEBUG] freemarker.cache - Loading template for "spark/spark.spa.ftl"("en_IN", UTF-8, parsed) from "jar:file:/C:/Users/rengaraj/.m2/repository/com/aventstack/extentreports/5.0.9/extentreports-5.0.9.jar!/com/aventstack/extentreports/templates/spark/spark.spa.ftl"
2025-05-14 14:34:52 [DEBUG] freemarker.cache - Couldn't find template in cache for "commons/commons-variables.ftl"("en_IN", UTF-8, parsed); will try to load it.
2025-05-14 14:34:52 [DEBUG] freemarker.cache - TemplateLoader.findTemplateSource("commons/commons-variables_en_IN.ftl"): Not found
2025-05-14 14:34:52 [DEBUG] freemarker.cache - TemplateLoader.findTemplateSource("commons/commons-variables_en.ftl"): Not found
2025-05-14 14:34:52 [DEBUG] freemarker.cache - TemplateLoader.findTemplateSource("commons/commons-variables.ftl"): Found
2025-05-14 14:34:52 [DEBUG] freemarker.cache - Loading template for "commons/commons-variables.ftl"("en_IN", UTF-8, parsed) from "jar:file:/C:/Users/rengaraj/.m2/repository/com/aventstack/extentreports/5.0.9/extentreports-5.0.9.jar!/com/aventstack/extentreports/templates/commons/commons-variables.ftl"
2025-05-14 14:34:52 [DEBUG] freemarker.cache - Couldn't find template in cache for "commons/commons-macros.ftl"("en_IN", UTF-8, parsed); will try to load it.
2025-05-14 14:34:52 [DEBUG] freemarker.cache - TemplateLoader.findTemplateSource("commons/commons-macros_en_IN.ftl"): Not found
2025-05-14 14:34:52 [DEBUG] freemarker.cache - TemplateLoader.findTemplateSource("commons/commons-macros_en.ftl"): Not found
2025-05-14 14:34:52 [DEBUG] freemarker.cache - TemplateLoader.findTemplateSource("commons/commons-macros.ftl"): Found
2025-05-14 14:34:52 [DEBUG] freemarker.cache - Loading template for "commons/commons-macros.ftl"("en_IN", UTF-8, parsed) from "jar:file:/C:/Users/rengaraj/.m2/repository/com/aventstack/extentreports/5.0.9/extentreports-5.0.9.jar!/com/aventstack/extentreports/templates/commons/commons-macros.ftl"
2025-05-14 14:34:52 [DEBUG] freemarker.cache - Couldn't find template in cache for "spark/macros/attributes.ftl"("en_IN", UTF-8, parsed); will try to load it.
2025-05-14 14:34:52 [DEBUG] freemarker.cache - TemplateLoader.findTemplateSource("spark/macros/attributes_en_IN.ftl"): Not found
2025-05-14 14:34:52 [DEBUG] freemarker.cache - TemplateLoader.findTemplateSource("spark/macros/attributes_en.ftl"): Not found
2025-05-14 14:34:52 [DEBUG] freemarker.cache - TemplateLoader.findTemplateSource("spark/macros/attributes.ftl"): Found
2025-05-14 14:34:52 [DEBUG] freemarker.cache - Loading template for "spark/macros/attributes.ftl"("en_IN", UTF-8, parsed) from "jar:file:/C:/Users/rengaraj/.m2/repository/com/aventstack/extentreports/5.0.9/extentreports-5.0.9.jar!/com/aventstack/extentreports/templates/spark/macros/attributes.ftl"
2025-05-14 14:34:52 [DEBUG] freemarker.cache - Couldn't find template in cache for "spark/macros/log.ftl"("en_IN", UTF-8, parsed); will try to load it.
2025-05-14 14:34:52 [DEBUG] freemarker.cache - TemplateLoader.findTemplateSource("spark/macros/log_en_IN.ftl"): Not found
2025-05-14 14:34:52 [DEBUG] freemarker.cache - TemplateLoader.findTemplateSource("spark/macros/log_en.ftl"): Not found
2025-05-14 14:34:52 [DEBUG] freemarker.cache - TemplateLoader.findTemplateSource("spark/macros/log.ftl"): Found
2025-05-14 14:34:52 [DEBUG] freemarker.cache - Loading template for "spark/macros/log.ftl"("en_IN", UTF-8, parsed) from "jar:file:/C:/Users/rengaraj/.m2/repository/com/aventstack/extentreports/5.0.9/extentreports-5.0.9.jar!/com/aventstack/extentreports/templates/spark/macros/log.ftl"
2025-05-14 14:34:52 [DEBUG] freemarker.cache - Couldn't find template in cache for "spark/macros/recurse_nodes.ftl"("en_IN", UTF-8, parsed); will try to load it.
2025-05-14 14:34:52 [DEBUG] freemarker.cache - TemplateLoader.findTemplateSource("spark/macros/recurse_nodes_en_IN.ftl"): Not found
2025-05-14 14:34:52 [DEBUG] freemarker.cache - TemplateLoader.findTemplateSource("spark/macros/recurse_nodes_en.ftl"): Not found
2025-05-14 14:34:52 [DEBUG] freemarker.cache - TemplateLoader.findTemplateSource("spark/macros/recurse_nodes.ftl"): Found
2025-05-14 14:34:52 [DEBUG] freemarker.cache - Loading template for "spark/macros/recurse_nodes.ftl"("en_IN", UTF-8, parsed) from "jar:file:/C:/Users/rengaraj/.m2/repository/com/aventstack/extentreports/5.0.9/extentreports-5.0.9.jar!/com/aventstack/extentreports/templates/spark/macros/recurse_nodes.ftl"
2025-05-14 14:34:52 [DEBUG] freemarker.cache - "spark/macros/log.ftl"("en_IN", UTF-8, parsed) cached copy not yet stale; using cached.
2025-05-14 14:34:52 [DEBUG] freemarker.cache - Couldn't find template in cache for "spark/macros/attr-common.ftl"("en_IN", UTF-8, parsed); will try to load it.
2025-05-14 14:34:52 [DEBUG] freemarker.cache - TemplateLoader.findTemplateSource("spark/macros/attr-common_en_IN.ftl"): Not found
2025-05-14 14:34:52 [DEBUG] freemarker.cache - TemplateLoader.findTemplateSource("spark/macros/attr-common_en.ftl"): Not found
2025-05-14 14:34:52 [DEBUG] freemarker.cache - TemplateLoader.findTemplateSource("spark/macros/attr-common.ftl"): Found
2025-05-14 14:34:52 [DEBUG] freemarker.cache - Loading template for "spark/macros/attr-common.ftl"("en_IN", UTF-8, parsed) from "jar:file:/C:/Users/rengaraj/.m2/repository/com/aventstack/extentreports/5.0.9/extentreports-5.0.9.jar!/com/aventstack/extentreports/templates/spark/macros/attr-common.ftl"
2025-05-14 14:34:52 [DEBUG] freemarker.cache - Couldn't find template in cache for "spark/partials/head.ftl"("en_IN", UTF-8, parsed); will try to load it.
2025-05-14 14:34:52 [DEBUG] freemarker.cache - TemplateLoader.findTemplateSource("spark/partials/head_en_IN.ftl"): Not found
2025-05-14 14:34:52 [DEBUG] freemarker.cache - TemplateLoader.findTemplateSource("spark/partials/head_en.ftl"): Not found
2025-05-14 14:34:52 [DEBUG] freemarker.cache - TemplateLoader.findTemplateSource("spark/partials/head.ftl"): Found
2025-05-14 14:34:52 [DEBUG] freemarker.cache - Loading template for "spark/partials/head.ftl"("en_IN", UTF-8, parsed) from "jar:file:/C:/Users/rengaraj/.m2/repository/com/aventstack/extentreports/5.0.9/extentreports-5.0.9.jar!/com/aventstack/extentreports/templates/spark/partials/head.ftl"
2025-05-14 14:34:52 [DEBUG] freemarker.cache - Couldn't find template in cache for "commons/commons-inject-css.ftl"("en_IN", UTF-8, parsed); will try to load it.
2025-05-14 14:34:52 [DEBUG] freemarker.cache - TemplateLoader.findTemplateSource("commons/commons-inject-css_en_IN.ftl"): Not found
2025-05-14 14:34:52 [DEBUG] freemarker.cache - TemplateLoader.findTemplateSource("commons/commons-inject-css_en.ftl"): Not found
2025-05-14 14:34:52 [DEBUG] freemarker.cache - TemplateLoader.findTemplateSource("commons/commons-inject-css.ftl"): Found
2025-05-14 14:34:52 [DEBUG] freemarker.cache - Loading template for "commons/commons-inject-css.ftl"("en_IN", UTF-8, parsed) from "jar:file:/C:/Users/rengaraj/.m2/repository/com/aventstack/extentreports/5.0.9/extentreports-5.0.9.jar!/com/aventstack/extentreports/templates/commons/commons-inject-css.ftl"
2025-05-14 14:34:53 [DEBUG] freemarker.cache - Couldn't find template in cache for "spark/partials/navbar.ftl"("en_IN", UTF-8, parsed); will try to load it.
2025-05-14 14:34:53 [DEBUG] freemarker.cache - TemplateLoader.findTemplateSource("spark/partials/navbar_en_IN.ftl"): Not found
2025-05-14 14:34:53 [DEBUG] freemarker.cache - TemplateLoader.findTemplateSource("spark/partials/navbar_en.ftl"): Not found
2025-05-14 14:34:53 [DEBUG] freemarker.cache - TemplateLoader.findTemplateSource("spark/partials/navbar.ftl"): Found
2025-05-14 14:34:53 [DEBUG] freemarker.cache - Loading template for "spark/partials/navbar.ftl"("en_IN", UTF-8, parsed) from "jar:file:/C:/Users/rengaraj/.m2/repository/com/aventstack/extentreports/5.0.9/extentreports-5.0.9.jar!/com/aventstack/extentreports/templates/spark/partials/navbar.ftl"
2025-05-14 14:34:53 [DEBUG] freemarker.cache - Couldn't find template in cache for "spark/partials/sidenav.ftl"("en_IN", UTF-8, parsed); will try to load it.
2025-05-14 14:34:53 [DEBUG] freemarker.cache - TemplateLoader.findTemplateSource("spark/partials/sidenav_en_IN.ftl"): Not found
2025-05-14 14:34:53 [DEBUG] freemarker.cache - TemplateLoader.findTemplateSource("spark/partials/sidenav_en.ftl"): Not found
2025-05-14 14:34:53 [DEBUG] freemarker.cache - TemplateLoader.findTemplateSource("spark/partials/sidenav.ftl"): Found
2025-05-14 14:34:53 [DEBUG] freemarker.cache - Loading template for "spark/partials/sidenav.ftl"("en_IN", UTF-8, parsed) from "jar:file:/C:/Users/rengaraj/.m2/repository/com/aventstack/extentreports/5.0.9/extentreports-5.0.9.jar!/com/aventstack/extentreports/templates/spark/partials/sidenav.ftl"
2025-05-14 14:34:53 [DEBUG] freemarker.cache - Couldn't find template in cache for "spark/partials/test.ftl"("en_IN", UTF-8, parsed); will try to load it.
2025-05-14 14:34:53 [DEBUG] freemarker.cache - TemplateLoader.findTemplateSource("spark/partials/test_en_IN.ftl"): Not found
2025-05-14 14:34:53 [DEBUG] freemarker.cache - TemplateLoader.findTemplateSource("spark/partials/test_en.ftl"): Not found
2025-05-14 14:34:53 [DEBUG] freemarker.cache - TemplateLoader.findTemplateSource("spark/partials/test.ftl"): Found
2025-05-14 14:34:53 [DEBUG] freemarker.cache - Loading template for "spark/partials/test.ftl"("en_IN", UTF-8, parsed) from "jar:file:/C:/Users/rengaraj/.m2/repository/com/aventstack/extentreports/5.0.9/extentreports-5.0.9.jar!/com/aventstack/extentreports/templates/spark/partials/test.ftl"
2025-05-14 14:34:53 [DEBUG] freemarker.cache - Couldn't find template in cache for "spark/partials/standard-content.ftl"("en_IN", UTF-8, parsed); will try to load it.
2025-05-14 14:34:53 [DEBUG] freemarker.cache - TemplateLoader.findTemplateSource("spark/partials/standard-content_en_IN.ftl"): Not found
2025-05-14 14:34:53 [DEBUG] freemarker.cache - TemplateLoader.findTemplateSource("spark/partials/standard-content_en.ftl"): Not found
2025-05-14 14:34:53 [DEBUG] freemarker.cache - TemplateLoader.findTemplateSource("spark/partials/standard-content.ftl"): Found
2025-05-14 14:34:53 [DEBUG] freemarker.cache - Loading template for "spark/partials/standard-content.ftl"("en_IN", UTF-8, parsed) from "jar:file:/C:/Users/rengaraj/.m2/repository/com/aventstack/extentreports/5.0.9/extentreports-5.0.9.jar!/com/aventstack/extentreports/templates/spark/partials/standard-content.ftl"
2025-05-14 14:34:53 [DEBUG] freemarker.cache - "spark/partials/standard-content.ftl"("en_IN", UTF-8, parsed) cached copy not yet stale; using cached.
2025-05-14 14:34:53 [DEBUG] freemarker.cache - "spark/partials/standard-content.ftl"("en_IN", UTF-8, parsed) cached copy not yet stale; using cached.
2025-05-14 14:34:53 [DEBUG] freemarker.cache - Couldn't find template in cache for "spark/partials/exception.ftl"("en_IN", UTF-8, parsed); will try to load it.
2025-05-14 14:34:53 [DEBUG] freemarker.cache - TemplateLoader.findTemplateSource("spark/partials/exception_en_IN.ftl"): Not found
2025-05-14 14:34:53 [DEBUG] freemarker.cache - TemplateLoader.findTemplateSource("spark/partials/exception_en.ftl"): Not found
2025-05-14 14:34:53 [DEBUG] freemarker.cache - TemplateLoader.findTemplateSource("spark/partials/exception.ftl"): Found
2025-05-14 14:34:53 [DEBUG] freemarker.cache - Loading template for "spark/partials/exception.ftl"("en_IN", UTF-8, parsed) from "jar:file:/C:/Users/rengaraj/.m2/repository/com/aventstack/extentreports/5.0.9/extentreports-5.0.9.jar!/com/aventstack/extentreports/templates/spark/partials/exception.ftl"
2025-05-14 14:34:53 [DEBUG] freemarker.cache - Couldn't find template in cache for "spark/partials/category.ftl"("en_IN", UTF-8, parsed); will try to load it.
2025-05-14 14:34:53 [DEBUG] freemarker.cache - TemplateLoader.findTemplateSource("spark/partials/category_en_IN.ftl"): Not found
2025-05-14 14:34:53 [DEBUG] freemarker.cache - TemplateLoader.findTemplateSource("spark/partials/category_en.ftl"): Not found
2025-05-14 14:34:53 [DEBUG] freemarker.cache - TemplateLoader.findTemplateSource("spark/partials/category.ftl"): Found
2025-05-14 14:34:53 [DEBUG] freemarker.cache - Loading template for "spark/partials/category.ftl"("en_IN", UTF-8, parsed) from "jar:file:/C:/Users/rengaraj/.m2/repository/com/aventstack/extentreports/5.0.9/extentreports-5.0.9.jar!/com/aventstack/extentreports/templates/spark/partials/category.ftl"
2025-05-14 14:34:53 [DEBUG] freemarker.cache - Couldn't find template in cache for "spark/partials/device.ftl"("en_IN", UTF-8, parsed); will try to load it.
2025-05-14 14:34:53 [DEBUG] freemarker.cache - TemplateLoader.findTemplateSource("spark/partials/device_en_IN.ftl"): Not found
2025-05-14 14:34:53 [DEBUG] freemarker.cache - TemplateLoader.findTemplateSource("spark/partials/device_en.ftl"): Not found
2025-05-14 14:34:53 [DEBUG] freemarker.cache - TemplateLoader.findTemplateSource("spark/partials/device.ftl"): Found
2025-05-14 14:34:53 [DEBUG] freemarker.cache - Loading template for "spark/partials/device.ftl"("en_IN", UTF-8, parsed) from "jar:file:/C:/Users/rengaraj/.m2/repository/com/aventstack/extentreports/5.0.9/extentreports-5.0.9.jar!/com/aventstack/extentreports/templates/spark/partials/device.ftl"
2025-05-14 14:34:53 [DEBUG] freemarker.cache - Couldn't find template in cache for "spark/partials/author.ftl"("en_IN", UTF-8, parsed); will try to load it.
2025-05-14 14:34:53 [DEBUG] freemarker.cache - TemplateLoader.findTemplateSource("spark/partials/author_en_IN.ftl"): Not found
2025-05-14 14:34:53 [DEBUG] freemarker.cache - TemplateLoader.findTemplateSource("spark/partials/author_en.ftl"): Not found
2025-05-14 14:34:53 [DEBUG] freemarker.cache - TemplateLoader.findTemplateSource("spark/partials/author.ftl"): Found
2025-05-14 14:34:53 [DEBUG] freemarker.cache - Loading template for "spark/partials/author.ftl"("en_IN", UTF-8, parsed) from "jar:file:/C:/Users/rengaraj/.m2/repository/com/aventstack/extentreports/5.0.9/extentreports-5.0.9.jar!/com/aventstack/extentreports/templates/spark/partials/author.ftl"
2025-05-14 14:34:53 [DEBUG] freemarker.cache - Couldn't find template in cache for "spark/partials/log.ftl"("en_IN", UTF-8, parsed); will try to load it.
2025-05-14 14:34:53 [DEBUG] freemarker.cache - TemplateLoader.findTemplateSource("spark/partials/log_en_IN.ftl"): Not found
2025-05-14 14:34:53 [DEBUG] freemarker.cache - TemplateLoader.findTemplateSource("spark/partials/log_en.ftl"): Not found
2025-05-14 14:34:53 [DEBUG] freemarker.cache - TemplateLoader.findTemplateSource("spark/partials/log.ftl"): Found
2025-05-14 14:34:53 [DEBUG] freemarker.cache - Loading template for "spark/partials/log.ftl"("en_IN", UTF-8, parsed) from "jar:file:/C:/Users/rengaraj/.m2/repository/com/aventstack/extentreports/5.0.9/extentreports-5.0.9.jar!/com/aventstack/extentreports/templates/spark/partials/log.ftl"
2025-05-14 14:34:53 [DEBUG] freemarker.cache - Couldn't find template in cache for "spark/partials/dashboard.ftl"("en_IN", UTF-8, parsed); will try to load it.
2025-05-14 14:34:53 [DEBUG] freemarker.cache - TemplateLoader.findTemplateSource("spark/partials/dashboard_en_IN.ftl"): Not found
2025-05-14 14:34:53 [DEBUG] freemarker.cache - TemplateLoader.findTemplateSource("spark/partials/dashboard_en.ftl"): Not found
2025-05-14 14:34:53 [DEBUG] freemarker.cache - TemplateLoader.findTemplateSource("spark/partials/dashboard.ftl"): Found
2025-05-14 14:34:53 [DEBUG] freemarker.cache - Loading template for "spark/partials/dashboard.ftl"("en_IN", UTF-8, parsed) from "jar:file:/C:/Users/rengaraj/.m2/repository/com/aventstack/extentreports/5.0.9/extentreports-5.0.9.jar!/com/aventstack/extentreports/templates/spark/partials/dashboard.ftl"
2025-05-14 14:34:53 [DEBUG] freemarker.cache - Couldn't find template in cache for "spark/partials/scripts.ftl"("en_IN", UTF-8, parsed); will try to load it.
2025-05-14 14:34:53 [DEBUG] freemarker.cache - TemplateLoader.findTemplateSource("spark/partials/scripts_en_IN.ftl"): Not found
2025-05-14 14:34:53 [DEBUG] freemarker.cache - TemplateLoader.findTemplateSource("spark/partials/scripts_en.ftl"): Not found
2025-05-14 14:34:53 [DEBUG] freemarker.cache - TemplateLoader.findTemplateSource("spark/partials/scripts.ftl"): Found
2025-05-14 14:34:53 [DEBUG] freemarker.cache - Loading template for "spark/partials/scripts.ftl"("en_IN", UTF-8, parsed) from "jar:file:/C:/Users/rengaraj/.m2/repository/com/aventstack/extentreports/5.0.9/extentreports-5.0.9.jar!/com/aventstack/extentreports/templates/spark/partials/scripts.ftl"
2025-05-14 14:34:53 [DEBUG] freemarker.cache - Couldn't find template in cache for "commons/commons-inject-js.ftl"("en_IN", UTF-8, parsed); will try to load it.
2025-05-14 14:34:53 [DEBUG] freemarker.cache - TemplateLoader.findTemplateSource("commons/commons-inject-js_en_IN.ftl"): Not found
2025-05-14 14:34:53 [DEBUG] freemarker.cache - TemplateLoader.findTemplateSource("commons/commons-inject-js_en.ftl"): Not found
2025-05-14 14:34:53 [DEBUG] freemarker.cache - TemplateLoader.findTemplateSource("commons/commons-inject-js.ftl"): Found
2025-05-14 14:34:53 [DEBUG] freemarker.cache - Loading template for "commons/commons-inject-js.ftl"("en_IN", UTF-8, parsed) from "jar:file:/C:/Users/rengaraj/.m2/repository/com/aventstack/extentreports/5.0.9/extentreports-5.0.9.jar!/com/aventstack/extentreports/templates/commons/commons-inject-js.ftl"
2025-05-14 15:59:00 [INFO] baseclass.launchezhour - Ezhour application launch
2025-05-14 15:59:07 [INFO] baseclass.launchezhour - Ezhour testing is completed
2025-05-14 15:59:07 [DEBUG] freemarker.cache - Couldn't find template in cache for "spark/spark.spa.ftl"("en_IN", UTF-8, parsed); will try to load it.
2025-05-14 15:59:07 [DEBUG] freemarker.cache - TemplateLoader.findTemplateSource("spark/spark.spa_en_IN.ftl"): Not found
2025-05-14 15:59:07 [DEBUG] freemarker.cache - TemplateLoader.findTemplateSource("spark/spark.spa_en.ftl"): Not found
2025-05-14 15:59:07 [DEBUG] freemarker.cache - TemplateLoader.findTemplateSource("spark/spark.spa.ftl"): Found
2025-05-14 15:59:07 [DEBUG] freemarker.cache - Loading template for "spark/spark.spa.ftl"("en_IN", UTF-8, parsed) from "jar:file:/C:/Users/rengaraj/.m2/repository/com/aventstack/extentreports/5.0.9/extentreports-5.0.9.jar!/com/aventstack/extentreports/templates/spark/spark.spa.ftl"
2025-05-14 15:59:07 [DEBUG] freemarker.cache - Couldn't find template in cache for "commons/commons-variables.ftl"("en_IN", UTF-8, parsed); will try to load it.
2025-05-14 15:59:07 [DEBUG] freemarker.cache - TemplateLoader.findTemplateSource("commons/commons-variables_en_IN.ftl"): Not found
2025-05-14 15:59:07 [DEBUG] freemarker.cache - TemplateLoader.findTemplateSource("commons/commons-variables_en.ftl"): Not found
2025-05-14 15:59:07 [DEBUG] freemarker.cache - TemplateLoader.findTemplateSource("commons/commons-variables.ftl"): Found
2025-05-14 15:59:07 [DEBUG] freemarker.cache - Loading template for "commons/commons-variables.ftl"("en_IN", UTF-8, parsed) from "jar:file:/C:/Users/rengaraj/.m2/repository/com/aventstack/extentreports/5.0.9/extentreports-5.0.9.jar!/com/aventstack/extentreports/templates/commons/commons-variables.ftl"
2025-05-14 15:59:08 [DEBUG] freemarker.cache - Couldn't find template in cache for "commons/commons-macros.ftl"("en_IN", UTF-8, parsed); will try to load it.
2025-05-14 15:59:08 [DEBUG] freemarker.cache - TemplateLoader.findTemplateSource("commons/commons-macros_en_IN.ftl"): Not found
2025-05-14 15:59:08 [DEBUG] freemarker.cache - TemplateLoader.findTemplateSource("commons/commons-macros_en.ftl"): Not found
2025-05-14 15:59:08 [DEBUG] freemarker.cache - TemplateLoader.findTemplateSource("commons/commons-macros.ftl"): Found
2025-05-14 15:59:08 [DEBUG] freemarker.cache - Loading template for "commons/commons-macros.ftl"("en_IN", UTF-8, parsed) from "jar:file:/C:/Users/rengaraj/.m2/repository/com/aventstack/extentreports/5.0.9/extentreports-5.0.9.jar!/com/aventstack/extentreports/templates/commons/commons-macros.ftl"
2025-05-14 15:59:08 [DEBUG] freemarker.cache - Couldn't find template in cache for "spark/macros/attributes.ftl"("en_IN", UTF-8, parsed); will try to load it.
2025-05-14 15:59:08 [DEBUG] freemarker.cache - TemplateLoader.findTemplateSource("spark/macros/attributes_en_IN.ftl"): Not found
2025-05-14 15:59:08 [DEBUG] freemarker.cache - TemplateLoader.findTemplateSource("spark/macros/attributes_en.ftl"): Not found
2025-05-14 15:59:08 [DEBUG] freemarker.cache - TemplateLoader.findTemplateSource("spark/macros/attributes.ftl"): Found
2025-05-14 15:59:08 [DEBUG] freemarker.cache - Loading template for "spark/macros/attributes.ftl"("en_IN", UTF-8, parsed) from "jar:file:/C:/Users/rengaraj/.m2/repository/com/aventstack/extentreports/5.0.9/extentreports-5.0.9.jar!/com/aventstack/extentreports/templates/spark/macros/attributes.ftl"
2025-05-14 15:59:08 [DEBUG] freemarker.cache - Couldn't find template in cache for "spark/macros/log.ftl"("en_IN", UTF-8, parsed); will try to load it.
2025-05-14 15:59:08 [DEBUG] freemarker.cache - TemplateLoader.findTemplateSource("spark/macros/log_en_IN.ftl"): Not found
2025-05-14 15:59:08 [DEBUG] freemarker.cache - TemplateLoader.findTemplateSource("spark/macros/log_en.ftl"): Not found
2025-05-14 15:59:08 [DEBUG] freemarker.cache - TemplateLoader.findTemplateSource("spark/macros/log.ftl"): Found
2025-05-14 15:59:08 [DEBUG] freemarker.cache - Loading template for "spark/macros/log.ftl"("en_IN", UTF-8, parsed) from "jar:file:/C:/Users/rengaraj/.m2/repository/com/aventstack/extentreports/5.0.9/extentreports-5.0.9.jar!/com/aventstack/extentreports/templates/spark/macros/log.ftl"
2025-05-14 15:59:08 [DEBUG] freemarker.cache - Couldn't find template in cache for "spark/macros/recurse_nodes.ftl"("en_IN", UTF-8, parsed); will try to load it.
2025-05-14 15:59:08 [DEBUG] freemarker.cache - TemplateLoader.findTemplateSource("spark/macros/recurse_nodes_en_IN.ftl"): Not found
2025-05-14 15:59:08 [DEBUG] freemarker.cache - TemplateLoader.findTemplateSource("spark/macros/recurse_nodes_en.ftl"): Not found
2025-05-14 15:59:08 [DEBUG] freemarker.cache - TemplateLoader.findTemplateSource("spark/macros/recurse_nodes.ftl"): Found
2025-05-14 15:59:08 [DEBUG] freemarker.cache - Loading template for "spark/macros/recurse_nodes.ftl"("en_IN", UTF-8, parsed) from "jar:file:/C:/Users/rengaraj/.m2/repository/com/aventstack/extentreports/5.0.9/extentreports-5.0.9.jar!/com/aventstack/extentreports/templates/spark/macros/recurse_nodes.ftl"
2025-05-14 15:59:08 [DEBUG] freemarker.cache - "spark/macros/log.ftl"("en_IN", UTF-8, parsed) cached copy not yet stale; using cached.
2025-05-14 15:59:08 [DEBUG] freemarker.cache - Couldn't find template in cache for "spark/macros/attr-common.ftl"("en_IN", UTF-8, parsed); will try to load it.
2025-05-14 15:59:08 [DEBUG] freemarker.cache - TemplateLoader.findTemplateSource("spark/macros/attr-common_en_IN.ftl"): Not found
2025-05-14 15:59:08 [DEBUG] freemarker.cache - TemplateLoader.findTemplateSource("spark/macros/attr-common_en.ftl"): Not found
2025-05-14 15:59:08 [DEBUG] freemarker.cache - TemplateLoader.findTemplateSource("spark/macros/attr-common.ftl"): Found
2025-05-14 15:59:08 [DEBUG] freemarker.cache - Loading template for "spark/macros/attr-common.ftl"("en_IN", UTF-8, parsed) from "jar:file:/C:/Users/rengaraj/.m2/repository/com/aventstack/extentreports/5.0.9/extentreports-5.0.9.jar!/com/aventstack/extentreports/templates/spark/macros/attr-common.ftl"
2025-05-14 15:59:08 [DEBUG] freemarker.cache - Couldn't find template in cache for "spark/partials/head.ftl"("en_IN", UTF-8, parsed); will try to load it.
2025-05-14 15:59:08 [DEBUG] freemarker.cache - TemplateLoader.findTemplateSource("spark/partials/head_en_IN.ftl"): Not found
2025-05-14 15:59:08 [DEBUG] freemarker.cache - TemplateLoader.findTemplateSource("spark/partials/head_en.ftl"): Not found
2025-05-14 15:59:08 [DEBUG] freemarker.cache - TemplateLoader.findTemplateSource("spark/partials/head.ftl"): Found
2025-05-14 15:59:08 [DEBUG] freemarker.cache - Loading template for "spark/partials/head.ftl"("en_IN", UTF-8, parsed) from "jar:file:/C:/Users/rengaraj/.m2/repository/com/aventstack/extentreports/5.0.9/extentreports-5.0.9.jar!/com/aventstack/extentreports/templates/spark/partials/head.ftl"
2025-05-14 15:59:08 [DEBUG] freemarker.cache - Couldn't find template in cache for "commons/commons-inject-css.ftl"("en_IN", UTF-8, parsed); will try to load it.
2025-05-14 15:59:08 [DEBUG] freemarker.cache - TemplateLoader.findTemplateSource("commons/commons-inject-css_en_IN.ftl"): Not found
2025-05-14 15:59:08 [DEBUG] freemarker.cache - TemplateLoader.findTemplateSource("commons/commons-inject-css_en.ftl"): Not found
2025-05-14 15:59:08 [DEBUG] freemarker.cache - TemplateLoader.findTemplateSource("commons/commons-inject-css.ftl"): Found
2025-05-14 15:59:08 [DEBUG] freemarker.cache - Loading template for "commons/commons-inject-css.ftl"("en_IN", UTF-8, parsed) from "jar:file:/C:/Users/rengaraj/.m2/repository/com/aventstack/extentreports/5.0.9/extentreports-5.0.9.jar!/com/aventstack/extentreports/templates/commons/commons-inject-css.ftl"
2025-05-14 15:59:08 [DEBUG] freemarker.cache - Couldn't find template in cache for "spark/partials/navbar.ftl"("en_IN", UTF-8, parsed); will try to load it.
2025-05-14 15:59:08 [DEBUG] freemarker.cache - TemplateLoader.findTemplateSource("spark/partials/navbar_en_IN.ftl"): Not found
2025-05-14 15:59:08 [DEBUG] freemarker.cache - TemplateLoader.findTemplateSource("spark/partials/navbar_en.ftl"): Not found
2025-05-14 15:59:08 [DEBUG] freemarker.cache - TemplateLoader.findTemplateSource("spark/partials/navbar.ftl"): Found
2025-05-14 15:59:08 [DEBUG] freemarker.cache - Loading template for "spark/partials/navbar.ftl"("en_IN", UTF-8, parsed) from "jar:file:/C:/Users/rengaraj/.m2/repository/com/aventstack/extentreports/5.0.9/extentreports-5.0.9.jar!/com/aventstack/extentreports/templates/spark/partials/navbar.ftl"
2025-05-14 15:59:08 [DEBUG] freemarker.cache - Couldn't find template in cache for "spark/partials/sidenav.ftl"("en_IN", UTF-8, parsed); will try to load it.
2025-05-14 15:59:08 [DEBUG] freemarker.cache - TemplateLoader.findTemplateSource("spark/partials/sidenav_en_IN.ftl"): Not found
2025-05-14 15:59:08 [DEBUG] freemarker.cache - TemplateLoader.findTemplateSource("spark/partials/sidenav_en.ftl"): Not found
2025-05-14 15:59:08 [DEBUG] freemarker.cache - TemplateLoader.findTemplateSource("spark/partials/sidenav.ftl"): Found
2025-05-14 15:59:08 [DEBUG] freemarker.cache - Loading template for "spark/partials/sidenav.ftl"("en_IN", UTF-8, parsed) from "jar:file:/C:/Users/rengaraj/.m2/repository/com/aventstack/extentreports/5.0.9/extentreports-5.0.9.jar!/com/aventstack/extentreports/templates/spark/partials/sidenav.ftl"
2025-05-14 15:59:08 [DEBUG] freemarker.cache - Couldn't find template in cache for "spark/partials/test.ftl"("en_IN", UTF-8, parsed); will try to load it.
2025-05-14 15:59:08 [DEBUG] freemarker.cache - TemplateLoader.findTemplateSource("spark/partials/test_en_IN.ftl"): Not found
2025-05-14 15:59:08 [DEBUG] freemarker.cache - TemplateLoader.findTemplateSource("spark/partials/test_en.ftl"): Not found
2025-05-14 15:59:08 [DEBUG] freemarker.cache - TemplateLoader.findTemplateSource("spark/partials/test.ftl"): Found
2025-05-14 15:59:08 [DEBUG] freemarker.cache - Loading template for "spark/partials/test.ftl"("en_IN", UTF-8, parsed) from "jar:file:/C:/Users/rengaraj/.m2/repository/com/aventstack/extentreports/5.0.9/extentreports-5.0.9.jar!/com/aventstack/extentreports/templates/spark/partials/test.ftl"
2025-05-14 15:59:08 [DEBUG] freemarker.cache - Couldn't find template in cache for "spark/partials/standard-content.ftl"("en_IN", UTF-8, parsed); will try to load it.
2025-05-14 15:59:08 [DEBUG] freemarker.cache - TemplateLoader.findTemplateSource("spark/partials/standard-content_en_IN.ftl"): Not found
2025-05-14 15:59:08 [DEBUG] freemarker.cache - TemplateLoader.findTemplateSource("spark/partials/standard-content_en.ftl"): Not found
2025-05-14 15:59:08 [DEBUG] freemarker.cache - TemplateLoader.findTemplateSource("spark/partials/standard-content.ftl"): Found
2025-05-14 15:59:08 [DEBUG] freemarker.cache - Loading template for "spark/partials/standard-content.ftl"("en_IN", UTF-8, parsed) from "jar:file:/C:/Users/rengaraj/.m2/repository/com/aventstack/extentreports/5.0.9/extentreports-5.0.9.jar!/com/aventstack/extentreports/templates/spark/partials/standard-content.ftl"
2025-05-14 15:59:08 [DEBUG] freemarker.cache - "spark/partials/standard-content.ftl"("en_IN", UTF-8, parsed) cached copy not yet stale; using cached.
2025-05-14 15:59:08 [DEBUG] freemarker.cache - "spark/partials/standard-content.ftl"("en_IN", UTF-8, parsed) cached copy not yet stale; using cached.
2025-05-14 15:59:08 [DEBUG] freemarker.cache - Couldn't find template in cache for "spark/partials/exception.ftl"("en_IN", UTF-8, parsed); will try to load it.
2025-05-14 15:59:08 [DEBUG] freemarker.cache - TemplateLoader.findTemplateSource("spark/partials/exception_en_IN.ftl"): Not found
2025-05-14 15:59:08 [DEBUG] freemarker.cache - TemplateLoader.findTemplateSource("spark/partials/exception_en.ftl"): Not found
2025-05-14 15:59:08 [DEBUG] freemarker.cache - TemplateLoader.findTemplateSource("spark/partials/exception.ftl"): Found
2025-05-14 15:59:08 [DEBUG] freemarker.cache - Loading template for "spark/partials/exception.ftl"("en_IN", UTF-8, parsed) from "jar:file:/C:/Users/rengaraj/.m2/repository/com/aventstack/extentreports/5.0.9/extentreports-5.0.9.jar!/com/aventstack/extentreports/templates/spark/partials/exception.ftl"
2025-05-14 15:59:08 [DEBUG] freemarker.cache - Couldn't find template in cache for "spark/partials/category.ftl"("en_IN", UTF-8, parsed); will try to load it.
2025-05-14 15:59:08 [DEBUG] freemarker.cache - TemplateLoader.findTemplateSource("spark/partials/category_en_IN.ftl"): Not found
2025-05-14 15:59:08 [DEBUG] freemarker.cache - TemplateLoader.findTemplateSource("spark/partials/category_en.ftl"): Not found
2025-05-14 15:59:08 [DEBUG] freemarker.cache - TemplateLoader.findTemplateSource("spark/partials/category.ftl"): Found
2025-05-14 15:59:08 [DEBUG] freemarker.cache - Loading template for "spark/partials/category.ftl"("en_IN", UTF-8, parsed) from "jar:file:/C:/Users/rengaraj/.m2/repository/com/aventstack/extentreports/5.0.9/extentreports-5.0.9.jar!/com/aventstack/extentreports/templates/spark/partials/category.ftl"
2025-05-14 15:59:08 [DEBUG] freemarker.cache - Couldn't find template in cache for "spark/partials/device.ftl"("en_IN", UTF-8, parsed); will try to load it.
2025-05-14 15:59:08 [DEBUG] freemarker.cache - TemplateLoader.findTemplateSource("spark/partials/device_en_IN.ftl"): Not found
2025-05-14 15:59:08 [DEBUG] freemarker.cache - TemplateLoader.findTemplateSource("spark/partials/device_en.ftl"): Not found
2025-05-14 15:59:08 [DEBUG] freemarker.cache - TemplateLoader.findTemplateSource("spark/partials/device.ftl"): Found
2025-05-14 15:59:08 [DEBUG] freemarker.cache - Loading template for "spark/partials/device.ftl"("en_IN", UTF-8, parsed) from "jar:file:/C:/Users/rengaraj/.m2/repository/com/aventstack/extentreports/5.0.9/extentreports-5.0.9.jar!/com/aventstack/extentreports/templates/spark/partials/device.ftl"
2025-05-14 15:59:08 [DEBUG] freemarker.cache - Couldn't find template in cache for "spark/partials/author.ftl"("en_IN", UTF-8, parsed); will try to load it.
2025-05-14 15:59:08 [DEBUG] freemarker.cache - TemplateLoader.findTemplateSource("spark/partials/author_en_IN.ftl"): Not found
2025-05-14 15:59:08 [DEBUG] freemarker.cache - TemplateLoader.findTemplateSource("spark/partials/author_en.ftl"): Not found
2025-05-14 15:59:08 [DEBUG] freemarker.cache - TemplateLoader.findTemplateSource("spark/partials/author.ftl"): Found
2025-05-14 15:59:08 [DEBUG] freemarker.cache - Loading template for "spark/partials/author.ftl"("en_IN", UTF-8, parsed) from "jar:file:/C:/Users/rengaraj/.m2/repository/com/aventstack/extentreports/5.0.9/extentreports-5.0.9.jar!/com/aventstack/extentreports/templates/spark/partials/author.ftl"
2025-05-14 15:59:08 [DEBUG] freemarker.cache - Couldn't find template in cache for "spark/partials/log.ftl"("en_IN", UTF-8, parsed); will try to load it.
2025-05-14 15:59:08 [DEBUG] freemarker.cache - TemplateLoader.findTemplateSource("spark/partials/log_en_IN.ftl"): Not found
2025-05-14 15:59:08 [DEBUG] freemarker.cache - TemplateLoader.findTemplateSource("spark/partials/log_en.ftl"): Not found
2025-05-14 15:59:08 [DEBUG] freemarker.cache - TemplateLoader.findTemplateSource("spark/partials/log.ftl"): Found
2025-05-14 15:59:08 [DEBUG] freemarker.cache - Loading template for "spark/partials/log.ftl"("en_IN", UTF-8, parsed) from "jar:file:/C:/Users/rengaraj/.m2/repository/com/aventstack/extentreports/5.0.9/extentreports-5.0.9.jar!/com/aventstack/extentreports/templates/spark/partials/log.ftl"
2025-05-14 15:59:08 [DEBUG] freemarker.cache - Couldn't find template in cache for "spark/partials/dashboard.ftl"("en_IN", UTF-8, parsed); will try to load it.
2025-05-14 15:59:08 [DEBUG] freemarker.cache - TemplateLoader.findTemplateSource("spark/partials/dashboard_en_IN.ftl"): Not found
2025-05-14 15:59:08 [DEBUG] freemarker.cache - TemplateLoader.findTemplateSource("spark/partials/dashboard_en.ftl"): Not found
2025-05-14 15:59:08 [DEBUG] freemarker.cache - TemplateLoader.findTemplateSource("spark/partials/dashboard.ftl"): Found
2025-05-14 15:59:08 [DEBUG] freemarker.cache - Loading template for "spark/partials/dashboard.ftl"("en_IN", UTF-8, parsed) from "jar:file:/C:/Users/rengaraj/.m2/repository/com/aventstack/extentreports/5.0.9/extentreports-5.0.9.jar!/com/aventstack/extentreports/templates/spark/partials/dashboard.ftl"
2025-05-14 15:59:08 [DEBUG] freemarker.cache - Couldn't find template in cache for "spark/partials/scripts.ftl"("en_IN", UTF-8, parsed); will try to load it.
2025-05-14 15:59:08 [DEBUG] freemarker.cache - TemplateLoader.findTemplateSource("spark/partials/scripts_en_IN.ftl"): Not found
2025-05-14 15:59:08 [DEBUG] freemarker.cache - TemplateLoader.findTemplateSource("spark/partials/scripts_en.ftl"): Not found
2025-05-14 15:59:08 [DEBUG] freemarker.cache - TemplateLoader.findTemplateSource("spark/partials/scripts.ftl"): Found
2025-05-14 15:59:08 [DEBUG] freemarker.cache - Loading template for "spark/partials/scripts.ftl"("en_IN", UTF-8, parsed) from "jar:file:/C:/Users/rengaraj/.m2/repository/com/aventstack/extentreports/5.0.9/extentreports-5.0.9.jar!/com/aventstack/extentreports/templates/spark/partials/scripts.ftl"
2025-05-14 15:59:08 [DEBUG] freemarker.cache - Couldn't find template in cache for "commons/commons-inject-js.ftl"("en_IN", UTF-8, parsed); will try to load it.
2025-05-14 15:59:08 [DEBUG] freemarker.cache - TemplateLoader.findTemplateSource("commons/commons-inject-js_en_IN.ftl"): Not found
2025-05-14 15:59:08 [DEBUG] freemarker.cache - TemplateLoader.findTemplateSource("commons/commons-inject-js_en.ftl"): Not found
2025-05-14 15:59:08 [DEBUG] freemarker.cache - TemplateLoader.findTemplateSource("commons/commons-inject-js.ftl"): Found
2025-05-14 15:59:08 [DEBUG] freemarker.cache - Loading template for "commons/commons-inject-js.ftl"("en_IN", UTF-8, parsed) from "jar:file:/C:/Users/rengaraj/.m2/repository/com/aventstack/extentreports/5.0.9/extentreports-5.0.9.jar!/com/aventstack/extentreports/templates/commons/commons-inject-js.ftl"
2025-05-14 16:05:02 [INFO] baseclass.launchezhour - Ezhour application launch
2025-05-14 16:05:07 [INFO] baseclass.launchezhour - Ezhour testing is completed
2025-05-14 16:05:08 [DEBUG] freemarker.cache - Couldn't find template in cache for "spark/spark.spa.ftl"("en_IN", UTF-8, parsed); will try to load it.
2025-05-14 16:05:08 [DEBUG] freemarker.cache - TemplateLoader.findTemplateSource("spark/spark.spa_en_IN.ftl"): Not found
2025-05-14 16:05:08 [DEBUG] freemarker.cache - TemplateLoader.findTemplateSource("spark/spark.spa_en.ftl"): Not found
2025-05-14 16:05:08 [DEBUG] freemarker.cache - TemplateLoader.findTemplateSource("spark/spark.spa.ftl"): Found
2025-05-14 16:05:08 [DEBUG] freemarker.cache - Loading template for "spark/spark.spa.ftl"("en_IN", UTF-8, parsed) from "jar:file:/C:/Users/rengaraj/.m2/repository/com/aventstack/extentreports/5.0.9/extentreports-5.0.9.jar!/com/aventstack/extentreports/templates/spark/spark.spa.ftl"
2025-05-14 16:05:08 [DEBUG] freemarker.cache - Couldn't find template in cache for "commons/commons-variables.ftl"("en_IN", UTF-8, parsed); will try to load it.
2025-05-14 16:05:08 [DEBUG] freemarker.cache - TemplateLoader.findTemplateSource("commons/commons-variables_en_IN.ftl"): Not found
2025-05-14 16:05:08 [DEBUG] freemarker.cache - TemplateLoader.findTemplateSource("commons/commons-variables_en.ftl"): Not found
2025-05-14 16:05:08 [DEBUG] freemarker.cache - TemplateLoader.findTemplateSource("commons/commons-variables.ftl"): Found
2025-05-14 16:05:08 [DEBUG] freemarker.cache - Loading template for "commons/commons-variables.ftl"("en_IN", UTF-8, parsed) from "jar:file:/C:/Users/rengaraj/.m2/repository/com/aventstack/extentreports/5.0.9/extentreports-5.0.9.jar!/com/aventstack/extentreports/templates/commons/commons-variables.ftl"
2025-05-14 16:05:08 [DEBUG] freemarker.cache - Couldn't find template in cache for "commons/commons-macros.ftl"("en_IN", UTF-8, parsed); will try to load it.
2025-05-14 16:05:08 [DEBUG] freemarker.cache - TemplateLoader.findTemplateSource("commons/commons-macros_en_IN.ftl"): Not found
2025-05-14 16:05:08 [DEBUG] freemarker.cache - TemplateLoader.findTemplateSource("commons/commons-macros_en.ftl"): Not found
2025-05-14 16:05:08 [DEBUG] freemarker.cache - TemplateLoader.findTemplateSource("commons/commons-macros.ftl"): Found
2025-05-14 16:05:08 [DEBUG] freemarker.cache - Loading template for "commons/commons-macros.ftl"("en_IN", UTF-8, parsed) from "jar:file:/C:/Users/rengaraj/.m2/repository/com/aventstack/extentreports/5.0.9/extentreports-5.0.9.jar!/com/aventstack/extentreports/templates/commons/commons-macros.ftl"
2025-05-14 16:05:08 [DEBUG] freemarker.cache - Couldn't find template in cache for "spark/macros/attributes.ftl"("en_IN", UTF-8, parsed); will try to load it.
2025-05-14 16:05:08 [DEBUG] freemarker.cache - TemplateLoader.findTemplateSource("spark/macros/attributes_en_IN.ftl"): Not found
2025-05-14 16:05:08 [DEBUG] freemarker.cache - TemplateLoader.findTemplateSource("spark/macros/attributes_en.ftl"): Not found
2025-05-14 16:05:08 [DEBUG] freemarker.cache - TemplateLoader.findTemplateSource("spark/macros/attributes.ftl"): Found
2025-05-14 16:05:08 [DEBUG] freemarker.cache - Loading template for "spark/macros/attributes.ftl"("en_IN", UTF-8, parsed) from "jar:file:/C:/Users/rengaraj/.m2/repository/com/aventstack/extentreports/5.0.9/extentreports-5.0.9.jar!/com/aventstack/extentreports/templates/spark/macros/attributes.ftl"
2025-05-14 16:05:08 [DEBUG] freemarker.cache - Couldn't find template in cache for "spark/macros/log.ftl"("en_IN", UTF-8, parsed); will try to load it.
2025-05-14 16:05:08 [DEBUG] freemarker.cache - TemplateLoader.findTemplateSource("spark/macros/log_en_IN.ftl"): Not found
2025-05-14 16:05:08 [DEBUG] freemarker.cache - TemplateLoader.findTemplateSource("spark/macros/log_en.ftl"): Not found
2025-05-14 16:05:08 [DEBUG] freemarker.cache - TemplateLoader.findTemplateSource("spark/macros/log.ftl"): Found
2025-05-14 16:05:08 [DEBUG] freemarker.cache - Loading template for "spark/macros/log.ftl"("en_IN", UTF-8, parsed) from "jar:file:/C:/Users/rengaraj/.m2/repository/com/aventstack/extentreports/5.0.9/extentreports-5.0.9.jar!/com/aventstack/extentreports/templates/spark/macros/log.ftl"
2025-05-14 16:05:08 [DEBUG] freemarker.cache - Couldn't find template in cache for "spark/macros/recurse_nodes.ftl"("en_IN", UTF-8, parsed); will try to load it.
2025-05-14 16:05:08 [DEBUG] freemarker.cache - TemplateLoader.findTemplateSource("spark/macros/recurse_nodes_en_IN.ftl"): Not found
2025-05-14 16:05:08 [DEBUG] freemarker.cache - TemplateLoader.findTemplateSource("spark/macros/recurse_nodes_en.ftl"): Not found
2025-05-14 16:05:08 [DEBUG] freemarker.cache - TemplateLoader.findTemplateSource("spark/macros/recurse_nodes.ftl"): Found
2025-05-14 16:05:08 [DEBUG] freemarker.cache - Loading template for "spark/macros/recurse_nodes.ftl"("en_IN", UTF-8, parsed) from "jar:file:/C:/Users/rengaraj/.m2/repository/com/aventstack/extentreports/5.0.9/extentreports-5.0.9.jar!/com/aventstack/extentreports/templates/spark/macros/recurse_nodes.ftl"
2025-05-14 16:05:08 [DEBUG] freemarker.cache - "spark/macros/log.ftl"("en_IN", UTF-8, parsed) cached copy not yet stale; using cached.
2025-05-14 16:05:08 [DEBUG] freemarker.cache - Couldn't find template in cache for "spark/macros/attr-common.ftl"("en_IN", UTF-8, parsed); will try to load it.
2025-05-14 16:05:08 [DEBUG] freemarker.cache - TemplateLoader.findTemplateSource("spark/macros/attr-common_en_IN.ftl"): Not found
2025-05-14 16:05:08 [DEBUG] freemarker.cache - TemplateLoader.findTemplateSource("spark/macros/attr-common_en.ftl"): Not found
2025-05-14 16:05:08 [DEBUG] freemarker.cache - TemplateLoader.findTemplateSource("spark/macros/attr-common.ftl"): Found
2025-05-14 16:05:08 [DEBUG] freemarker.cache - Loading template for "spark/macros/attr-common.ftl"("en_IN", UTF-8, parsed) from "jar:file:/C:/Users/rengaraj/.m2/repository/com/aventstack/extentreports/5.0.9/extentreports-5.0.9.jar!/com/aventstack/extentreports/templates/spark/macros/attr-common.ftl"
2025-05-14 16:05:08 [DEBUG] freemarker.cache - Couldn't find template in cache for "spark/partials/head.ftl"("en_IN", UTF-8, parsed); will try to load it.
2025-05-14 16:05:08 [DEBUG] freemarker.cache - TemplateLoader.findTemplateSource("spark/partials/head_en_IN.ftl"): Not found
2025-05-14 16:05:08 [DEBUG] freemarker.cache - TemplateLoader.findTemplateSource("spark/partials/head_en.ftl"): Not found
2025-05-14 16:05:08 [DEBUG] freemarker.cache - TemplateLoader.findTemplateSource("spark/partials/head.ftl"): Found
2025-05-14 16:05:08 [DEBUG] freemarker.cache - Loading template for "spark/partials/head.ftl"("en_IN", UTF-8, parsed) from "jar:file:/C:/Users/rengaraj/.m2/repository/com/aventstack/extentreports/5.0.9/extentreports-5.0.9.jar!/com/aventstack/extentreports/templates/spark/partials/head.ftl"
2025-05-14 16:05:08 [DEBUG] freemarker.cache - Couldn't find template in cache for "commons/commons-inject-css.ftl"("en_IN", UTF-8, parsed); will try to load it.
2025-05-14 16:05:08 [DEBUG] freemarker.cache - TemplateLoader.findTemplateSource("commons/commons-inject-css_en_IN.ftl"): Not found
2025-05-14 16:05:08 [DEBUG] freemarker.cache - TemplateLoader.findTemplateSource("commons/commons-inject-css_en.ftl"): Not found
2025-05-14 16:05:08 [DEBUG] freemarker.cache - TemplateLoader.findTemplateSource("commons/commons-inject-css.ftl"): Found
2025-05-14 16:05:08 [DEBUG] freemarker.cache - Loading template for "commons/commons-inject-css.ftl"("en_IN", UTF-8, parsed) from "jar:file:/C:/Users/rengaraj/.m2/repository/com/aventstack/extentreports/5.0.9/extentreports-5.0.9.jar!/com/aventstack/extentreports/templates/commons/commons-inject-css.ftl"
2025-05-14 16:05:08 [DEBUG] freemarker.cache - Couldn't find template in cache for "spark/partials/navbar.ftl"("en_IN", UTF-8, parsed); will try to load it.
2025-05-14 16:05:08 [DEBUG] freemarker.cache - TemplateLoader.findTemplateSource("spark/partials/navbar_en_IN.ftl"): Not found
2025-05-14 16:05:08 [DEBUG] freemarker.cache - TemplateLoader.findTemplateSource("spark/partials/navbar_en.ftl"): Not found
2025-05-14 16:05:08 [DEBUG] freemarker.cache - TemplateLoader.findTemplateSource("spark/partials/navbar.ftl"): Found
2025-05-14 16:05:08 [DEBUG] freemarker.cache - Loading template for "spark/partials/navbar.ftl"("en_IN", UTF-8, parsed) from "jar:file:/C:/Users/rengaraj/.m2/repository/com/aventstack/extentreports/5.0.9/extentreports-5.0.9.jar!/com/aventstack/extentreports/templates/spark/partials/navbar.ftl"
2025-05-14 16:05:08 [DEBUG] freemarker.cache - Couldn't find template in cache for "spark/partials/sidenav.ftl"("en_IN", UTF-8, parsed); will try to load it.
2025-05-14 16:05:08 [DEBUG] freemarker.cache - TemplateLoader.findTemplateSource("spark/partials/sidenav_en_IN.ftl"): Not found
2025-05-14 16:05:08 [DEBUG] freemarker.cache - TemplateLoader.findTemplateSource("spark/partials/sidenav_en.ftl"): Not found
2025-05-14 16:05:08 [DEBUG] freemarker.cache - TemplateLoader.findTemplateSource("spark/partials/sidenav.ftl"): Found
2025-05-14 16:05:08 [DEBUG] freemarker.cache - Loading template for "spark/partials/sidenav.ftl"("en_IN", UTF-8, parsed) from "jar:file:/C:/Users/rengaraj/.m2/repository/com/aventstack/extentreports/5.0.9/extentreports-5.0.9.jar!/com/aventstack/extentreports/templates/spark/partials/sidenav.ftl"
2025-05-14 16:05:08 [DEBUG] freemarker.cache - Couldn't find template in cache for "spark/partials/test.ftl"("en_IN", UTF-8, parsed); will try to load it.
2025-05-14 16:05:08 [DEBUG] freemarker.cache - TemplateLoader.findTemplateSource("spark/partials/test_en_IN.ftl"): Not found
2025-05-14 16:05:08 [DEBUG] freemarker.cache - TemplateLoader.findTemplateSource("spark/partials/test_en.ftl"): Not found
2025-05-14 16:05:08 [DEBUG] freemarker.cache - TemplateLoader.findTemplateSource("spark/partials/test.ftl"): Found
2025-05-14 16:05:08 [DEBUG] freemarker.cache - Loading template for "spark/partials/test.ftl"("en_IN", UTF-8, parsed) from "jar:file:/C:/Users/rengaraj/.m2/repository/com/aventstack/extentreports/5.0.9/extentreports-5.0.9.jar!/com/aventstack/extentreports/templates/spark/partials/test.ftl"
2025-05-14 16:05:08 [DEBUG] freemarker.cache - Couldn't find template in cache for "spark/partials/standard-content.ftl"("en_IN", UTF-8, parsed); will try to load it.
2025-05-14 16:05:08 [DEBUG] freemarker.cache - TemplateLoader.findTemplateSource("spark/partials/standard-content_en_IN.ftl"): Not found
2025-05-14 16:05:08 [DEBUG] freemarker.cache - TemplateLoader.findTemplateSource("spark/partials/standard-content_en.ftl"): Not found
2025-05-14 16:05:08 [DEBUG] freemarker.cache - TemplateLoader.findTemplateSource("spark/partials/standard-content.ftl"): Found
2025-05-14 16:05:08 [DEBUG] freemarker.cache - Loading template for "spark/partials/standard-content.ftl"("en_IN", UTF-8, parsed) from "jar:file:/C:/Users/rengaraj/.m2/repository/com/aventstack/extentreports/5.0.9/extentreports-5.0.9.jar!/com/aventstack/extentreports/templates/spark/partials/standard-content.ftl"
2025-05-14 16:05:08 [DEBUG] freemarker.cache - "spark/partials/standard-content.ftl"("en_IN", UTF-8, parsed) cached copy not yet stale; using cached.
2025-05-14 16:05:08 [DEBUG] freemarker.cache - "spark/partials/standard-content.ftl"("en_IN", UTF-8, parsed) cached copy not yet stale; using cached.
2025-05-14 16:05:08 [DEBUG] freemarker.cache - Couldn't find template in cache for "spark/partials/exception.ftl"("en_IN", UTF-8, parsed); will try to load it.
2025-05-14 16:05:08 [DEBUG] freemarker.cache - TemplateLoader.findTemplateSource("spark/partials/exception_en_IN.ftl"): Not found
2025-05-14 16:05:08 [DEBUG] freemarker.cache - TemplateLoader.findTemplateSource("spark/partials/exception_en.ftl"): Not found
2025-05-14 16:05:08 [DEBUG] freemarker.cache - TemplateLoader.findTemplateSource("spark/partials/exception.ftl"): Found
2025-05-14 16:05:08 [DEBUG] freemarker.cache - Loading template for "spark/partials/exception.ftl"("en_IN", UTF-8, parsed) from "jar:file:/C:/Users/rengaraj/.m2/repository/com/aventstack/extentreports/5.0.9/extentreports-5.0.9.jar!/com/aventstack/extentreports/templates/spark/partials/exception.ftl"
2025-05-14 16:05:08 [DEBUG] freemarker.cache - Couldn't find template in cache for "spark/partials/category.ftl"("en_IN", UTF-8, parsed); will try to load it.
2025-05-14 16:05:08 [DEBUG] freemarker.cache - TemplateLoader.findTemplateSource("spark/partials/category_en_IN.ftl"): Not found
2025-05-14 16:05:08 [DEBUG] freemarker.cache - TemplateLoader.findTemplateSource("spark/partials/category_en.ftl"): Not found
2025-05-14 16:05:08 [DEBUG] freemarker.cache - TemplateLoader.findTemplateSource("spark/partials/category.ftl"): Found
2025-05-14 16:05:08 [DEBUG] freemarker.cache - Loading template for "spark/partials/category.ftl"("en_IN", UTF-8, parsed) from "jar:file:/C:/Users/rengaraj/.m2/repository/com/aventstack/extentreports/5.0.9/extentreports-5.0.9.jar!/com/aventstack/extentreports/templates/spark/partials/category.ftl"
2025-05-14 16:05:08 [DEBUG] freemarker.cache - Couldn't find template in cache for "spark/partials/device.ftl"("en_IN", UTF-8, parsed); will try to load it.
2025-05-14 16:05:08 [DEBUG] freemarker.cache - TemplateLoader.findTemplateSource("spark/partials/device_en_IN.ftl"): Not found
2025-05-14 16:05:08 [DEBUG] freemarker.cache - TemplateLoader.findTemplateSource("spark/partials/device_en.ftl"): Not found
2025-05-14 16:05:08 [DEBUG] freemarker.cache - TemplateLoader.findTemplateSource("spark/partials/device.ftl"): Found
2025-05-14 16:05:08 [DEBUG] freemarker.cache - Loading template for "spark/partials/device.ftl"("en_IN", UTF-8, parsed) from "jar:file:/C:/Users/rengaraj/.m2/repository/com/aventstack/extentreports/5.0.9/extentreports-5.0.9.jar!/com/aventstack/extentreports/templates/spark/partials/device.ftl"
2025-05-14 16:05:08 [DEBUG] freemarker.cache - Couldn't find template in cache for "spark/partials/author.ftl"("en_IN", UTF-8, parsed); will try to load it.
2025-05-14 16:05:08 [DEBUG] freemarker.cache - TemplateLoader.findTemplateSource("spark/partials/author_en_IN.ftl"): Not found
2025-05-14 16:05:08 [DEBUG] freemarker.cache - TemplateLoader.findTemplateSource("spark/partials/author_en.ftl"): Not found
2025-05-14 16:05:08 [DEBUG] freemarker.cache - TemplateLoader.findTemplateSource("spark/partials/author.ftl"): Found
2025-05-14 16:05:08 [DEBUG] freemarker.cache - Loading template for "spark/partials/author.ftl"("en_IN", UTF-8, parsed) from "jar:file:/C:/Users/rengaraj/.m2/repository/com/aventstack/extentreports/5.0.9/extentreports-5.0.9.jar!/com/aventstack/extentreports/templates/spark/partials/author.ftl"
2025-05-14 16:05:08 [DEBUG] freemarker.cache - Couldn't find template in cache for "spark/partials/log.ftl"("en_IN", UTF-8, parsed); will try to load it.
2025-05-14 16:05:08 [DEBUG] freemarker.cache - TemplateLoader.findTemplateSource("spark/partials/log_en_IN.ftl"): Not found
2025-05-14 16:05:08 [DEBUG] freemarker.cache - TemplateLoader.findTemplateSource("spark/partials/log_en.ftl"): Not found
2025-05-14 16:05:08 [DEBUG] freemarker.cache - TemplateLoader.findTemplateSource("spark/partials/log.ftl"): Found
2025-05-14 16:05:08 [DEBUG] freemarker.cache - Loading template for "spark/partials/log.ftl"("en_IN", UTF-8, parsed) from "jar:file:/C:/Users/rengaraj/.m2/repository/com/aventstack/extentreports/5.0.9/extentreports-5.0.9.jar!/com/aventstack/extentreports/templates/spark/partials/log.ftl"
2025-05-14 16:05:08 [DEBUG] freemarker.cache - Couldn't find template in cache for "spark/partials/dashboard.ftl"("en_IN", UTF-8, parsed); will try to load it.
2025-05-14 16:05:08 [DEBUG] freemarker.cache - TemplateLoader.findTemplateSource("spark/partials/dashboard_en_IN.ftl"): Not found
2025-05-14 16:05:08 [DEBUG] freemarker.cache - TemplateLoader.findTemplateSource("spark/partials/dashboard_en.ftl"): Not found
2025-05-14 16:05:08 [DEBUG] freemarker.cache - TemplateLoader.findTemplateSource("spark/partials/dashboard.ftl"): Found
2025-05-14 16:05:08 [DEBUG] freemarker.cache - Loading template for "spark/partials/dashboard.ftl"("en_IN", UTF-8, parsed) from "jar:file:/C:/Users/rengaraj/.m2/repository/com/aventstack/extentreports/5.0.9/extentreports-5.0.9.jar!/com/aventstack/extentreports/templates/spark/partials/dashboard.ftl"
2025-05-14 16:05:08 [DEBUG] freemarker.cache - Couldn't find template in cache for "spark/partials/scripts.ftl"("en_IN", UTF-8, parsed); will try to load it.
2025-05-14 16:05:08 [DEBUG] freemarker.cache - TemplateLoader.findTemplateSource("spark/partials/scripts_en_IN.ftl"): Not found
2025-05-14 16:05:08 [DEBUG] freemarker.cache - TemplateLoader.findTemplateSource("spark/partials/scripts_en.ftl"): Not found
2025-05-14 16:05:08 [DEBUG] freemarker.cache - TemplateLoader.findTemplateSource("spark/partials/scripts.ftl"): Found
2025-05-14 16:05:08 [DEBUG] freemarker.cache - Loading template for "spark/partials/scripts.ftl"("en_IN", UTF-8, parsed) from "jar:file:/C:/Users/rengaraj/.m2/repository/com/aventstack/extentreports/5.0.9/extentreports-5.0.9.jar!/com/aventstack/extentreports/templates/spark/partials/scripts.ftl"
2025-05-14 16:05:08 [DEBUG] freemarker.cache - Couldn't find template in cache for "commons/commons-inject-js.ftl"("en_IN", UTF-8, parsed); will try to load it.
2025-05-14 16:05:08 [DEBUG] freemarker.cache - TemplateLoader.findTemplateSource("commons/commons-inject-js_en_IN.ftl"): Not found
2025-05-14 16:05:08 [DEBUG] freemarker.cache - TemplateLoader.findTemplateSource("commons/commons-inject-js_en.ftl"): Not found
2025-05-14 16:05:08 [DEBUG] freemarker.cache - TemplateLoader.findTemplateSource("commons/commons-inject-js.ftl"): Found
2025-05-14 16:05:08 [DEBUG] freemarker.cache - Loading template for "commons/commons-inject-js.ftl"("en_IN", UTF-8, parsed) from "jar:file:/C:/Users/rengaraj/.m2/repository/com/aventstack/extentreports/5.0.9/extentreports-5.0.9.jar!/com/aventstack/extentreports/templates/commons/commons-inject-js.ftl"
2025-05-14 16:10:20 [INFO] baseclass.launchezhour - Ezhour application launch
2025-05-14 16:10:25 [INFO] baseclass.launchezhour - Ezhour testing is completed
2025-05-14 16:10:25 [DEBUG] freemarker.cache - Couldn't find template in cache for "spark/spark.spa.ftl"("en_IN", UTF-8, parsed); will try to load it.
2025-05-14 16:10:25 [DEBUG] freemarker.cache - TemplateLoader.findTemplateSource("spark/spark.spa_en_IN.ftl"): Not found
2025-05-14 16:10:25 [DEBUG] freemarker.cache - TemplateLoader.findTemplateSource("spark/spark.spa_en.ftl"): Not found
2025-05-14 16:10:25 [DEBUG] freemarker.cache - TemplateLoader.findTemplateSource("spark/spark.spa.ftl"): Found
2025-05-14 16:10:25 [DEBUG] freemarker.cache - Loading template for "spark/spark.spa.ftl"("en_IN", UTF-8, parsed) from "jar:file:/C:/Users/rengaraj/.m2/repository/com/aventstack/extentreports/5.0.9/extentreports-5.0.9.jar!/com/aventstack/extentreports/templates/spark/spark.spa.ftl"
2025-05-14 16:10:25 [DEBUG] freemarker.cache - Couldn't find template in cache for "commons/commons-variables.ftl"("en_IN", UTF-8, parsed); will try to load it.
2025-05-14 16:10:25 [DEBUG] freemarker.cache - TemplateLoader.findTemplateSource("commons/commons-variables_en_IN.ftl"): Not found
2025-05-14 16:10:25 [DEBUG] freemarker.cache - TemplateLoader.findTemplateSource("commons/commons-variables_en.ftl"): Not found
2025-05-14 16:10:25 [DEBUG] freemarker.cache - TemplateLoader.findTemplateSource("commons/commons-variables.ftl"): Found
2025-05-14 16:10:25 [DEBUG] freemarker.cache - Loading template for "commons/commons-variables.ftl"("en_IN", UTF-8, parsed) from "jar:file:/C:/Users/rengaraj/.m2/repository/com/aventstack/extentreports/5.0.9/extentreports-5.0.9.jar!/com/aventstack/extentreports/templates/commons/commons-variables.ftl"
2025-05-14 16:10:25 [DEBUG] freemarker.cache - Couldn't find template in cache for "commons/commons-macros.ftl"("en_IN", UTF-8, parsed); will try to load it.
2025-05-14 16:10:25 [DEBUG] freemarker.cache - TemplateLoader.findTemplateSource("commons/commons-macros_en_IN.ftl"): Not found
2025-05-14 16:10:25 [DEBUG] freemarker.cache - TemplateLoader.findTemplateSource("commons/commons-macros_en.ftl"): Not found
2025-05-14 16:10:25 [DEBUG] freemarker.cache - TemplateLoader.findTemplateSource("commons/commons-macros.ftl"): Found
2025-05-14 16:10:25 [DEBUG] freemarker.cache - Loading template for "commons/commons-macros.ftl"("en_IN", UTF-8, parsed) from "jar:file:/C:/Users/rengaraj/.m2/repository/com/aventstack/extentreports/5.0.9/extentreports-5.0.9.jar!/com/aventstack/extentreports/templates/commons/commons-macros.ftl"
2025-05-14 16:10:25 [DEBUG] freemarker.cache - Couldn't find template in cache for "spark/macros/attributes.ftl"("en_IN", UTF-8, parsed); will try to load it.
2025-05-14 16:10:25 [DEBUG] freemarker.cache - TemplateLoader.findTemplateSource("spark/macros/attributes_en_IN.ftl"): Not found
2025-05-14 16:10:25 [DEBUG] freemarker.cache - TemplateLoader.findTemplateSource("spark/macros/attributes_en.ftl"): Not found
2025-05-14 16:10:25 [DEBUG] freemarker.cache - TemplateLoader.findTemplateSource("spark/macros/attributes.ftl"): Found
2025-05-14 16:10:25 [DEBUG] freemarker.cache - Loading template for "spark/macros/attributes.ftl"("en_IN", UTF-8, parsed) from "jar:file:/C:/Users/rengaraj/.m2/repository/com/aventstack/extentreports/5.0.9/extentreports-5.0.9.jar!/com/aventstack/extentreports/templates/spark/macros/attributes.ftl"
2025-05-14 16:10:25 [DEBUG] freemarker.cache - Couldn't find template in cache for "spark/macros/log.ftl"("en_IN", UTF-8, parsed); will try to load it.
2025-05-14 16:10:25 [DEBUG] freemarker.cache - TemplateLoader.findTemplateSource("spark/macros/log_en_IN.ftl"): Not found
2025-05-14 16:10:25 [DEBUG] freemarker.cache - TemplateLoader.findTemplateSource("spark/macros/log_en.ftl"): Not found
2025-05-14 16:10:25 [DEBUG] freemarker.cache - TemplateLoader.findTemplateSource("spark/macros/log.ftl"): Found
2025-05-14 16:10:25 [DEBUG] freemarker.cache - Loading template for "spark/macros/log.ftl"("en_IN", UTF-8, parsed) from "jar:file:/C:/Users/rengaraj/.m2/repository/com/aventstack/extentreports/5.0.9/extentreports-5.0.9.jar!/com/aventstack/extentreports/templates/spark/macros/log.ftl"
2025-05-14 16:10:25 [DEBUG] freemarker.cache - Couldn't find template in cache for "spark/macros/recurse_nodes.ftl"("en_IN", UTF-8, parsed); will try to load it.
2025-05-14 16:10:25 [DEBUG] freemarker.cache - TemplateLoader.findTemplateSource("spark/macros/recurse_nodes_en_IN.ftl"): Not found
2025-05-14 16:10:25 [DEBUG] freemarker.cache - TemplateLoader.findTemplateSource("spark/macros/recurse_nodes_en.ftl"): Not found
2025-05-14 16:10:25 [DEBUG] freemarker.cache - TemplateLoader.findTemplateSource("spark/macros/recurse_nodes.ftl"): Found
2025-05-14 16:10:25 [DEBUG] freemarker.cache - Loading template for "spark/macros/recurse_nodes.ftl"("en_IN", UTF-8, parsed) from "jar:file:/C:/Users/rengaraj/.m2/repository/com/aventstack/extentreports/5.0.9/extentreports-5.0.9.jar!/com/aventstack/extentreports/templates/spark/macros/recurse_nodes.ftl"
2025-05-14 16:10:25 [DEBUG] freemarker.cache - "spark/macros/log.ftl"("en_IN", UTF-8, parsed) cached copy not yet stale; using cached.
2025-05-14 16:10:25 [DEBUG] freemarker.cache - Couldn't find template in cache for "spark/macros/attr-common.ftl"("en_IN", UTF-8, parsed); will try to load it.
2025-05-14 16:10:25 [DEBUG] freemarker.cache - TemplateLoader.findTemplateSource("spark/macros/attr-common_en_IN.ftl"): Not found
2025-05-14 16:10:25 [DEBUG] freemarker.cache - TemplateLoader.findTemplateSource("spark/macros/attr-common_en.ftl"): Not found
2025-05-14 16:10:25 [DEBUG] freemarker.cache - TemplateLoader.findTemplateSource("spark/macros/attr-common.ftl"): Found
2025-05-14 16:10:25 [DEBUG] freemarker.cache - Loading template for "spark/macros/attr-common.ftl"("en_IN", UTF-8, parsed) from "jar:file:/C:/Users/rengaraj/.m2/repository/com/aventstack/extentreports/5.0.9/extentreports-5.0.9.jar!/com/aventstack/extentreports/templates/spark/macros/attr-common.ftl"
2025-05-14 16:10:25 [DEBUG] freemarker.cache - Couldn't find template in cache for "spark/partials/head.ftl"("en_IN", UTF-8, parsed); will try to load it.
2025-05-14 16:10:25 [DEBUG] freemarker.cache - TemplateLoader.findTemplateSource("spark/partials/head_en_IN.ftl"): Not found
2025-05-14 16:10:25 [DEBUG] freemarker.cache - TemplateLoader.findTemplateSource("spark/partials/head_en.ftl"): Not found
2025-05-14 16:10:25 [DEBUG] freemarker.cache - TemplateLoader.findTemplateSource("spark/partials/head.ftl"): Found
2025-05-14 16:10:25 [DEBUG] freemarker.cache - Loading template for "spark/partials/head.ftl"("en_IN", UTF-8, parsed) from "jar:file:/C:/Users/rengaraj/.m2/repository/com/aventstack/extentreports/5.0.9/extentreports-5.0.9.jar!/com/aventstack/extentreports/templates/spark/partials/head.ftl"
2025-05-14 16:10:25 [DEBUG] freemarker.cache - Couldn't find template in cache for "commons/commons-inject-css.ftl"("en_IN", UTF-8, parsed); will try to load it.
2025-05-14 16:10:25 [DEBUG] freemarker.cache - TemplateLoader.findTemplateSource("commons/commons-inject-css_en_IN.ftl"): Not found
2025-05-14 16:10:25 [DEBUG] freemarker.cache - TemplateLoader.findTemplateSource("commons/commons-inject-css_en.ftl"): Not found
2025-05-14 16:10:25 [DEBUG] freemarker.cache - TemplateLoader.findTemplateSource("commons/commons-inject-css.ftl"): Found
2025-05-14 16:10:25 [DEBUG] freemarker.cache - Loading template for "commons/commons-inject-css.ftl"("en_IN", UTF-8, parsed) from "jar:file:/C:/Users/rengaraj/.m2/repository/com/aventstack/extentreports/5.0.9/extentreports-5.0.9.jar!/com/aventstack/extentreports/templates/commons/commons-inject-css.ftl"
2025-05-14 16:10:25 [DEBUG] freemarker.cache - Couldn't find template in cache for "spark/partials/navbar.ftl"("en_IN", UTF-8, parsed); will try to load it.
2025-05-14 16:10:25 [DEBUG] freemarker.cache - TemplateLoader.findTemplateSource("spark/partials/navbar_en_IN.ftl"): Not found
2025-05-14 16:10:25 [DEBUG] freemarker.cache - TemplateLoader.findTemplateSource("spark/partials/navbar_en.ftl"): Not found
2025-05-14 16:10:25 [DEBUG] freemarker.cache - TemplateLoader.findTemplateSource("spark/partials/navbar.ftl"): Found
2025-05-14 16:10:25 [DEBUG] freemarker.cache - Loading template for "spark/partials/navbar.ftl"("en_IN", UTF-8, parsed) from "jar:file:/C:/Users/rengaraj/.m2/repository/com/aventstack/extentreports/5.0.9/extentreports-5.0.9.jar!/com/aventstack/extentreports/templates/spark/partials/navbar.ftl"
2025-05-14 16:10:25 [DEBUG] freemarker.cache - Couldn't find template in cache for "spark/partials/sidenav.ftl"("en_IN", UTF-8, parsed); will try to load it.
2025-05-14 16:10:25 [DEBUG] freemarker.cache - TemplateLoader.findTemplateSource("spark/partials/sidenav_en_IN.ftl"): Not found
2025-05-14 16:10:25 [DEBUG] freemarker.cache - TemplateLoader.findTemplateSource("spark/partials/sidenav_en.ftl"): Not found
2025-05-14 16:10:25 [DEBUG] freemarker.cache - TemplateLoader.findTemplateSource("spark/partials/sidenav.ftl"): Found
2025-05-14 16:10:25 [DEBUG] freemarker.cache - Loading template for "spark/partials/sidenav.ftl"("en_IN", UTF-8, parsed) from "jar:file:/C:/Users/rengaraj/.m2/repository/com/aventstack/extentreports/5.0.9/extentreports-5.0.9.jar!/com/aventstack/extentreports/templates/spark/partials/sidenav.ftl"
2025-05-14 16:10:25 [DEBUG] freemarker.cache - Couldn't find template in cache for "spark/partials/test.ftl"("en_IN", UTF-8, parsed); will try to load it.
2025-05-14 16:10:25 [DEBUG] freemarker.cache - TemplateLoader.findTemplateSource("spark/partials/test_en_IN.ftl"): Not found
2025-05-14 16:10:25 [DEBUG] freemarker.cache - TemplateLoader.findTemplateSource("spark/partials/test_en.ftl"): Not found
2025-05-14 16:10:25 [DEBUG] freemarker.cache - TemplateLoader.findTemplateSource("spark/partials/test.ftl"): Found
2025-05-14 16:10:25 [DEBUG] freemarker.cache - Loading template for "spark/partials/test.ftl"("en_IN", UTF-8, parsed) from "jar:file:/C:/Users/rengaraj/.m2/repository/com/aventstack/extentreports/5.0.9/extentreports-5.0.9.jar!/com/aventstack/extentreports/templates/spark/partials/test.ftl"
2025-05-14 16:10:25 [DEBUG] freemarker.cache - Couldn't find template in cache for "spark/partials/standard-content.ftl"("en_IN", UTF-8, parsed); will try to load it.
2025-05-14 16:10:25 [DEBUG] freemarker.cache - TemplateLoader.findTemplateSource("spark/partials/standard-content_en_IN.ftl"): Not found
2025-05-14 16:10:25 [DEBUG] freemarker.cache - TemplateLoader.findTemplateSource("spark/partials/standard-content_en.ftl"): Not found
2025-05-14 16:10:25 [DEBUG] freemarker.cache - TemplateLoader.findTemplateSource("spark/partials/standard-content.ftl"): Found
2025-05-14 16:10:25 [DEBUG] freemarker.cache - Loading template for "spark/partials/standard-content.ftl"("en_IN", UTF-8, parsed) from "jar:file:/C:/Users/rengaraj/.m2/repository/com/aventstack/extentreports/5.0.9/extentreports-5.0.9.jar!/com/aventstack/extentreports/templates/spark/partials/standard-content.ftl"
2025-05-14 16:10:25 [DEBUG] freemarker.cache - "spark/partials/standard-content.ftl"("en_IN", UTF-8, parsed) cached copy not yet stale; using cached.
2025-05-14 16:10:25 [DEBUG] freemarker.cache - "spark/partials/standard-content.ftl"("en_IN", UTF-8, parsed) cached copy not yet stale; using cached.
2025-05-14 16:10:25 [DEBUG] freemarker.cache - Couldn't find template in cache for "spark/partials/exception.ftl"("en_IN", UTF-8, parsed); will try to load it.
2025-05-14 16:10:25 [DEBUG] freemarker.cache - TemplateLoader.findTemplateSource("spark/partials/exception_en_IN.ftl"): Not found
2025-05-14 16:10:25 [DEBUG] freemarker.cache - TemplateLoader.findTemplateSource("spark/partials/exception_en.ftl"): Not found
2025-05-14 16:10:25 [DEBUG] freemarker.cache - TemplateLoader.findTemplateSource("spark/partials/exception.ftl"): Found
2025-05-14 16:10:25 [DEBUG] freemarker.cache - Loading template for "spark/partials/exception.ftl"("en_IN", UTF-8, parsed) from "jar:file:/C:/Users/rengaraj/.m2/repository/com/aventstack/extentreports/5.0.9/extentreports-5.0.9.jar!/com/aventstack/extentreports/templates/spark/partials/exception.ftl"
2025-05-14 16:10:25 [DEBUG] freemarker.cache - Couldn't find template in cache for "spark/partials/category.ftl"("en_IN", UTF-8, parsed); will try to load it.
2025-05-14 16:10:25 [DEBUG] freemarker.cache - TemplateLoader.findTemplateSource("spark/partials/category_en_IN.ftl"): Not found
2025-05-14 16:10:25 [DEBUG] freemarker.cache - TemplateLoader.findTemplateSource("spark/partials/category_en.ftl"): Not found
2025-05-14 16:10:25 [DEBUG] freemarker.cache - TemplateLoader.findTemplateSource("spark/partials/category.ftl"): Found
2025-05-14 16:10:25 [DEBUG] freemarker.cache - Loading template for "spark/partials/category.ftl"("en_IN", UTF-8, parsed) from "jar:file:/C:/Users/rengaraj/.m2/repository/com/aventstack/extentreports/5.0.9/extentreports-5.0.9.jar!/com/aventstack/extentreports/templates/spark/partials/category.ftl"
2025-05-14 16:10:25 [DEBUG] freemarker.cache - Couldn't find template in cache for "spark/partials/device.ftl"("en_IN", UTF-8, parsed); will try to load it.
2025-05-14 16:10:25 [DEBUG] freemarker.cache - TemplateLoader.findTemplateSource("spark/partials/device_en_IN.ftl"): Not found
2025-05-14 16:10:25 [DEBUG] freemarker.cache - TemplateLoader.findTemplateSource("spark/partials/device_en.ftl"): Not found
2025-05-14 16:10:25 [DEBUG] freemarker.cache - TemplateLoader.findTemplateSource("spark/partials/device.ftl"): Found
2025-05-14 16:10:25 [DEBUG] freemarker.cache - Loading template for "spark/partials/device.ftl"("en_IN", UTF-8, parsed) from "jar:file:/C:/Users/rengaraj/.m2/repository/com/aventstack/extentreports/5.0.9/extentreports-5.0.9.jar!/com/aventstack/extentreports/templates/spark/partials/device.ftl"
2025-05-14 16:10:25 [DEBUG] freemarker.cache - Couldn't find template in cache for "spark/partials/author.ftl"("en_IN", UTF-8, parsed); will try to load it.
2025-05-14 16:10:25 [DEBUG] freemarker.cache - TemplateLoader.findTemplateSource("spark/partials/author_en_IN.ftl"): Not found
2025-05-14 16:10:25 [DEBUG] freemarker.cache - TemplateLoader.findTemplateSource("spark/partials/author_en.ftl"): Not found
2025-05-14 16:10:25 [DEBUG] freemarker.cache - TemplateLoader.findTemplateSource("spark/partials/author.ftl"): Found
2025-05-14 16:10:25 [DEBUG] freemarker.cache - Loading template for "spark/partials/author.ftl"("en_IN", UTF-8, parsed) from "jar:file:/C:/Users/rengaraj/.m2/repository/com/aventstack/extentreports/5.0.9/extentreports-5.0.9.jar!/com/aventstack/extentreports/templates/spark/partials/author.ftl"
2025-05-14 16:10:25 [DEBUG] freemarker.cache - Couldn't find template in cache for "spark/partials/log.ftl"("en_IN", UTF-8, parsed); will try to load it.
2025-05-14 16:10:25 [DEBUG] freemarker.cache - TemplateLoader.findTemplateSource("spark/partials/log_en_IN.ftl"): Not found
2025-05-14 16:10:25 [DEBUG] freemarker.cache - TemplateLoader.findTemplateSource("spark/partials/log_en.ftl"): Not found
2025-05-14 16:10:25 [DEBUG] freemarker.cache - TemplateLoader.findTemplateSource("spark/partials/log.ftl"): Found
2025-05-14 16:10:25 [DEBUG] freemarker.cache - Loading template for "spark/partials/log.ftl"("en_IN", UTF-8, parsed) from "jar:file:/C:/Users/rengaraj/.m2/repository/com/aventstack/extentreports/5.0.9/extentreports-5.0.9.jar!/com/aventstack/extentreports/templates/spark/partials/log.ftl"
2025-05-14 16:10:25 [DEBUG] freemarker.cache - Couldn't find template in cache for "spark/partials/dashboard.ftl"("en_IN", UTF-8, parsed); will try to load it.
2025-05-14 16:10:25 [DEBUG] freemarker.cache - TemplateLoader.findTemplateSource("spark/partials/dashboard_en_IN.ftl"): Not found
2025-05-14 16:10:25 [DEBUG] freemarker.cache - TemplateLoader.findTemplateSource("spark/partials/dashboard_en.ftl"): Not found
2025-05-14 16:10:25 [DEBUG] freemarker.cache - TemplateLoader.findTemplateSource("spark/partials/dashboard.ftl"): Found
2025-05-14 16:10:25 [DEBUG] freemarker.cache - Loading template for "spark/partials/dashboard.ftl"("en_IN", UTF-8, parsed) from "jar:file:/C:/Users/rengaraj/.m2/repository/com/aventstack/extentreports/5.0.9/extentreports-5.0.9.jar!/com/aventstack/extentreports/templates/spark/partials/dashboard.ftl"
2025-05-14 16:10:25 [DEBUG] freemarker.cache - Couldn't find template in cache for "spark/partials/scripts.ftl"("en_IN", UTF-8, parsed); will try to load it.
2025-05-14 16:10:25 [DEBUG] freemarker.cache - TemplateLoader.findTemplateSource("spark/partials/scripts_en_IN.ftl"): Not found
2025-05-14 16:10:25 [DEBUG] freemarker.cache - TemplateLoader.findTemplateSource("spark/partials/scripts_en.ftl"): Not found
2025-05-14 16:10:25 [DEBUG] freemarker.cache - TemplateLoader.findTemplateSource("spark/partials/scripts.ftl"): Found
2025-05-14 16:10:25 [DEBUG] freemarker.cache - Loading template for "spark/partials/scripts.ftl"("en_IN", UTF-8, parsed) from "jar:file:/C:/Users/rengaraj/.m2/repository/com/aventstack/extentreports/5.0.9/extentreports-5.0.9.jar!/com/aventstack/extentreports/templates/spark/partials/scripts.ftl"
2025-05-14 16:10:25 [DEBUG] freemarker.cache - Couldn't find template in cache for "commons/commons-inject-js.ftl"("en_IN", UTF-8, parsed); will try to load it.
2025-05-14 16:10:25 [DEBUG] freemarker.cache - TemplateLoader.findTemplateSource("commons/commons-inject-js_en_IN.ftl"): Not found
2025-05-14 16:10:25 [DEBUG] freemarker.cache - TemplateLoader.findTemplateSource("commons/commons-inject-js_en.ftl"): Not found
2025-05-14 16:10:25 [DEBUG] freemarker.cache - TemplateLoader.findTemplateSource("commons/commons-inject-js.ftl"): Found
2025-05-14 16:10:25 [DEBUG] freemarker.cache - Loading template for "commons/commons-inject-js.ftl"("en_IN", UTF-8, parsed) from "jar:file:/C:/Users/rengaraj/.m2/repository/com/aventstack/extentreports/5.0.9/extentreports-5.0.9.jar!/com/aventstack/extentreports/templates/commons/commons-inject-js.ftl"
2025-05-14 16:20:41 [INFO] baseclass.launchezhour - Ezhour application launch
2025-05-14 16:20:46 [INFO] baseclass.launchezhour - Ezhour testing is completed
2025-05-14 16:20:46 [DEBUG] freemarker.cache - Couldn't find template in cache for "spark/spark.spa.ftl"("en_IN", UTF-8, parsed); will try to load it.
2025-05-14 16:20:46 [DEBUG] freemarker.cache - TemplateLoader.findTemplateSource("spark/spark.spa_en_IN.ftl"): Not found
2025-05-14 16:20:46 [DEBUG] freemarker.cache - TemplateLoader.findTemplateSource("spark/spark.spa_en.ftl"): Not found
2025-05-14 16:20:46 [DEBUG] freemarker.cache - TemplateLoader.findTemplateSource("spark/spark.spa.ftl"): Found
2025-05-14 16:20:46 [DEBUG] freemarker.cache - Loading template for "spark/spark.spa.ftl"("en_IN", UTF-8, parsed) from "jar:file:/C:/Users/rengaraj/.m2/repository/com/aventstack/extentreports/5.0.9/extentreports-5.0.9.jar!/com/aventstack/extentreports/templates/spark/spark.spa.ftl"
2025-05-14 16:20:46 [DEBUG] freemarker.cache - Couldn't find template in cache for "commons/commons-variables.ftl"("en_IN", UTF-8, parsed); will try to load it.
2025-05-14 16:20:46 [DEBUG] freemarker.cache - TemplateLoader.findTemplateSource("commons/commons-variables_en_IN.ftl"): Not found
2025-05-14 16:20:46 [DEBUG] freemarker.cache - TemplateLoader.findTemplateSource("commons/commons-variables_en.ftl"): Not found
2025-05-14 16:20:46 [DEBUG] freemarker.cache - TemplateLoader.findTemplateSource("commons/commons-variables.ftl"): Found
2025-05-14 16:20:46 [DEBUG] freemarker.cache - Loading template for "commons/commons-variables.ftl"("en_IN", UTF-8, parsed) from "jar:file:/C:/Users/rengaraj/.m2/repository/com/aventstack/extentreports/5.0.9/extentreports-5.0.9.jar!/com/aventstack/extentreports/templates/commons/commons-variables.ftl"
2025-05-14 16:20:47 [DEBUG] freemarker.cache - Couldn't find template in cache for "commons/commons-macros.ftl"("en_IN", UTF-8, parsed); will try to load it.
2025-05-14 16:20:47 [DEBUG] freemarker.cache - TemplateLoader.findTemplateSource("commons/commons-macros_en_IN.ftl"): Not found
2025-05-14 16:20:47 [DEBUG] freemarker.cache - TemplateLoader.findTemplateSource("commons/commons-macros_en.ftl"): Not found
2025-05-14 16:20:47 [DEBUG] freemarker.cache - TemplateLoader.findTemplateSource("commons/commons-macros.ftl"): Found
2025-05-14 16:20:47 [DEBUG] freemarker.cache - Loading template for "commons/commons-macros.ftl"("en_IN", UTF-8, parsed) from "jar:file:/C:/Users/rengaraj/.m2/repository/com/aventstack/extentreports/5.0.9/extentreports-5.0.9.jar!/com/aventstack/extentreports/templates/commons/commons-macros.ftl"
2025-05-14 16:20:47 [DEBUG] freemarker.cache - Couldn't find template in cache for "spark/macros/attributes.ftl"("en_IN", UTF-8, parsed); will try to load it.
2025-05-14 16:20:47 [DEBUG] freemarker.cache - TemplateLoader.findTemplateSource("spark/macros/attributes_en_IN.ftl"): Not found
2025-05-14 16:20:47 [DEBUG] freemarker.cache - TemplateLoader.findTemplateSource("spark/macros/attributes_en.ftl"): Not found
2025-05-14 16:20:47 [DEBUG] freemarker.cache - TemplateLoader.findTemplateSource("spark/macros/attributes.ftl"): Found
2025-05-14 16:20:47 [DEBUG] freemarker.cache - Loading template for "spark/macros/attributes.ftl"("en_IN", UTF-8, parsed) from "jar:file:/C:/Users/rengaraj/.m2/repository/com/aventstack/extentreports/5.0.9/extentreports-5.0.9.jar!/com/aventstack/extentreports/templates/spark/macros/attributes.ftl"
2025-05-14 16:20:47 [DEBUG] freemarker.cache - Couldn't find template in cache for "spark/macros/log.ftl"("en_IN", UTF-8, parsed); will try to load it.
2025-05-14 16:20:47 [DEBUG] freemarker.cache - TemplateLoader.findTemplateSource("spark/macros/log_en_IN.ftl"): Not found
2025-05-14 16:20:47 [DEBUG] freemarker.cache - TemplateLoader.findTemplateSource("spark/macros/log_en.ftl"): Not found
2025-05-14 16:20:47 [DEBUG] freemarker.cache - TemplateLoader.findTemplateSource("spark/macros/log.ftl"): Found
2025-05-14 16:20:47 [DEBUG] freemarker.cache - Loading template for "spark/macros/log.ftl"("en_IN", UTF-8, parsed) from "jar:file:/C:/Users/rengaraj/.m2/repository/com/aventstack/extentreports/5.0.9/extentreports-5.0.9.jar!/com/aventstack/extentreports/templates/spark/macros/log.ftl"
2025-05-14 16:20:47 [DEBUG] freemarker.cache - Couldn't find template in cache for "spark/macros/recurse_nodes.ftl"("en_IN", UTF-8, parsed); will try to load it.
2025-05-14 16:20:47 [DEBUG] freemarker.cache - TemplateLoader.findTemplateSource("spark/macros/recurse_nodes_en_IN.ftl"): Not found
2025-05-14 16:20:47 [DEBUG] freemarker.cache - TemplateLoader.findTemplateSource("spark/macros/recurse_nodes_en.ftl"): Not found
2025-05-14 16:20:47 [DEBUG] freemarker.cache - TemplateLoader.findTemplateSource("spark/macros/recurse_nodes.ftl"): Found
2025-05-14 16:20:47 [DEBUG] freemarker.cache - Loading template for "spark/macros/recurse_nodes.ftl"("en_IN", UTF-8, parsed) from "jar:file:/C:/Users/rengaraj/.m2/repository/com/aventstack/extentreports/5.0.9/extentreports-5.0.9.jar!/com/aventstack/extentreports/templates/spark/macros/recurse_nodes.ftl"
2025-05-14 16:20:47 [DEBUG] freemarker.cache - "spark/macros/log.ftl"("en_IN", UTF-8, parsed) cached copy not yet stale; using cached.
2025-05-14 16:20:47 [DEBUG] freemarker.cache - Couldn't find template in cache for "spark/macros/attr-common.ftl"("en_IN", UTF-8, parsed); will try to load it.
2025-05-14 16:20:47 [DEBUG] freemarker.cache - TemplateLoader.findTemplateSource("spark/macros/attr-common_en_IN.ftl"): Not found
2025-05-14 16:20:47 [DEBUG] freemarker.cache - TemplateLoader.findTemplateSource("spark/macros/attr-common_en.ftl"): Not found
2025-05-14 16:20:47 [DEBUG] freemarker.cache - TemplateLoader.findTemplateSource("spark/macros/attr-common.ftl"): Found
2025-05-14 16:20:47 [DEBUG] freemarker.cache - Loading template for "spark/macros/attr-common.ftl"("en_IN", UTF-8, parsed) from "jar:file:/C:/Users/rengaraj/.m2/repository/com/aventstack/extentreports/5.0.9/extentreports-5.0.9.jar!/com/aventstack/extentreports/templates/spark/macros/attr-common.ftl"
2025-05-14 16:20:47 [DEBUG] freemarker.cache - Couldn't find template in cache for "spark/partials/head.ftl"("en_IN", UTF-8, parsed); will try to load it.
2025-05-14 16:20:47 [DEBUG] freemarker.cache - TemplateLoader.findTemplateSource("spark/partials/head_en_IN.ftl"): Not found
2025-05-14 16:20:47 [DEBUG] freemarker.cache - TemplateLoader.findTemplateSource("spark/partials/head_en.ftl"): Not found
2025-05-14 16:20:47 [DEBUG] freemarker.cache - TemplateLoader.findTemplateSource("spark/partials/head.ftl"): Found
2025-05-14 16:20:47 [DEBUG] freemarker.cache - Loading template for "spark/partials/head.ftl"("en_IN", UTF-8, parsed) from "jar:file:/C:/Users/rengaraj/.m2/repository/com/aventstack/extentreports/5.0.9/extentreports-5.0.9.jar!/com/aventstack/extentreports/templates/spark/partials/head.ftl"
2025-05-14 16:20:47 [DEBUG] freemarker.cache - Couldn't find template in cache for "commons/commons-inject-css.ftl"("en_IN", UTF-8, parsed); will try to load it.
2025-05-14 16:20:47 [DEBUG] freemarker.cache - TemplateLoader.findTemplateSource("commons/commons-inject-css_en_IN.ftl"): Not found
2025-05-14 16:20:47 [DEBUG] freemarker.cache - TemplateLoader.findTemplateSource("commons/commons-inject-css_en.ftl"): Not found
2025-05-14 16:20:47 [DEBUG] freemarker.cache - TemplateLoader.findTemplateSource("commons/commons-inject-css.ftl"): Found
2025-05-14 16:20:47 [DEBUG] freemarker.cache - Loading template for "commons/commons-inject-css.ftl"("en_IN", UTF-8, parsed) from "jar:file:/C:/Users/rengaraj/.m2/repository/com/aventstack/extentreports/5.0.9/extentreports-5.0.9.jar!/com/aventstack/extentreports/templates/commons/commons-inject-css.ftl"
2025-05-14 16:20:47 [DEBUG] freemarker.cache - Couldn't find template in cache for "spark/partials/navbar.ftl"("en_IN", UTF-8, parsed); will try to load it.
2025-05-14 16:20:47 [DEBUG] freemarker.cache - TemplateLoader.findTemplateSource("spark/partials/navbar_en_IN.ftl"): Not found
2025-05-14 16:20:47 [DEBUG] freemarker.cache - TemplateLoader.findTemplateSource("spark/partials/navbar_en.ftl"): Not found
2025-05-14 16:20:47 [DEBUG] freemarker.cache - TemplateLoader.findTemplateSource("spark/partials/navbar.ftl"): Found
2025-05-14 16:20:47 [DEBUG] freemarker.cache - Loading template for "spark/partials/navbar.ftl"("en_IN", UTF-8, parsed) from "jar:file:/C:/Users/rengaraj/.m2/repository/com/aventstack/extentreports/5.0.9/extentreports-5.0.9.jar!/com/aventstack/extentreports/templates/spark/partials/navbar.ftl"
2025-05-14 16:20:47 [DEBUG] freemarker.cache - Couldn't find template in cache for "spark/partials/sidenav.ftl"("en_IN", UTF-8, parsed); will try to load it.
2025-05-14 16:20:47 [DEBUG] freemarker.cache - TemplateLoader.findTemplateSource("spark/partials/sidenav_en_IN.ftl"): Not found
2025-05-14 16:20:47 [DEBUG] freemarker.cache - TemplateLoader.findTemplateSource("spark/partials/sidenav_en.ftl"): Not found
2025-05-14 16:20:47 [DEBUG] freemarker.cache - TemplateLoader.findTemplateSource("spark/partials/sidenav.ftl"): Found
2025-05-14 16:20:47 [DEBUG] freemarker.cache - Loading template for "spark/partials/sidenav.ftl"("en_IN", UTF-8, parsed) from "jar:file:/C:/Users/rengaraj/.m2/repository/com/aventstack/extentreports/5.0.9/extentreports-5.0.9.jar!/com/aventstack/extentreports/templates/spark/partials/sidenav.ftl"
2025-05-14 16:20:47 [DEBUG] freemarker.cache - Couldn't find template in cache for "spark/partials/test.ftl"("en_IN", UTF-8, parsed); will try to load it.
2025-05-14 16:20:47 [DEBUG] freemarker.cache - TemplateLoader.findTemplateSource("spark/partials/test_en_IN.ftl"): Not found
2025-05-14 16:20:47 [DEBUG] freemarker.cache - TemplateLoader.findTemplateSource("spark/partials/test_en.ftl"): Not found
2025-05-14 16:20:47 [DEBUG] freemarker.cache - TemplateLoader.findTemplateSource("spark/partials/test.ftl"): Found
2025-05-14 16:20:47 [DEBUG] freemarker.cache - Loading template for "spark/partials/test.ftl"("en_IN", UTF-8, parsed) from "jar:file:/C:/Users/rengaraj/.m2/repository/com/aventstack/extentreports/5.0.9/extentreports-5.0.9.jar!/com/aventstack/extentreports/templates/spark/partials/test.ftl"
2025-05-14 16:20:47 [DEBUG] freemarker.cache - Couldn't find template in cache for "spark/partials/standard-content.ftl"("en_IN", UTF-8, parsed); will try to load it.
2025-05-14 16:20:47 [DEBUG] freemarker.cache - TemplateLoader.findTemplateSource("spark/partials/standard-content_en_IN.ftl"): Not found
2025-05-14 16:20:47 [DEBUG] freemarker.cache - TemplateLoader.findTemplateSource("spark/partials/standard-content_en.ftl"): Not found
2025-05-14 16:20:47 [DEBUG] freemarker.cache - TemplateLoader.findTemplateSource("spark/partials/standard-content.ftl"): Found
2025-05-14 16:20:47 [DEBUG] freemarker.cache - Loading template for "spark/partials/standard-content.ftl"("en_IN", UTF-8, parsed) from "jar:file:/C:/Users/rengaraj/.m2/repository/com/aventstack/extentreports/5.0.9/extentreports-5.0.9.jar!/com/aventstack/extentreports/templates/spark/partials/standard-content.ftl"
2025-05-14 16:20:47 [DEBUG] freemarker.cache - "spark/partials/standard-content.ftl"("en_IN", UTF-8, parsed) cached copy not yet stale; using cached.
2025-05-14 16:20:47 [DEBUG] freemarker.cache - "spark/partials/standard-content.ftl"("en_IN", UTF-8, parsed) cached copy not yet stale; using cached.
2025-05-14 16:20:47 [DEBUG] freemarker.cache - Couldn't find template in cache for "spark/partials/exception.ftl"("en_IN", UTF-8, parsed); will try to load it.
2025-05-14 16:20:47 [DEBUG] freemarker.cache - TemplateLoader.findTemplateSource("spark/partials/exception_en_IN.ftl"): Not found
2025-05-14 16:20:47 [DEBUG] freemarker.cache - TemplateLoader.findTemplateSource("spark/partials/exception_en.ftl"): Not found
2025-05-14 16:20:47 [DEBUG] freemarker.cache - TemplateLoader.findTemplateSource("spark/partials/exception.ftl"): Found
2025-05-14 16:20:47 [DEBUG] freemarker.cache - Loading template for "spark/partials/exception.ftl"("en_IN", UTF-8, parsed) from "jar:file:/C:/Users/rengaraj/.m2/repository/com/aventstack/extentreports/5.0.9/extentreports-5.0.9.jar!/com/aventstack/extentreports/templates/spark/partials/exception.ftl"
2025-05-14 16:20:47 [DEBUG] freemarker.cache - Couldn't find template in cache for "spark/partials/category.ftl"("en_IN", UTF-8, parsed); will try to load it.
2025-05-14 16:20:47 [DEBUG] freemarker.cache - TemplateLoader.findTemplateSource("spark/partials/category_en_IN.ftl"): Not found
2025-05-14 16:20:47 [DEBUG] freemarker.cache - TemplateLoader.findTemplateSource("spark/partials/category_en.ftl"): Not found
2025-05-14 16:20:47 [DEBUG] freemarker.cache - TemplateLoader.findTemplateSource("spark/partials/category.ftl"): Found
2025-05-14 16:20:47 [DEBUG] freemarker.cache - Loading template for "spark/partials/category.ftl"("en_IN", UTF-8, parsed) from "jar:file:/C:/Users/rengaraj/.m2/repository/com/aventstack/extentreports/5.0.9/extentreports-5.0.9.jar!/com/aventstack/extentreports/templates/spark/partials/category.ftl"
2025-05-14 16:20:47 [DEBUG] freemarker.cache - Couldn't find template in cache for "spark/partials/device.ftl"("en_IN", UTF-8, parsed); will try to load it.
2025-05-14 16:20:47 [DEBUG] freemarker.cache - TemplateLoader.findTemplateSource("spark/partials/device_en_IN.ftl"): Not found
2025-05-14 16:20:47 [DEBUG] freemarker.cache - TemplateLoader.findTemplateSource("spark/partials/device_en.ftl"): Not found
2025-05-14 16:20:47 [DEBUG] freemarker.cache - TemplateLoader.findTemplateSource("spark/partials/device.ftl"): Found
2025-05-14 16:20:47 [DEBUG] freemarker.cache - Loading template for "spark/partials/device.ftl"("en_IN", UTF-8, parsed) from "jar:file:/C:/Users/rengaraj/.m2/repository/com/aventstack/extentreports/5.0.9/extentreports-5.0.9.jar!/com/aventstack/extentreports/templates/spark/partials/device.ftl"
2025-05-14 16:20:47 [DEBUG] freemarker.cache - Couldn't find template in cache for "spark/partials/author.ftl"("en_IN", UTF-8, parsed); will try to load it.
2025-05-14 16:20:47 [DEBUG] freemarker.cache - TemplateLoader.findTemplateSource("spark/partials/author_en_IN.ftl"): Not found
2025-05-14 16:20:47 [DEBUG] freemarker.cache - TemplateLoader.findTemplateSource("spark/partials/author_en.ftl"): Not found
2025-05-14 16:20:47 [DEBUG] freemarker.cache - TemplateLoader.findTemplateSource("spark/partials/author.ftl"): Found
2025-05-14 16:20:47 [DEBUG] freemarker.cache - Loading template for "spark/partials/author.ftl"("en_IN", UTF-8, parsed) from "jar:file:/C:/Users/rengaraj/.m2/repository/com/aventstack/extentreports/5.0.9/extentreports-5.0.9.jar!/com/aventstack/extentreports/templates/spark/partials/author.ftl"
2025-05-14 16:20:47 [DEBUG] freemarker.cache - Couldn't find template in cache for "spark/partials/log.ftl"("en_IN", UTF-8, parsed); will try to load it.
2025-05-14 16:20:47 [DEBUG] freemarker.cache - TemplateLoader.findTemplateSource("spark/partials/log_en_IN.ftl"): Not found
2025-05-14 16:20:47 [DEBUG] freemarker.cache - TemplateLoader.findTemplateSource("spark/partials/log_en.ftl"): Not found
2025-05-14 16:20:47 [DEBUG] freemarker.cache - TemplateLoader.findTemplateSource("spark/partials/log.ftl"): Found
2025-05-14 16:20:47 [DEBUG] freemarker.cache - Loading template for "spark/partials/log.ftl"("en_IN", UTF-8, parsed) from "jar:file:/C:/Users/rengaraj/.m2/repository/com/aventstack/extentreports/5.0.9/extentreports-5.0.9.jar!/com/aventstack/extentreports/templates/spark/partials/log.ftl"
2025-05-14 16:20:47 [DEBUG] freemarker.cache - Couldn't find template in cache for "spark/partials/dashboard.ftl"("en_IN", UTF-8, parsed); will try to load it.
2025-05-14 16:20:47 [DEBUG] freemarker.cache - TemplateLoader.findTemplateSource("spark/partials/dashboard_en_IN.ftl"): Not found
2025-05-14 16:20:47 [DEBUG] freemarker.cache - TemplateLoader.findTemplateSource("spark/partials/dashboard_en.ftl"): Not found
2025-05-14 16:20:47 [DEBUG] freemarker.cache - TemplateLoader.findTemplateSource("spark/partials/dashboard.ftl"): Found
2025-05-14 16:20:47 [DEBUG] freemarker.cache - Loading template for "spark/partials/dashboard.ftl"("en_IN", UTF-8, parsed) from "jar:file:/C:/Users/rengaraj/.m2/repository/com/aventstack/extentreports/5.0.9/extentreports-5.0.9.jar!/com/aventstack/extentreports/templates/spark/partials/dashboard.ftl"
2025-05-14 16:20:47 [DEBUG] freemarker.cache - Couldn't find template in cache for "spark/partials/scripts.ftl"("en_IN", UTF-8, parsed); will try to load it.
2025-05-14 16:20:47 [DEBUG] freemarker.cache - TemplateLoader.findTemplateSource("spark/partials/scripts_en_IN.ftl"): Not found
2025-05-14 16:20:47 [DEBUG] freemarker.cache - TemplateLoader.findTemplateSource("spark/partials/scripts_en.ftl"): Not found
2025-05-14 16:20:47 [DEBUG] freemarker.cache - TemplateLoader.findTemplateSource("spark/partials/scripts.ftl"): Found
2025-05-14 16:20:47 [DEBUG] freemarker.cache - Loading template for "spark/partials/scripts.ftl"("en_IN", UTF-8, parsed) from "jar:file:/C:/Users/rengaraj/.m2/repository/com/aventstack/extentreports/5.0.9/extentreports-5.0.9.jar!/com/aventstack/extentreports/templates/spark/partials/scripts.ftl"
2025-05-14 16:20:47 [DEBUG] freemarker.cache - Couldn't find template in cache for "commons/commons-inject-js.ftl"("en_IN", UTF-8, parsed); will try to load it.
2025-05-14 16:20:47 [DEBUG] freemarker.cache - TemplateLoader.findTemplateSource("commons/commons-inject-js_en_IN.ftl"): Not found
2025-05-14 16:20:47 [DEBUG] freemarker.cache - TemplateLoader.findTemplateSource("commons/commons-inject-js_en.ftl"): Not found
2025-05-14 16:20:47 [DEBUG] freemarker.cache - TemplateLoader.findTemplateSource("commons/commons-inject-js.ftl"): Found
2025-05-14 16:20:47 [DEBUG] freemarker.cache - Loading template for "commons/commons-inject-js.ftl"("en_IN", UTF-8, parsed) from "jar:file:/C:/Users/rengaraj/.m2/repository/com/aventstack/extentreports/5.0.9/extentreports-5.0.9.jar!/com/aventstack/extentreports/templates/commons/commons-inject-js.ftl"
2025-05-14 16:22:58 [INFO] baseclass.launchezhour - Ezhour application launch
2025-05-14 16:23:03 [INFO] baseclass.launchezhour - Ezhour testing is completed
2025-05-14 16:23:04 [DEBUG] freemarker.cache - Couldn't find template in cache for "spark/spark.spa.ftl"("en_IN", UTF-8, parsed); will try to load it.
2025-05-14 16:23:04 [DEBUG] freemarker.cache - TemplateLoader.findTemplateSource("spark/spark.spa_en_IN.ftl"): Not found
2025-05-14 16:23:04 [DEBUG] freemarker.cache - TemplateLoader.findTemplateSource("spark/spark.spa_en.ftl"): Not found
2025-05-14 16:23:04 [DEBUG] freemarker.cache - TemplateLoader.findTemplateSource("spark/spark.spa.ftl"): Found
2025-05-14 16:23:04 [DEBUG] freemarker.cache - Loading template for "spark/spark.spa.ftl"("en_IN", UTF-8, parsed) from "jar:file:/C:/Users/rengaraj/.m2/repository/com/aventstack/extentreports/5.0.9/extentreports-5.0.9.jar!/com/aventstack/extentreports/templates/spark/spark.spa.ftl"
2025-05-14 16:23:04 [DEBUG] freemarker.cache - Couldn't find template in cache for "commons/commons-variables.ftl"("en_IN", UTF-8, parsed); will try to load it.
2025-05-14 16:23:04 [DEBUG] freemarker.cache - TemplateLoader.findTemplateSource("commons/commons-variables_en_IN.ftl"): Not found
2025-05-14 16:23:04 [DEBUG] freemarker.cache - TemplateLoader.findTemplateSource("commons/commons-variables_en.ftl"): Not found
2025-05-14 16:23:04 [DEBUG] freemarker.cache - TemplateLoader.findTemplateSource("commons/commons-variables.ftl"): Found
2025-05-14 16:23:04 [DEBUG] freemarker.cache - Loading template for "commons/commons-variables.ftl"("en_IN", UTF-8, parsed) from "jar:file:/C:/Users/rengaraj/.m2/repository/com/aventstack/extentreports/5.0.9/extentreports-5.0.9.jar!/com/aventstack/extentreports/templates/commons/commons-variables.ftl"
2025-05-14 16:23:04 [DEBUG] freemarker.cache - Couldn't find template in cache for "commons/commons-macros.ftl"("en_IN", UTF-8, parsed); will try to load it.
2025-05-14 16:23:04 [DEBUG] freemarker.cache - TemplateLoader.findTemplateSource("commons/commons-macros_en_IN.ftl"): Not found
2025-05-14 16:23:04 [DEBUG] freemarker.cache - TemplateLoader.findTemplateSource("commons/commons-macros_en.ftl"): Not found
2025-05-14 16:23:04 [DEBUG] freemarker.cache - TemplateLoader.findTemplateSource("commons/commons-macros.ftl"): Found
2025-05-14 16:23:04 [DEBUG] freemarker.cache - Loading template for "commons/commons-macros.ftl"("en_IN", UTF-8, parsed) from "jar:file:/C:/Users/rengaraj/.m2/repository/com/aventstack/extentreports/5.0.9/extentreports-5.0.9.jar!/com/aventstack/extentreports/templates/commons/commons-macros.ftl"
2025-05-14 16:23:04 [DEBUG] freemarker.cache - Couldn't find template in cache for "spark/macros/attributes.ftl"("en_IN", UTF-8, parsed); will try to load it.
2025-05-14 16:23:04 [DEBUG] freemarker.cache - TemplateLoader.findTemplateSource("spark/macros/attributes_en_IN.ftl"): Not found
2025-05-14 16:23:04 [DEBUG] freemarker.cache - TemplateLoader.findTemplateSource("spark/macros/attributes_en.ftl"): Not found
2025-05-14 16:23:04 [DEBUG] freemarker.cache - TemplateLoader.findTemplateSource("spark/macros/attributes.ftl"): Found
2025-05-14 16:23:04 [DEBUG] freemarker.cache - Loading template for "spark/macros/attributes.ftl"("en_IN", UTF-8, parsed) from "jar:file:/C:/Users/rengaraj/.m2/repository/com/aventstack/extentreports/5.0.9/extentreports-5.0.9.jar!/com/aventstack/extentreports/templates/spark/macros/attributes.ftl"
2025-05-14 16:23:04 [DEBUG] freemarker.cache - Couldn't find template in cache for "spark/macros/log.ftl"("en_IN", UTF-8, parsed); will try to load it.
2025-05-14 16:23:04 [DEBUG] freemarker.cache - TemplateLoader.findTemplateSource("spark/macros/log_en_IN.ftl"): Not found
2025-05-14 16:23:04 [DEBUG] freemarker.cache - TemplateLoader.findTemplateSource("spark/macros/log_en.ftl"): Not found
2025-05-14 16:23:04 [DEBUG] freemarker.cache - TemplateLoader.findTemplateSource("spark/macros/log.ftl"): Found
2025-05-14 16:23:04 [DEBUG] freemarker.cache - Loading template for "spark/macros/log.ftl"("en_IN", UTF-8, parsed) from "jar:file:/C:/Users/rengaraj/.m2/repository/com/aventstack/extentreports/5.0.9/extentreports-5.0.9.jar!/com/aventstack/extentreports/templates/spark/macros/log.ftl"
2025-05-14 16:23:04 [DEBUG] freemarker.cache - Couldn't find template in cache for "spark/macros/recurse_nodes.ftl"("en_IN", UTF-8, parsed); will try to load it.
2025-05-14 16:23:04 [DEBUG] freemarker.cache - TemplateLoader.findTemplateSource("spark/macros/recurse_nodes_en_IN.ftl"): Not found
2025-05-14 16:23:04 [DEBUG] freemarker.cache - TemplateLoader.findTemplateSource("spark/macros/recurse_nodes_en.ftl"): Not found
2025-05-14 16:23:04 [DEBUG] freemarker.cache - TemplateLoader.findTemplateSource("spark/macros/recurse_nodes.ftl"): Found
2025-05-14 16:23:04 [DEBUG] freemarker.cache - Loading template for "spark/macros/recurse_nodes.ftl"("en_IN", UTF-8, parsed) from "jar:file:/C:/Users/rengaraj/.m2/repository/com/aventstack/extentreports/5.0.9/extentreports-5.0.9.jar!/com/aventstack/extentreports/templates/spark/macros/recurse_nodes.ftl"
2025-05-14 16:23:04 [DEBUG] freemarker.cache - "spark/macros/log.ftl"("en_IN", UTF-8, parsed) cached copy not yet stale; using cached.
2025-05-14 16:23:04 [DEBUG] freemarker.cache - Couldn't find template in cache for "spark/macros/attr-common.ftl"("en_IN", UTF-8, parsed); will try to load it.
2025-05-14 16:23:04 [DEBUG] freemarker.cache - TemplateLoader.findTemplateSource("spark/macros/attr-common_en_IN.ftl"): Not found
2025-05-14 16:23:04 [DEBUG] freemarker.cache - TemplateLoader.findTemplateSource("spark/macros/attr-common_en.ftl"): Not found
2025-05-14 16:23:04 [DEBUG] freemarker.cache - TemplateLoader.findTemplateSource("spark/macros/attr-common.ftl"): Found
2025-05-14 16:23:04 [DEBUG] freemarker.cache - Loading template for "spark/macros/attr-common.ftl"("en_IN", UTF-8, parsed) from "jar:file:/C:/Users/rengaraj/.m2/repository/com/aventstack/extentreports/5.0.9/extentreports-5.0.9.jar!/com/aventstack/extentreports/templates/spark/macros/attr-common.ftl"
2025-05-14 16:23:04 [DEBUG] freemarker.cache - Couldn't find template in cache for "spark/partials/head.ftl"("en_IN", UTF-8, parsed); will try to load it.
2025-05-14 16:23:04 [DEBUG] freemarker.cache - TemplateLoader.findTemplateSource("spark/partials/head_en_IN.ftl"): Not found
2025-05-14 16:23:04 [DEBUG] freemarker.cache - TemplateLoader.findTemplateSource("spark/partials/head_en.ftl"): Not found
2025-05-14 16:23:04 [DEBUG] freemarker.cache - TemplateLoader.findTemplateSource("spark/partials/head.ftl"): Found
2025-05-14 16:23:04 [DEBUG] freemarker.cache - Loading template for "spark/partials/head.ftl"("en_IN", UTF-8, parsed) from "jar:file:/C:/Users/rengaraj/.m2/repository/com/aventstack/extentreports/5.0.9/extentreports-5.0.9.jar!/com/aventstack/extentreports/templates/spark/partials/head.ftl"
2025-05-14 16:23:04 [DEBUG] freemarker.cache - Couldn't find template in cache for "commons/commons-inject-css.ftl"("en_IN", UTF-8, parsed); will try to load it.
2025-05-14 16:23:04 [DEBUG] freemarker.cache - TemplateLoader.findTemplateSource("commons/commons-inject-css_en_IN.ftl"): Not found
2025-05-14 16:23:04 [DEBUG] freemarker.cache - TemplateLoader.findTemplateSource("commons/commons-inject-css_en.ftl"): Not found
2025-05-14 16:23:04 [DEBUG] freemarker.cache - TemplateLoader.findTemplateSource("commons/commons-inject-css.ftl"): Found
2025-05-14 16:23:04 [DEBUG] freemarker.cache - Loading template for "commons/commons-inject-css.ftl"("en_IN", UTF-8, parsed) from "jar:file:/C:/Users/rengaraj/.m2/repository/com/aventstack/extentreports/5.0.9/extentreports-5.0.9.jar!/com/aventstack/extentreports/templates/commons/commons-inject-css.ftl"
2025-05-14 16:23:04 [DEBUG] freemarker.cache - Couldn't find template in cache for "spark/partials/navbar.ftl"("en_IN", UTF-8, parsed); will try to load it.
2025-05-14 16:23:04 [DEBUG] freemarker.cache - TemplateLoader.findTemplateSource("spark/partials/navbar_en_IN.ftl"): Not found
2025-05-14 16:23:04 [DEBUG] freemarker.cache - TemplateLoader.findTemplateSource("spark/partials/navbar_en.ftl"): Not found
2025-05-14 16:23:04 [DEBUG] freemarker.cache - TemplateLoader.findTemplateSource("spark/partials/navbar.ftl"): Found
2025-05-14 16:23:04 [DEBUG] freemarker.cache - Loading template for "spark/partials/navbar.ftl"("en_IN", UTF-8, parsed) from "jar:file:/C:/Users/rengaraj/.m2/repository/com/aventstack/extentreports/5.0.9/extentreports-5.0.9.jar!/com/aventstack/extentreports/templates/spark/partials/navbar.ftl"
2025-05-14 16:23:04 [DEBUG] freemarker.cache - Couldn't find template in cache for "spark/partials/sidenav.ftl"("en_IN", UTF-8, parsed); will try to load it.
2025-05-14 16:23:04 [DEBUG] freemarker.cache - TemplateLoader.findTemplateSource("spark/partials/sidenav_en_IN.ftl"): Not found
2025-05-14 16:23:04 [DEBUG] freemarker.cache - TemplateLoader.findTemplateSource("spark/partials/sidenav_en.ftl"): Not found
2025-05-14 16:23:04 [DEBUG] freemarker.cache - TemplateLoader.findTemplateSource("spark/partials/sidenav.ftl"): Found
2025-05-14 16:23:04 [DEBUG] freemarker.cache - Loading template for "spark/partials/sidenav.ftl"("en_IN", UTF-8, parsed) from "jar:file:/C:/Users/rengaraj/.m2/repository/com/aventstack/extentreports/5.0.9/extentreports-5.0.9.jar!/com/aventstack/extentreports/templates/spark/partials/sidenav.ftl"
2025-05-14 16:23:04 [DEBUG] freemarker.cache - Couldn't find template in cache for "spark/partials/test.ftl"("en_IN", UTF-8, parsed); will try to load it.
2025-05-14 16:23:04 [DEBUG] freemarker.cache - TemplateLoader.findTemplateSource("spark/partials/test_en_IN.ftl"): Not found
2025-05-14 16:23:04 [DEBUG] freemarker.cache - TemplateLoader.findTemplateSource("spark/partials/test_en.ftl"): Not found
2025-05-14 16:23:04 [DEBUG] freemarker.cache - TemplateLoader.findTemplateSource("spark/partials/test.ftl"): Found
2025-05-14 16:23:04 [DEBUG] freemarker.cache - Loading template for "spark/partials/test.ftl"("en_IN", UTF-8, parsed) from "jar:file:/C:/Users/rengaraj/.m2/repository/com/aventstack/extentreports/5.0.9/extentreports-5.0.9.jar!/com/aventstack/extentreports/templates/spark/partials/test.ftl"
2025-05-14 16:23:04 [DEBUG] freemarker.cache - Couldn't find template in cache for "spark/partials/standard-content.ftl"("en_IN", UTF-8, parsed); will try to load it.
2025-05-14 16:23:04 [DEBUG] freemarker.cache - TemplateLoader.findTemplateSource("spark/partials/standard-content_en_IN.ftl"): Not found
2025-05-14 16:23:04 [DEBUG] freemarker.cache - TemplateLoader.findTemplateSource("spark/partials/standard-content_en.ftl"): Not found
2025-05-14 16:23:04 [DEBUG] freemarker.cache - TemplateLoader.findTemplateSource("spark/partials/standard-content.ftl"): Found
2025-05-14 16:23:04 [DEBUG] freemarker.cache - Loading template for "spark/partials/standard-content.ftl"("en_IN", UTF-8, parsed) from "jar:file:/C:/Users/rengaraj/.m2/repository/com/aventstack/extentreports/5.0.9/extentreports-5.0.9.jar!/com/aventstack/extentreports/templates/spark/partials/standard-content.ftl"
2025-05-14 16:23:04 [DEBUG] freemarker.cache - "spark/partials/standard-content.ftl"("en_IN", UTF-8, parsed) cached copy not yet stale; using cached.
2025-05-14 16:23:04 [DEBUG] freemarker.cache - "spark/partials/standard-content.ftl"("en_IN", UTF-8, parsed) cached copy not yet stale; using cached.
2025-05-14 16:23:04 [DEBUG] freemarker.cache - Couldn't find template in cache for "spark/partials/exception.ftl"("en_IN", UTF-8, parsed); will try to load it.
2025-05-14 16:23:04 [DEBUG] freemarker.cache - TemplateLoader.findTemplateSource("spark/partials/exception_en_IN.ftl"): Not found
2025-05-14 16:23:04 [DEBUG] freemarker.cache - TemplateLoader.findTemplateSource("spark/partials/exception_en.ftl"): Not found
2025-05-14 16:23:04 [DEBUG] freemarker.cache - TemplateLoader.findTemplateSource("spark/partials/exception.ftl"): Found
2025-05-14 16:23:04 [DEBUG] freemarker.cache - Loading template for "spark/partials/exception.ftl"("en_IN", UTF-8, parsed) from "jar:file:/C:/Users/rengaraj/.m2/repository/com/aventstack/extentreports/5.0.9/extentreports-5.0.9.jar!/com/aventstack/extentreports/templates/spark/partials/exception.ftl"
2025-05-14 16:23:04 [DEBUG] freemarker.cache - Couldn't find template in cache for "spark/partials/category.ftl"("en_IN", UTF-8, parsed); will try to load it.
2025-05-14 16:23:04 [DEBUG] freemarker.cache - TemplateLoader.findTemplateSource("spark/partials/category_en_IN.ftl"): Not found
2025-05-14 16:23:04 [DEBUG] freemarker.cache - TemplateLoader.findTemplateSource("spark/partials/category_en.ftl"): Not found
2025-05-14 16:23:04 [DEBUG] freemarker.cache - TemplateLoader.findTemplateSource("spark/partials/category.ftl"): Found
2025-05-14 16:23:04 [DEBUG] freemarker.cache - Loading template for "spark/partials/category.ftl"("en_IN", UTF-8, parsed) from "jar:file:/C:/Users/rengaraj/.m2/repository/com/aventstack/extentreports/5.0.9/extentreports-5.0.9.jar!/com/aventstack/extentreports/templates/spark/partials/category.ftl"
2025-05-14 16:23:04 [DEBUG] freemarker.cache - Couldn't find template in cache for "spark/partials/device.ftl"("en_IN", UTF-8, parsed); will try to load it.
2025-05-14 16:23:04 [DEBUG] freemarker.cache - TemplateLoader.findTemplateSource("spark/partials/device_en_IN.ftl"): Not found
2025-05-14 16:23:04 [DEBUG] freemarker.cache - TemplateLoader.findTemplateSource("spark/partials/device_en.ftl"): Not found
2025-05-14 16:23:04 [DEBUG] freemarker.cache - TemplateLoader.findTemplateSource("spark/partials/device.ftl"): Found
2025-05-14 16:23:04 [DEBUG] freemarker.cache - Loading template for "spark/partials/device.ftl"("en_IN", UTF-8, parsed) from "jar:file:/C:/Users/rengaraj/.m2/repository/com/aventstack/extentreports/5.0.9/extentreports-5.0.9.jar!/com/aventstack/extentreports/templates/spark/partials/device.ftl"
2025-05-14 16:23:04 [DEBUG] freemarker.cache - Couldn't find template in cache for "spark/partials/author.ftl"("en_IN", UTF-8, parsed); will try to load it.
2025-05-14 16:23:04 [DEBUG] freemarker.cache - TemplateLoader.findTemplateSource("spark/partials/author_en_IN.ftl"): Not found
2025-05-14 16:23:04 [DEBUG] freemarker.cache - TemplateLoader.findTemplateSource("spark/partials/author_en.ftl"): Not found
2025-05-14 16:23:04 [DEBUG] freemarker.cache - TemplateLoader.findTemplateSource("spark/partials/author.ftl"): Found
2025-05-14 16:23:04 [DEBUG] freemarker.cache - Loading template for "spark/partials/author.ftl"("en_IN", UTF-8, parsed) from "jar:file:/C:/Users/rengaraj/.m2/repository/com/aventstack/extentreports/5.0.9/extentreports-5.0.9.jar!/com/aventstack/extentreports/templates/spark/partials/author.ftl"
2025-05-14 16:23:04 [DEBUG] freemarker.cache - Couldn't find template in cache for "spark/partials/log.ftl"("en_IN", UTF-8, parsed); will try to load it.
2025-05-14 16:23:04 [DEBUG] freemarker.cache - TemplateLoader.findTemplateSource("spark/partials/log_en_IN.ftl"): Not found
2025-05-14 16:23:04 [DEBUG] freemarker.cache - TemplateLoader.findTemplateSource("spark/partials/log_en.ftl"): Not found
2025-05-14 16:23:04 [DEBUG] freemarker.cache - TemplateLoader.findTemplateSource("spark/partials/log.ftl"): Found
2025-05-14 16:23:04 [DEBUG] freemarker.cache - Loading template for "spark/partials/log.ftl"("en_IN", UTF-8, parsed) from "jar:file:/C:/Users/rengaraj/.m2/repository/com/aventstack/extentreports/5.0.9/extentreports-5.0.9.jar!/com/aventstack/extentreports/templates/spark/partials/log.ftl"
2025-05-14 16:23:04 [DEBUG] freemarker.cache - Couldn't find template in cache for "spark/partials/dashboard.ftl"("en_IN", UTF-8, parsed); will try to load it.
2025-05-14 16:23:04 [DEBUG] freemarker.cache - TemplateLoader.findTemplateSource("spark/partials/dashboard_en_IN.ftl"): Not found
2025-05-14 16:23:04 [DEBUG] freemarker.cache - TemplateLoader.findTemplateSource("spark/partials/dashboard_en.ftl"): Not found
2025-05-14 16:23:04 [DEBUG] freemarker.cache - TemplateLoader.findTemplateSource("spark/partials/dashboard.ftl"): Found
2025-05-14 16:23:04 [DEBUG] freemarker.cache - Loading template for "spark/partials/dashboard.ftl"("en_IN", UTF-8, parsed) from "jar:file:/C:/Users/rengaraj/.m2/repository/com/aventstack/extentreports/5.0.9/extentreports-5.0.9.jar!/com/aventstack/extentreports/templates/spark/partials/dashboard.ftl"
2025-05-14 16:23:04 [DEBUG] freemarker.cache - Couldn't find template in cache for "spark/partials/scripts.ftl"("en_IN", UTF-8, parsed); will try to load it.
2025-05-14 16:23:04 [DEBUG] freemarker.cache - TemplateLoader.findTemplateSource("spark/partials/scripts_en_IN.ftl"): Not found
2025-05-14 16:23:04 [DEBUG] freemarker.cache - TemplateLoader.findTemplateSource("spark/partials/scripts_en.ftl"): Not found
2025-05-14 16:23:04 [DEBUG] freemarker.cache - TemplateLoader.findTemplateSource("spark/partials/scripts.ftl"): Found
2025-05-14 16:23:04 [DEBUG] freemarker.cache - Loading template for "spark/partials/scripts.ftl"("en_IN", UTF-8, parsed) from "jar:file:/C:/Users/rengaraj/.m2/repository/com/aventstack/extentreports/5.0.9/extentreports-5.0.9.jar!/com/aventstack/extentreports/templates/spark/partials/scripts.ftl"
2025-05-14 16:23:04 [DEBUG] freemarker.cache - Couldn't find template in cache for "commons/commons-inject-js.ftl"("en_IN", UTF-8, parsed); will try to load it.
2025-05-14 16:23:04 [DEBUG] freemarker.cache - TemplateLoader.findTemplateSource("commons/commons-inject-js_en_IN.ftl"): Not found
2025-05-14 16:23:04 [DEBUG] freemarker.cache - TemplateLoader.findTemplateSource("commons/commons-inject-js_en.ftl"): Not found
2025-05-14 16:23:04 [DEBUG] freemarker.cache - TemplateLoader.findTemplateSource("commons/commons-inject-js.ftl"): Found
2025-05-14 16:23:04 [DEBUG] freemarker.cache - Loading template for "commons/commons-inject-js.ftl"("en_IN", UTF-8, parsed) from "jar:file:/C:/Users/rengaraj/.m2/repository/com/aventstack/extentreports/5.0.9/extentreports-5.0.9.jar!/com/aventstack/extentreports/templates/commons/commons-inject-js.ftl"
2025-05-14 16:32:50 [INFO] baseclass.launchezhour - Ezhour application launch
2025-05-14 16:32:55 [INFO] baseclass.launchezhour - Ezhour testing is completed
2025-05-14 16:32:55 [DEBUG] freemarker.cache - Couldn't find template in cache for "spark/spark.spa.ftl"("en_IN", UTF-8, parsed); will try to load it.
2025-05-14 16:32:55 [DEBUG] freemarker.cache - TemplateLoader.findTemplateSource("spark/spark.spa_en_IN.ftl"): Not found
2025-05-14 16:32:55 [DEBUG] freemarker.cache - TemplateLoader.findTemplateSource("spark/spark.spa_en.ftl"): Not found
2025-05-14 16:32:55 [DEBUG] freemarker.cache - TemplateLoader.findTemplateSource("spark/spark.spa.ftl"): Found
2025-05-14 16:32:55 [DEBUG] freemarker.cache - Loading template for "spark/spark.spa.ftl"("en_IN", UTF-8, parsed) from "jar:file:/C:/Users/rengaraj/.m2/repository/com/aventstack/extentreports/5.0.9/extentreports-5.0.9.jar!/com/aventstack/extentreports/templates/spark/spark.spa.ftl"
2025-05-14 16:32:55 [DEBUG] freemarker.cache - Couldn't find template in cache for "commons/commons-variables.ftl"("en_IN", UTF-8, parsed); will try to load it.
2025-05-14 16:32:55 [DEBUG] freemarker.cache - TemplateLoader.findTemplateSource("commons/commons-variables_en_IN.ftl"): Not found
2025-05-14 16:32:55 [DEBUG] freemarker.cache - TemplateLoader.findTemplateSource("commons/commons-variables_en.ftl"): Not found
2025-05-14 16:32:55 [DEBUG] freemarker.cache - TemplateLoader.findTemplateSource("commons/commons-variables.ftl"): Found
2025-05-14 16:32:55 [DEBUG] freemarker.cache - Loading template for "commons/commons-variables.ftl"("en_IN", UTF-8, parsed) from "jar:file:/C:/Users/rengaraj/.m2/repository/com/aventstack/extentreports/5.0.9/extentreports-5.0.9.jar!/com/aventstack/extentreports/templates/commons/commons-variables.ftl"
2025-05-14 16:32:56 [DEBUG] freemarker.cache - Couldn't find template in cache for "commons/commons-macros.ftl"("en_IN", UTF-8, parsed); will try to load it.
2025-05-14 16:32:56 [DEBUG] freemarker.cache - TemplateLoader.findTemplateSource("commons/commons-macros_en_IN.ftl"): Not found
2025-05-14 16:32:56 [DEBUG] freemarker.cache - TemplateLoader.findTemplateSource("commons/commons-macros_en.ftl"): Not found
2025-05-14 16:32:56 [DEBUG] freemarker.cache - TemplateLoader.findTemplateSource("commons/commons-macros.ftl"): Found
2025-05-14 16:32:56 [DEBUG] freemarker.cache - Loading template for "commons/commons-macros.ftl"("en_IN", UTF-8, parsed) from "jar:file:/C:/Users/rengaraj/.m2/repository/com/aventstack/extentreports/5.0.9/extentreports-5.0.9.jar!/com/aventstack/extentreports/templates/commons/commons-macros.ftl"
2025-05-14 16:32:56 [DEBUG] freemarker.cache - Couldn't find template in cache for "spark/macros/attributes.ftl"("en_IN", UTF-8, parsed); will try to load it.
2025-05-14 16:32:56 [DEBUG] freemarker.cache - TemplateLoader.findTemplateSource("spark/macros/attributes_en_IN.ftl"): Not found
2025-05-14 16:32:56 [DEBUG] freemarker.cache - TemplateLoader.findTemplateSource("spark/macros/attributes_en.ftl"): Not found
2025-05-14 16:32:56 [DEBUG] freemarker.cache - TemplateLoader.findTemplateSource("spark/macros/attributes.ftl"): Found
2025-05-14 16:32:56 [DEBUG] freemarker.cache - Loading template for "spark/macros/attributes.ftl"("en_IN", UTF-8, parsed) from "jar:file:/C:/Users/rengaraj/.m2/repository/com/aventstack/extentreports/5.0.9/extentreports-5.0.9.jar!/com/aventstack/extentreports/templates/spark/macros/attributes.ftl"
2025-05-14 16:32:56 [DEBUG] freemarker.cache - Couldn't find template in cache for "spark/macros/log.ftl"("en_IN", UTF-8, parsed); will try to load it.
2025-05-14 16:32:56 [DEBUG] freemarker.cache - TemplateLoader.findTemplateSource("spark/macros/log_en_IN.ftl"): Not found
2025-05-14 16:32:56 [DEBUG] freemarker.cache - TemplateLoader.findTemplateSource("spark/macros/log_en.ftl"): Not found
2025-05-14 16:32:56 [DEBUG] freemarker.cache - TemplateLoader.findTemplateSource("spark/macros/log.ftl"): Found
2025-05-14 16:32:56 [DEBUG] freemarker.cache - Loading template for "spark/macros/log.ftl"("en_IN", UTF-8, parsed) from "jar:file:/C:/Users/rengaraj/.m2/repository/com/aventstack/extentreports/5.0.9/extentreports-5.0.9.jar!/com/aventstack/extentreports/templates/spark/macros/log.ftl"
2025-05-14 16:32:56 [DEBUG] freemarker.cache - Couldn't find template in cache for "spark/macros/recurse_nodes.ftl"("en_IN", UTF-8, parsed); will try to load it.
2025-05-14 16:32:56 [DEBUG] freemarker.cache - TemplateLoader.findTemplateSource("spark/macros/recurse_nodes_en_IN.ftl"): Not found
2025-05-14 16:32:56 [DEBUG] freemarker.cache - TemplateLoader.findTemplateSource("spark/macros/recurse_nodes_en.ftl"): Not found
2025-05-14 16:32:56 [DEBUG] freemarker.cache - TemplateLoader.findTemplateSource("spark/macros/recurse_nodes.ftl"): Found
2025-05-14 16:32:56 [DEBUG] freemarker.cache - Loading template for "spark/macros/recurse_nodes.ftl"("en_IN", UTF-8, parsed) from "jar:file:/C:/Users/rengaraj/.m2/repository/com/aventstack/extentreports/5.0.9/extentreports-5.0.9.jar!/com/aventstack/extentreports/templates/spark/macros/recurse_nodes.ftl"
2025-05-14 16:32:56 [DEBUG] freemarker.cache - "spark/macros/log.ftl"("en_IN", UTF-8, parsed) cached copy not yet stale; using cached.
2025-05-14 16:32:56 [DEBUG] freemarker.cache - Couldn't find template in cache for "spark/macros/attr-common.ftl"("en_IN", UTF-8, parsed); will try to load it.
2025-05-14 16:32:56 [DEBUG] freemarker.cache - TemplateLoader.findTemplateSource("spark/macros/attr-common_en_IN.ftl"): Not found
2025-05-14 16:32:56 [DEBUG] freemarker.cache - TemplateLoader.findTemplateSource("spark/macros/attr-common_en.ftl"): Not found
2025-05-14 16:32:56 [DEBUG] freemarker.cache - TemplateLoader.findTemplateSource("spark/macros/attr-common.ftl"): Found
2025-05-14 16:32:56 [DEBUG] freemarker.cache - Loading template for "spark/macros/attr-common.ftl"("en_IN", UTF-8, parsed) from "jar:file:/C:/Users/rengaraj/.m2/repository/com/aventstack/extentreports/5.0.9/extentreports-5.0.9.jar!/com/aventstack/extentreports/templates/spark/macros/attr-common.ftl"
2025-05-14 16:32:56 [DEBUG] freemarker.cache - Couldn't find template in cache for "spark/partials/head.ftl"("en_IN", UTF-8, parsed); will try to load it.
2025-05-14 16:32:56 [DEBUG] freemarker.cache - TemplateLoader.findTemplateSource("spark/partials/head_en_IN.ftl"): Not found
2025-05-14 16:32:56 [DEBUG] freemarker.cache - TemplateLoader.findTemplateSource("spark/partials/head_en.ftl"): Not found
2025-05-14 16:32:56 [DEBUG] freemarker.cache - TemplateLoader.findTemplateSource("spark/partials/head.ftl"): Found
2025-05-14 16:32:56 [DEBUG] freemarker.cache - Loading template for "spark/partials/head.ftl"("en_IN", UTF-8, parsed) from "jar:file:/C:/Users/rengaraj/.m2/repository/com/aventstack/extentreports/5.0.9/extentreports-5.0.9.jar!/com/aventstack/extentreports/templates/spark/partials/head.ftl"
2025-05-14 16:32:56 [DEBUG] freemarker.cache - Couldn't find template in cache for "commons/commons-inject-css.ftl"("en_IN", UTF-8, parsed); will try to load it.
2025-05-14 16:32:56 [DEBUG] freemarker.cache - TemplateLoader.findTemplateSource("commons/commons-inject-css_en_IN.ftl"): Not found
2025-05-14 16:32:56 [DEBUG] freemarker.cache - TemplateLoader.findTemplateSource("commons/commons-inject-css_en.ftl"): Not found
2025-05-14 16:32:56 [DEBUG] freemarker.cache - TemplateLoader.findTemplateSource("commons/commons-inject-css.ftl"): Found
2025-05-14 16:32:56 [DEBUG] freemarker.cache - Loading template for "commons/commons-inject-css.ftl"("en_IN", UTF-8, parsed) from "jar:file:/C:/Users/rengaraj/.m2/repository/com/aventstack/extentreports/5.0.9/extentreports-5.0.9.jar!/com/aventstack/extentreports/templates/commons/commons-inject-css.ftl"
2025-05-14 16:32:56 [DEBUG] freemarker.cache - Couldn't find template in cache for "spark/partials/navbar.ftl"("en_IN", UTF-8, parsed); will try to load it.
2025-05-14 16:32:56 [DEBUG] freemarker.cache - TemplateLoader.findTemplateSource("spark/partials/navbar_en_IN.ftl"): Not found
2025-05-14 16:32:56 [DEBUG] freemarker.cache - TemplateLoader.findTemplateSource("spark/partials/navbar_en.ftl"): Not found
2025-05-14 16:32:56 [DEBUG] freemarker.cache - TemplateLoader.findTemplateSource("spark/partials/navbar.ftl"): Found
2025-05-14 16:32:56 [DEBUG] freemarker.cache - Loading template for "spark/partials/navbar.ftl"("en_IN", UTF-8, parsed) from "jar:file:/C:/Users/rengaraj/.m2/repository/com/aventstack/extentreports/5.0.9/extentreports-5.0.9.jar!/com/aventstack/extentreports/templates/spark/partials/navbar.ftl"
2025-05-14 16:32:56 [DEBUG] freemarker.cache - Couldn't find template in cache for "spark/partials/sidenav.ftl"("en_IN", UTF-8, parsed); will try to load it.
2025-05-14 16:32:56 [DEBUG] freemarker.cache - TemplateLoader.findTemplateSource("spark/partials/sidenav_en_IN.ftl"): Not found
2025-05-14 16:32:56 [DEBUG] freemarker.cache - TemplateLoader.findTemplateSource("spark/partials/sidenav_en.ftl"): Not found
2025-05-14 16:32:56 [DEBUG] freemarker.cache - TemplateLoader.findTemplateSource("spark/partials/sidenav.ftl"): Found
2025-05-14 16:32:56 [DEBUG] freemarker.cache - Loading template for "spark/partials/sidenav.ftl"("en_IN", UTF-8, parsed) from "jar:file:/C:/Users/rengaraj/.m2/repository/com/aventstack/extentreports/5.0.9/extentreports-5.0.9.jar!/com/aventstack/extentreports/templates/spark/partials/sidenav.ftl"
2025-05-14 16:32:56 [DEBUG] freemarker.cache - Couldn't find template in cache for "spark/partials/test.ftl"("en_IN", UTF-8, parsed); will try to load it.
2025-05-14 16:32:56 [DEBUG] freemarker.cache - TemplateLoader.findTemplateSource("spark/partials/test_en_IN.ftl"): Not found
2025-05-14 16:32:56 [DEBUG] freemarker.cache - TemplateLoader.findTemplateSource("spark/partials/test_en.ftl"): Not found
2025-05-14 16:32:56 [DEBUG] freemarker.cache - TemplateLoader.findTemplateSource("spark/partials/test.ftl"): Found
2025-05-14 16:32:56 [DEBUG] freemarker.cache - Loading template for "spark/partials/test.ftl"("en_IN", UTF-8, parsed) from "jar:file:/C:/Users/rengaraj/.m2/repository/com/aventstack/extentreports/5.0.9/extentreports-5.0.9.jar!/com/aventstack/extentreports/templates/spark/partials/test.ftl"
2025-05-14 16:32:56 [DEBUG] freemarker.cache - Couldn't find template in cache for "spark/partials/standard-content.ftl"("en_IN", UTF-8, parsed); will try to load it.
2025-05-14 16:32:56 [DEBUG] freemarker.cache - TemplateLoader.findTemplateSource("spark/partials/standard-content_en_IN.ftl"): Not found
2025-05-14 16:32:56 [DEBUG] freemarker.cache - TemplateLoader.findTemplateSource("spark/partials/standard-content_en.ftl"): Not found
2025-05-14 16:32:56 [DEBUG] freemarker.cache - TemplateLoader.findTemplateSource("spark/partials/standard-content.ftl"): Found
2025-05-14 16:32:56 [DEBUG] freemarker.cache - Loading template for "spark/partials/standard-content.ftl"("en_IN", UTF-8, parsed) from "jar:file:/C:/Users/rengaraj/.m2/repository/com/aventstack/extentreports/5.0.9/extentreports-5.0.9.jar!/com/aventstack/extentreports/templates/spark/partials/standard-content.ftl"
2025-05-14 16:32:56 [DEBUG] freemarker.cache - "spark/partials/standard-content.ftl"("en_IN", UTF-8, parsed) cached copy not yet stale; using cached.
2025-05-14 16:32:56 [DEBUG] freemarker.cache - "spark/partials/standard-content.ftl"("en_IN", UTF-8, parsed) cached copy not yet stale; using cached.
2025-05-14 16:32:56 [DEBUG] freemarker.cache - Couldn't find template in cache for "spark/partials/exception.ftl"("en_IN", UTF-8, parsed); will try to load it.
2025-05-14 16:32:56 [DEBUG] freemarker.cache - TemplateLoader.findTemplateSource("spark/partials/exception_en_IN.ftl"): Not found
2025-05-14 16:32:56 [DEBUG] freemarker.cache - TemplateLoader.findTemplateSource("spark/partials/exception_en.ftl"): Not found
2025-05-14 16:32:56 [DEBUG] freemarker.cache - TemplateLoader.findTemplateSource("spark/partials/exception.ftl"): Found
2025-05-14 16:32:56 [DEBUG] freemarker.cache - Loading template for "spark/partials/exception.ftl"("en_IN", UTF-8, parsed) from "jar:file:/C:/Users/rengaraj/.m2/repository/com/aventstack/extentreports/5.0.9/extentreports-5.0.9.jar!/com/aventstack/extentreports/templates/spark/partials/exception.ftl"
2025-05-14 16:32:56 [DEBUG] freemarker.cache - Couldn't find template in cache for "spark/partials/category.ftl"("en_IN", UTF-8, parsed); will try to load it.
2025-05-14 16:32:56 [DEBUG] freemarker.cache - TemplateLoader.findTemplateSource("spark/partials/category_en_IN.ftl"): Not found
2025-05-14 16:32:56 [DEBUG] freemarker.cache - TemplateLoader.findTemplateSource("spark/partials/category_en.ftl"): Not found
2025-05-14 16:32:56 [DEBUG] freemarker.cache - TemplateLoader.findTemplateSource("spark/partials/category.ftl"): Found
2025-05-14 16:32:56 [DEBUG] freemarker.cache - Loading template for "spark/partials/category.ftl"("en_IN", UTF-8, parsed) from "jar:file:/C:/Users/rengaraj/.m2/repository/com/aventstack/extentreports/5.0.9/extentreports-5.0.9.jar!/com/aventstack/extentreports/templates/spark/partials/category.ftl"
2025-05-14 16:32:56 [DEBUG] freemarker.cache - Couldn't find template in cache for "spark/partials/device.ftl"("en_IN", UTF-8, parsed); will try to load it.
2025-05-14 16:32:56 [DEBUG] freemarker.cache - TemplateLoader.findTemplateSource("spark/partials/device_en_IN.ftl"): Not found
2025-05-14 16:32:56 [DEBUG] freemarker.cache - TemplateLoader.findTemplateSource("spark/partials/device_en.ftl"): Not found
2025-05-14 16:32:56 [DEBUG] freemarker.cache - TemplateLoader.findTemplateSource("spark/partials/device.ftl"): Found
2025-05-14 16:32:56 [DEBUG] freemarker.cache - Loading template for "spark/partials/device.ftl"("en_IN", UTF-8, parsed) from "jar:file:/C:/Users/rengaraj/.m2/repository/com/aventstack/extentreports/5.0.9/extentreports-5.0.9.jar!/com/aventstack/extentreports/templates/spark/partials/device.ftl"
2025-05-14 16:32:56 [DEBUG] freemarker.cache - Couldn't find template in cache for "spark/partials/author.ftl"("en_IN", UTF-8, parsed); will try to load it.
2025-05-14 16:32:56 [DEBUG] freemarker.cache - TemplateLoader.findTemplateSource("spark/partials/author_en_IN.ftl"): Not found
2025-05-14 16:32:56 [DEBUG] freemarker.cache - TemplateLoader.findTemplateSource("spark/partials/author_en.ftl"): Not found
2025-05-14 16:32:56 [DEBUG] freemarker.cache - TemplateLoader.findTemplateSource("spark/partials/author.ftl"): Found
2025-05-14 16:32:56 [DEBUG] freemarker.cache - Loading template for "spark/partials/author.ftl"("en_IN", UTF-8, parsed) from "jar:file:/C:/Users/rengaraj/.m2/repository/com/aventstack/extentreports/5.0.9/extentreports-5.0.9.jar!/com/aventstack/extentreports/templates/spark/partials/author.ftl"
2025-05-14 16:32:56 [DEBUG] freemarker.cache - Couldn't find template in cache for "spark/partials/log.ftl"("en_IN", UTF-8, parsed); will try to load it.
2025-05-14 16:32:56 [DEBUG] freemarker.cache - TemplateLoader.findTemplateSource("spark/partials/log_en_IN.ftl"): Not found
2025-05-14 16:32:56 [DEBUG] freemarker.cache - TemplateLoader.findTemplateSource("spark/partials/log_en.ftl"): Not found
2025-05-14 16:32:56 [DEBUG] freemarker.cache - TemplateLoader.findTemplateSource("spark/partials/log.ftl"): Found
2025-05-14 16:32:56 [DEBUG] freemarker.cache - Loading template for "spark/partials/log.ftl"("en_IN", UTF-8, parsed) from "jar:file:/C:/Users/rengaraj/.m2/repository/com/aventstack/extentreports/5.0.9/extentreports-5.0.9.jar!/com/aventstack/extentreports/templates/spark/partials/log.ftl"
2025-05-14 16:32:56 [DEBUG] freemarker.cache - Couldn't find template in cache for "spark/partials/dashboard.ftl"("en_IN", UTF-8, parsed); will try to load it.
2025-05-14 16:32:56 [DEBUG] freemarker.cache - TemplateLoader.findTemplateSource("spark/partials/dashboard_en_IN.ftl"): Not found
2025-05-14 16:32:56 [DEBUG] freemarker.cache - TemplateLoader.findTemplateSource("spark/partials/dashboard_en.ftl"): Not found
2025-05-14 16:32:56 [DEBUG] freemarker.cache - TemplateLoader.findTemplateSource("spark/partials/dashboard.ftl"): Found
2025-05-14 16:32:56 [DEBUG] freemarker.cache - Loading template for "spark/partials/dashboard.ftl"("en_IN", UTF-8, parsed) from "jar:file:/C:/Users/rengaraj/.m2/repository/com/aventstack/extentreports/5.0.9/extentreports-5.0.9.jar!/com/aventstack/extentreports/templates/spark/partials/dashboard.ftl"
2025-05-14 16:32:56 [DEBUG] freemarker.cache - Couldn't find template in cache for "spark/partials/scripts.ftl"("en_IN", UTF-8, parsed); will try to load it.
2025-05-14 16:32:56 [DEBUG] freemarker.cache - TemplateLoader.findTemplateSource("spark/partials/scripts_en_IN.ftl"): Not found
2025-05-14 16:32:56 [DEBUG] freemarker.cache - TemplateLoader.findTemplateSource("spark/partials/scripts_en.ftl"): Not found
2025-05-14 16:32:56 [DEBUG] freemarker.cache - TemplateLoader.findTemplateSource("spark/partials/scripts.ftl"): Found
2025-05-14 16:32:56 [DEBUG] freemarker.cache - Loading template for "spark/partials/scripts.ftl"("en_IN", UTF-8, parsed) from "jar:file:/C:/Users/rengaraj/.m2/repository/com/aventstack/extentreports/5.0.9/extentreports-5.0.9.jar!/com/aventstack/extentreports/templates/spark/partials/scripts.ftl"
2025-05-14 16:32:56 [DEBUG] freemarker.cache - Couldn't find template in cache for "commons/commons-inject-js.ftl"("en_IN", UTF-8, parsed); will try to load it.
2025-05-14 16:32:56 [DEBUG] freemarker.cache - TemplateLoader.findTemplateSource("commons/commons-inject-js_en_IN.ftl"): Not found
2025-05-14 16:32:56 [DEBUG] freemarker.cache - TemplateLoader.findTemplateSource("commons/commons-inject-js_en.ftl"): Not found
2025-05-14 16:32:56 [DEBUG] freemarker.cache - TemplateLoader.findTemplateSource("commons/commons-inject-js.ftl"): Found
2025-05-14 16:32:56 [DEBUG] freemarker.cache - Loading template for "commons/commons-inject-js.ftl"("en_IN", UTF-8, parsed) from "jar:file:/C:/Users/rengaraj/.m2/repository/com/aventstack/extentreports/5.0.9/extentreports-5.0.9.jar!/com/aventstack/extentreports/templates/commons/commons-inject-js.ftl"
2025-05-14 16:57:38 [INFO] baseclass.launchezhour - Ezhour application launch
2025-05-14 16:57:43 [INFO] baseclass.launchezhour - Ezhour testing is completed
2025-05-14 16:57:43 [DEBUG] freemarker.cache - Couldn't find template in cache for "spark/spark.spa.ftl"("en_IN", UTF-8, parsed); will try to load it.
2025-05-14 16:57:43 [DEBUG] freemarker.cache - TemplateLoader.findTemplateSource("spark/spark.spa_en_IN.ftl"): Not found
2025-05-14 16:57:43 [DEBUG] freemarker.cache - TemplateLoader.findTemplateSource("spark/spark.spa_en.ftl"): Not found
2025-05-14 16:57:43 [DEBUG] freemarker.cache - TemplateLoader.findTemplateSource("spark/spark.spa.ftl"): Found
2025-05-14 16:57:43 [DEBUG] freemarker.cache - Loading template for "spark/spark.spa.ftl"("en_IN", UTF-8, parsed) from "jar:file:/C:/Users/rengaraj/.m2/repository/com/aventstack/extentreports/5.0.9/extentreports-5.0.9.jar!/com/aventstack/extentreports/templates/spark/spark.spa.ftl"
2025-05-14 16:57:43 [DEBUG] freemarker.cache - Couldn't find template in cache for "commons/commons-variables.ftl"("en_IN", UTF-8, parsed); will try to load it.
2025-05-14 16:57:43 [DEBUG] freemarker.cache - TemplateLoader.findTemplateSource("commons/commons-variables_en_IN.ftl"): Not found
2025-05-14 16:57:43 [DEBUG] freemarker.cache - TemplateLoader.findTemplateSource("commons/commons-variables_en.ftl"): Not found
2025-05-14 16:57:43 [DEBUG] freemarker.cache - TemplateLoader.findTemplateSource("commons/commons-variables.ftl"): Found
2025-05-14 16:57:43 [DEBUG] freemarker.cache - Loading template for "commons/commons-variables.ftl"("en_IN", UTF-8, parsed) from "jar:file:/C:/Users/rengaraj/.m2/repository/com/aventstack/extentreports/5.0.9/extentreports-5.0.9.jar!/com/aventstack/extentreports/templates/commons/commons-variables.ftl"
2025-05-14 16:57:44 [DEBUG] freemarker.cache - Couldn't find template in cache for "commons/commons-macros.ftl"("en_IN", UTF-8, parsed); will try to load it.
2025-05-14 16:57:44 [DEBUG] freemarker.cache - TemplateLoader.findTemplateSource("commons/commons-macros_en_IN.ftl"): Not found
2025-05-14 16:57:44 [DEBUG] freemarker.cache - TemplateLoader.findTemplateSource("commons/commons-macros_en.ftl"): Not found
2025-05-14 16:57:44 [DEBUG] freemarker.cache - TemplateLoader.findTemplateSource("commons/commons-macros.ftl"): Found
2025-05-14 16:57:44 [DEBUG] freemarker.cache - Loading template for "commons/commons-macros.ftl"("en_IN", UTF-8, parsed) from "jar:file:/C:/Users/rengaraj/.m2/repository/com/aventstack/extentreports/5.0.9/extentreports-5.0.9.jar!/com/aventstack/extentreports/templates/commons/commons-macros.ftl"
2025-05-14 16:57:44 [DEBUG] freemarker.cache - Couldn't find template in cache for "spark/macros/attributes.ftl"("en_IN", UTF-8, parsed); will try to load it.
2025-05-14 16:57:44 [DEBUG] freemarker.cache - TemplateLoader.findTemplateSource("spark/macros/attributes_en_IN.ftl"): Not found
2025-05-14 16:57:44 [DEBUG] freemarker.cache - TemplateLoader.findTemplateSource("spark/macros/attributes_en.ftl"): Not found
2025-05-14 16:57:44 [DEBUG] freemarker.cache - TemplateLoader.findTemplateSource("spark/macros/attributes.ftl"): Found
2025-05-14 16:57:44 [DEBUG] freemarker.cache - Loading template for "spark/macros/attributes.ftl"("en_IN", UTF-8, parsed) from "jar:file:/C:/Users/rengaraj/.m2/repository/com/aventstack/extentreports/5.0.9/extentreports-5.0.9.jar!/com/aventstack/extentreports/templates/spark/macros/attributes.ftl"
2025-05-14 16:57:44 [DEBUG] freemarker.cache - Couldn't find template in cache for "spark/macros/log.ftl"("en_IN", UTF-8, parsed); will try to load it.
2025-05-14 16:57:44 [DEBUG] freemarker.cache - TemplateLoader.findTemplateSource("spark/macros/log_en_IN.ftl"): Not found
2025-05-14 16:57:44 [DEBUG] freemarker.cache - TemplateLoader.findTemplateSource("spark/macros/log_en.ftl"): Not found
2025-05-14 16:57:44 [DEBUG] freemarker.cache - TemplateLoader.findTemplateSource("spark/macros/log.ftl"): Found
2025-05-14 16:57:44 [DEBUG] freemarker.cache - Loading template for "spark/macros/log.ftl"("en_IN", UTF-8, parsed) from "jar:file:/C:/Users/rengaraj/.m2/repository/com/aventstack/extentreports/5.0.9/extentreports-5.0.9.jar!/com/aventstack/extentreports/templates/spark/macros/log.ftl"
2025-05-14 16:57:44 [DEBUG] freemarker.cache - Couldn't find template in cache for "spark/macros/recurse_nodes.ftl"("en_IN", UTF-8, parsed); will try to load it.
2025-05-14 16:57:44 [DEBUG] freemarker.cache - TemplateLoader.findTemplateSource("spark/macros/recurse_nodes_en_IN.ftl"): Not found
2025-05-14 16:57:44 [DEBUG] freemarker.cache - TemplateLoader.findTemplateSource("spark/macros/recurse_nodes_en.ftl"): Not found
2025-05-14 16:57:44 [DEBUG] freemarker.cache - TemplateLoader.findTemplateSource("spark/macros/recurse_nodes.ftl"): Found
2025-05-14 16:57:44 [DEBUG] freemarker.cache - Loading template for "spark/macros/recurse_nodes.ftl"("en_IN", UTF-8, parsed) from "jar:file:/C:/Users/rengaraj/.m2/repository/com/aventstack/extentreports/5.0.9/extentreports-5.0.9.jar!/com/aventstack/extentreports/templates/spark/macros/recurse_nodes.ftl"
2025-05-14 16:57:44 [DEBUG] freemarker.cache - "spark/macros/log.ftl"("en_IN", UTF-8, parsed) cached copy not yet stale; using cached.
2025-05-14 16:57:44 [DEBUG] freemarker.cache - Couldn't find template in cache for "spark/macros/attr-common.ftl"("en_IN", UTF-8, parsed); will try to load it.
2025-05-14 16:57:44 [DEBUG] freemarker.cache - TemplateLoader.findTemplateSource("spark/macros/attr-common_en_IN.ftl"): Not found
2025-05-14 16:57:44 [DEBUG] freemarker.cache - TemplateLoader.findTemplateSource("spark/macros/attr-common_en.ftl"): Not found
2025-05-14 16:57:44 [DEBUG] freemarker.cache - TemplateLoader.findTemplateSource("spark/macros/attr-common.ftl"): Found
2025-05-14 16:57:44 [DEBUG] freemarker.cache - Loading template for "spark/macros/attr-common.ftl"("en_IN", UTF-8, parsed) from "jar:file:/C:/Users/rengaraj/.m2/repository/com/aventstack/extentreports/5.0.9/extentreports-5.0.9.jar!/com/aventstack/extentreports/templates/spark/macros/attr-common.ftl"
2025-05-14 16:57:44 [DEBUG] freemarker.cache - Couldn't find template in cache for "spark/partials/head.ftl"("en_IN", UTF-8, parsed); will try to load it.
2025-05-14 16:57:44 [DEBUG] freemarker.cache - TemplateLoader.findTemplateSource("spark/partials/head_en_IN.ftl"): Not found
2025-05-14 16:57:44 [DEBUG] freemarker.cache - TemplateLoader.findTemplateSource("spark/partials/head_en.ftl"): Not found
2025-05-14 16:57:44 [DEBUG] freemarker.cache - TemplateLoader.findTemplateSource("spark/partials/head.ftl"): Found
2025-05-14 16:57:44 [DEBUG] freemarker.cache - Loading template for "spark/partials/head.ftl"("en_IN", UTF-8, parsed) from "jar:file:/C:/Users/rengaraj/.m2/repository/com/aventstack/extentreports/5.0.9/extentreports-5.0.9.jar!/com/aventstack/extentreports/templates/spark/partials/head.ftl"
2025-05-14 16:57:44 [DEBUG] freemarker.cache - Couldn't find template in cache for "commons/commons-inject-css.ftl"("en_IN", UTF-8, parsed); will try to load it.
2025-05-14 16:57:44 [DEBUG] freemarker.cache - TemplateLoader.findTemplateSource("commons/commons-inject-css_en_IN.ftl"): Not found
2025-05-14 16:57:44 [DEBUG] freemarker.cache - TemplateLoader.findTemplateSource("commons/commons-inject-css_en.ftl"): Not found
2025-05-14 16:57:44 [DEBUG] freemarker.cache - TemplateLoader.findTemplateSource("commons/commons-inject-css.ftl"): Found
2025-05-14 16:57:44 [DEBUG] freemarker.cache - Loading template for "commons/commons-inject-css.ftl"("en_IN", UTF-8, parsed) from "jar:file:/C:/Users/rengaraj/.m2/repository/com/aventstack/extentreports/5.0.9/extentreports-5.0.9.jar!/com/aventstack/extentreports/templates/commons/commons-inject-css.ftl"
2025-05-14 16:57:44 [DEBUG] freemarker.cache - Couldn't find template in cache for "spark/partials/navbar.ftl"("en_IN", UTF-8, parsed); will try to load it.
2025-05-14 16:57:44 [DEBUG] freemarker.cache - TemplateLoader.findTemplateSource("spark/partials/navbar_en_IN.ftl"): Not found
2025-05-14 16:57:44 [DEBUG] freemarker.cache - TemplateLoader.findTemplateSource("spark/partials/navbar_en.ftl"): Not found
2025-05-14 16:57:44 [DEBUG] freemarker.cache - TemplateLoader.findTemplateSource("spark/partials/navbar.ftl"): Found
2025-05-14 16:57:44 [DEBUG] freemarker.cache - Loading template for "spark/partials/navbar.ftl"("en_IN", UTF-8, parsed) from "jar:file:/C:/Users/rengaraj/.m2/repository/com/aventstack/extentreports/5.0.9/extentreports-5.0.9.jar!/com/aventstack/extentreports/templates/spark/partials/navbar.ftl"
2025-05-14 16:57:44 [DEBUG] freemarker.cache - Couldn't find template in cache for "spark/partials/sidenav.ftl"("en_IN", UTF-8, parsed); will try to load it.
2025-05-14 16:57:44 [DEBUG] freemarker.cache - TemplateLoader.findTemplateSource("spark/partials/sidenav_en_IN.ftl"): Not found
2025-05-14 16:57:44 [DEBUG] freemarker.cache - TemplateLoader.findTemplateSource("spark/partials/sidenav_en.ftl"): Not found
2025-05-14 16:57:44 [DEBUG] freemarker.cache - TemplateLoader.findTemplateSource("spark/partials/sidenav.ftl"): Found
2025-05-14 16:57:44 [DEBUG] freemarker.cache - Loading template for "spark/partials/sidenav.ftl"("en_IN", UTF-8, parsed) from "jar:file:/C:/Users/rengaraj/.m2/repository/com/aventstack/extentreports/5.0.9/extentreports-5.0.9.jar!/com/aventstack/extentreports/templates/spark/partials/sidenav.ftl"
2025-05-14 16:57:44 [DEBUG] freemarker.cache - Couldn't find template in cache for "spark/partials/test.ftl"("en_IN", UTF-8, parsed); will try to load it.
2025-05-14 16:57:44 [DEBUG] freemarker.cache - TemplateLoader.findTemplateSource("spark/partials/test_en_IN.ftl"): Not found
2025-05-14 16:57:44 [DEBUG] freemarker.cache - TemplateLoader.findTemplateSource("spark/partials/test_en.ftl"): Not found
2025-05-14 16:57:44 [DEBUG] freemarker.cache - TemplateLoader.findTemplateSource("spark/partials/test.ftl"): Found
2025-05-14 16:57:44 [DEBUG] freemarker.cache - Loading template for "spark/partials/test.ftl"("en_IN", UTF-8, parsed) from "jar:file:/C:/Users/rengaraj/.m2/repository/com/aventstack/extentreports/5.0.9/extentreports-5.0.9.jar!/com/aventstack/extentreports/templates/spark/partials/test.ftl"
2025-05-14 16:57:44 [DEBUG] freemarker.cache - Couldn't find template in cache for "spark/partials/standard-content.ftl"("en_IN", UTF-8, parsed); will try to load it.
2025-05-14 16:57:44 [DEBUG] freemarker.cache - TemplateLoader.findTemplateSource("spark/partials/standard-content_en_IN.ftl"): Not found
2025-05-14 16:57:44 [DEBUG] freemarker.cache - TemplateLoader.findTemplateSource("spark/partials/standard-content_en.ftl"): Not found
2025-05-14 16:57:44 [DEBUG] freemarker.cache - TemplateLoader.findTemplateSource("spark/partials/standard-content.ftl"): Found
2025-05-14 16:57:44 [DEBUG] freemarker.cache - Loading template for "spark/partials/standard-content.ftl"("en_IN", UTF-8, parsed) from "jar:file:/C:/Users/rengaraj/.m2/repository/com/aventstack/extentreports/5.0.9/extentreports-5.0.9.jar!/com/aventstack/extentreports/templates/spark/partials/standard-content.ftl"
2025-05-14 16:57:44 [DEBUG] freemarker.cache - "spark/partials/standard-content.ftl"("en_IN", UTF-8, parsed) cached copy not yet stale; using cached.
2025-05-14 16:57:44 [DEBUG] freemarker.cache - "spark/partials/standard-content.ftl"("en_IN", UTF-8, parsed) cached copy not yet stale; using cached.
2025-05-14 16:57:44 [DEBUG] freemarker.cache - Couldn't find template in cache for "spark/partials/exception.ftl"("en_IN", UTF-8, parsed); will try to load it.
2025-05-14 16:57:44 [DEBUG] freemarker.cache - TemplateLoader.findTemplateSource("spark/partials/exception_en_IN.ftl"): Not found
2025-05-14 16:57:44 [DEBUG] freemarker.cache - TemplateLoader.findTemplateSource("spark/partials/exception_en.ftl"): Not found
2025-05-14 16:57:44 [DEBUG] freemarker.cache - TemplateLoader.findTemplateSource("spark/partials/exception.ftl"): Found
2025-05-14 16:57:44 [DEBUG] freemarker.cache - Loading template for "spark/partials/exception.ftl"("en_IN", UTF-8, parsed) from "jar:file:/C:/Users/rengaraj/.m2/repository/com/aventstack/extentreports/5.0.9/extentreports-5.0.9.jar!/com/aventstack/extentreports/templates/spark/partials/exception.ftl"
2025-05-14 16:57:44 [DEBUG] freemarker.cache - Couldn't find template in cache for "spark/partials/category.ftl"("en_IN", UTF-8, parsed); will try to load it.
2025-05-14 16:57:44 [DEBUG] freemarker.cache - TemplateLoader.findTemplateSource("spark/partials/category_en_IN.ftl"): Not found
2025-05-14 16:57:44 [DEBUG] freemarker.cache - TemplateLoader.findTemplateSource("spark/partials/category_en.ftl"): Not found
2025-05-14 16:57:44 [DEBUG] freemarker.cache - TemplateLoader.findTemplateSource("spark/partials/category.ftl"): Found
2025-05-14 16:57:44 [DEBUG] freemarker.cache - Loading template for "spark/partials/category.ftl"("en_IN", UTF-8, parsed) from "jar:file:/C:/Users/rengaraj/.m2/repository/com/aventstack/extentreports/5.0.9/extentreports-5.0.9.jar!/com/aventstack/extentreports/templates/spark/partials/category.ftl"
2025-05-14 16:57:44 [DEBUG] freemarker.cache - Couldn't find template in cache for "spark/partials/device.ftl"("en_IN", UTF-8, parsed); will try to load it.
2025-05-14 16:57:44 [DEBUG] freemarker.cache - TemplateLoader.findTemplateSource("spark/partials/device_en_IN.ftl"): Not found
2025-05-14 16:57:44 [DEBUG] freemarker.cache - TemplateLoader.findTemplateSource("spark/partials/device_en.ftl"): Not found
2025-05-14 16:57:44 [DEBUG] freemarker.cache - TemplateLoader.findTemplateSource("spark/partials/device.ftl"): Found
2025-05-14 16:57:44 [DEBUG] freemarker.cache - Loading template for "spark/partials/device.ftl"("en_IN", UTF-8, parsed) from "jar:file:/C:/Users/rengaraj/.m2/repository/com/aventstack/extentreports/5.0.9/extentreports-5.0.9.jar!/com/aventstack/extentreports/templates/spark/partials/device.ftl"
2025-05-14 16:57:44 [DEBUG] freemarker.cache - Couldn't find template in cache for "spark/partials/author.ftl"("en_IN", UTF-8, parsed); will try to load it.
2025-05-14 16:57:44 [DEBUG] freemarker.cache - TemplateLoader.findTemplateSource("spark/partials/author_en_IN.ftl"): Not found
2025-05-14 16:57:44 [DEBUG] freemarker.cache - TemplateLoader.findTemplateSource("spark/partials/author_en.ftl"): Not found
2025-05-14 16:57:44 [DEBUG] freemarker.cache - TemplateLoader.findTemplateSource("spark/partials/author.ftl"): Found
2025-05-14 16:57:44 [DEBUG] freemarker.cache - Loading template for "spark/partials/author.ftl"("en_IN", UTF-8, parsed) from "jar:file:/C:/Users/rengaraj/.m2/repository/com/aventstack/extentreports/5.0.9/extentreports-5.0.9.jar!/com/aventstack/extentreports/templates/spark/partials/author.ftl"
2025-05-14 16:57:44 [DEBUG] freemarker.cache - Couldn't find template in cache for "spark/partials/log.ftl"("en_IN", UTF-8, parsed); will try to load it.
2025-05-14 16:57:44 [DEBUG] freemarker.cache - TemplateLoader.findTemplateSource("spark/partials/log_en_IN.ftl"): Not found
2025-05-14 16:57:44 [DEBUG] freemarker.cache - TemplateLoader.findTemplateSource("spark/partials/log_en.ftl"): Not found
2025-05-14 16:57:44 [DEBUG] freemarker.cache - TemplateLoader.findTemplateSource("spark/partials/log.ftl"): Found
2025-05-14 16:57:44 [DEBUG] freemarker.cache - Loading template for "spark/partials/log.ftl"("en_IN", UTF-8, parsed) from "jar:file:/C:/Users/rengaraj/.m2/repository/com/aventstack/extentreports/5.0.9/extentreports-5.0.9.jar!/com/aventstack/extentreports/templates/spark/partials/log.ftl"
2025-05-14 16:57:44 [DEBUG] freemarker.cache - Couldn't find template in cache for "spark/partials/dashboard.ftl"("en_IN", UTF-8, parsed); will try to load it.
2025-05-14 16:57:44 [DEBUG] freemarker.cache - TemplateLoader.findTemplateSource("spark/partials/dashboard_en_IN.ftl"): Not found
2025-05-14 16:57:44 [DEBUG] freemarker.cache - TemplateLoader.findTemplateSource("spark/partials/dashboard_en.ftl"): Not found
2025-05-14 16:57:44 [DEBUG] freemarker.cache - TemplateLoader.findTemplateSource("spark/partials/dashboard.ftl"): Found
2025-05-14 16:57:44 [DEBUG] freemarker.cache - Loading template for "spark/partials/dashboard.ftl"("en_IN", UTF-8, parsed) from "jar:file:/C:/Users/rengaraj/.m2/repository/com/aventstack/extentreports/5.0.9/extentreports-5.0.9.jar!/com/aventstack/extentreports/templates/spark/partials/dashboard.ftl"
2025-05-14 16:57:44 [DEBUG] freemarker.cache - Couldn't find template in cache for "spark/partials/scripts.ftl"("en_IN", UTF-8, parsed); will try to load it.
2025-05-14 16:57:44 [DEBUG] freemarker.cache - TemplateLoader.findTemplateSource("spark/partials/scripts_en_IN.ftl"): Not found
2025-05-14 16:57:44 [DEBUG] freemarker.cache - TemplateLoader.findTemplateSource("spark/partials/scripts_en.ftl"): Not found
2025-05-14 16:57:44 [DEBUG] freemarker.cache - TemplateLoader.findTemplateSource("spark/partials/scripts.ftl"): Found
2025-05-14 16:57:44 [DEBUG] freemarker.cache - Loading template for "spark/partials/scripts.ftl"("en_IN", UTF-8, parsed) from "jar:file:/C:/Users/rengaraj/.m2/repository/com/aventstack/extentreports/5.0.9/extentreports-5.0.9.jar!/com/aventstack/extentreports/templates/spark/partials/scripts.ftl"
2025-05-14 16:57:44 [DEBUG] freemarker.cache - Couldn't find template in cache for "commons/commons-inject-js.ftl"("en_IN", UTF-8, parsed); will try to load it.
2025-05-14 16:57:44 [DEBUG] freemarker.cache - TemplateLoader.findTemplateSource("commons/commons-inject-js_en_IN.ftl"): Not found
2025-05-14 16:57:44 [DEBUG] freemarker.cache - TemplateLoader.findTemplateSource("commons/commons-inject-js_en.ftl"): Not found
2025-05-14 16:57:44 [DEBUG] freemarker.cache - TemplateLoader.findTemplateSource("commons/commons-inject-js.ftl"): Found
2025-05-14 16:57:44 [DEBUG] freemarker.cache - Loading template for "commons/commons-inject-js.ftl"("en_IN", UTF-8, parsed) from "jar:file:/C:/Users/rengaraj/.m2/repository/com/aventstack/extentreports/5.0.9/extentreports-5.0.9.jar!/com/aventstack/extentreports/templates/commons/commons-inject-js.ftl"
2025-05-14 17:00:35 [INFO] baseclass.launchezhour - Ezhour application launch
2025-05-14 17:00:41 [INFO] baseclass.launchezhour - Ezhour testing is completed
2025-05-14 17:00:41 [DEBUG] freemarker.cache - Couldn't find template in cache for "spark/spark.spa.ftl"("en_IN", UTF-8, parsed); will try to load it.
2025-05-14 17:00:41 [DEBUG] freemarker.cache - TemplateLoader.findTemplateSource("spark/spark.spa_en_IN.ftl"): Not found
2025-05-14 17:00:41 [DEBUG] freemarker.cache - TemplateLoader.findTemplateSource("spark/spark.spa_en.ftl"): Not found
2025-05-14 17:00:41 [DEBUG] freemarker.cache - TemplateLoader.findTemplateSource("spark/spark.spa.ftl"): Found
2025-05-14 17:00:41 [DEBUG] freemarker.cache - Loading template for "spark/spark.spa.ftl"("en_IN", UTF-8, parsed) from "jar:file:/C:/Users/rengaraj/.m2/repository/com/aventstack/extentreports/5.0.9/extentreports-5.0.9.jar!/com/aventstack/extentreports/templates/spark/spark.spa.ftl"
2025-05-14 17:00:41 [DEBUG] freemarker.cache - Couldn't find template in cache for "commons/commons-variables.ftl"("en_IN", UTF-8, parsed); will try to load it.
2025-05-14 17:00:41 [DEBUG] freemarker.cache - TemplateLoader.findTemplateSource("commons/commons-variables_en_IN.ftl"): Not found
2025-05-14 17:00:41 [DEBUG] freemarker.cache - TemplateLoader.findTemplateSource("commons/commons-variables_en.ftl"): Not found
2025-05-14 17:00:41 [DEBUG] freemarker.cache - TemplateLoader.findTemplateSource("commons/commons-variables.ftl"): Found
2025-05-14 17:00:41 [DEBUG] freemarker.cache - Loading template for "commons/commons-variables.ftl"("en_IN", UTF-8, parsed) from "jar:file:/C:/Users/rengaraj/.m2/repository/com/aventstack/extentreports/5.0.9/extentreports-5.0.9.jar!/com/aventstack/extentreports/templates/commons/commons-variables.ftl"
2025-05-14 17:00:42 [DEBUG] freemarker.cache - Couldn't find template in cache for "commons/commons-macros.ftl"("en_IN", UTF-8, parsed); will try to load it.
2025-05-14 17:00:42 [DEBUG] freemarker.cache - TemplateLoader.findTemplateSource("commons/commons-macros_en_IN.ftl"): Not found
2025-05-14 17:00:42 [DEBUG] freemarker.cache - TemplateLoader.findTemplateSource("commons/commons-macros_en.ftl"): Not found
2025-05-14 17:00:42 [DEBUG] freemarker.cache - TemplateLoader.findTemplateSource("commons/commons-macros.ftl"): Found
2025-05-14 17:00:42 [DEBUG] freemarker.cache - Loading template for "commons/commons-macros.ftl"("en_IN", UTF-8, parsed) from "jar:file:/C:/Users/rengaraj/.m2/repository/com/aventstack/extentreports/5.0.9/extentreports-5.0.9.jar!/com/aventstack/extentreports/templates/commons/commons-macros.ftl"
2025-05-14 17:00:42 [DEBUG] freemarker.cache - Couldn't find template in cache for "spark/macros/attributes.ftl"("en_IN", UTF-8, parsed); will try to load it.
2025-05-14 17:00:42 [DEBUG] freemarker.cache - TemplateLoader.findTemplateSource("spark/macros/attributes_en_IN.ftl"): Not found
2025-05-14 17:00:42 [DEBUG] freemarker.cache - TemplateLoader.findTemplateSource("spark/macros/attributes_en.ftl"): Not found
2025-05-14 17:00:42 [DEBUG] freemarker.cache - TemplateLoader.findTemplateSource("spark/macros/attributes.ftl"): Found
2025-05-14 17:00:42 [DEBUG] freemarker.cache - Loading template for "spark/macros/attributes.ftl"("en_IN", UTF-8, parsed) from "jar:file:/C:/Users/rengaraj/.m2/repository/com/aventstack/extentreports/5.0.9/extentreports-5.0.9.jar!/com/aventstack/extentreports/templates/spark/macros/attributes.ftl"
2025-05-14 17:00:42 [DEBUG] freemarker.cache - Couldn't find template in cache for "spark/macros/log.ftl"("en_IN", UTF-8, parsed); will try to load it.
2025-05-14 17:00:42 [DEBUG] freemarker.cache - TemplateLoader.findTemplateSource("spark/macros/log_en_IN.ftl"): Not found
2025-05-14 17:00:42 [DEBUG] freemarker.cache - TemplateLoader.findTemplateSource("spark/macros/log_en.ftl"): Not found
2025-05-14 17:00:42 [DEBUG] freemarker.cache - TemplateLoader.findTemplateSource("spark/macros/log.ftl"): Found
2025-05-14 17:00:42 [DEBUG] freemarker.cache - Loading template for "spark/macros/log.ftl"("en_IN", UTF-8, parsed) from "jar:file:/C:/Users/rengaraj/.m2/repository/com/aventstack/extentreports/5.0.9/extentreports-5.0.9.jar!/com/aventstack/extentreports/templates/spark/macros/log.ftl"
2025-05-14 17:00:42 [DEBUG] freemarker.cache - Couldn't find template in cache for "spark/macros/recurse_nodes.ftl"("en_IN", UTF-8, parsed); will try to load it.
2025-05-14 17:00:42 [DEBUG] freemarker.cache - TemplateLoader.findTemplateSource("spark/macros/recurse_nodes_en_IN.ftl"): Not found
2025-05-14 17:00:42 [DEBUG] freemarker.cache - TemplateLoader.findTemplateSource("spark/macros/recurse_nodes_en.ftl"): Not found
2025-05-14 17:00:42 [DEBUG] freemarker.cache - TemplateLoader.findTemplateSource("spark/macros/recurse_nodes.ftl"): Found
2025-05-14 17:00:42 [DEBUG] freemarker.cache - Loading template for "spark/macros/recurse_nodes.ftl"("en_IN", UTF-8, parsed) from "jar:file:/C:/Users/rengaraj/.m2/repository/com/aventstack/extentreports/5.0.9/extentreports-5.0.9.jar!/com/aventstack/extentreports/templates/spark/macros/recurse_nodes.ftl"
2025-05-14 17:00:42 [DEBUG] freemarker.cache - "spark/macros/log.ftl"("en_IN", UTF-8, parsed) cached copy not yet stale; using cached.
2025-05-14 17:00:42 [DEBUG] freemarker.cache - Couldn't find template in cache for "spark/macros/attr-common.ftl"("en_IN", UTF-8, parsed); will try to load it.
2025-05-14 17:00:42 [DEBUG] freemarker.cache - TemplateLoader.findTemplateSource("spark/macros/attr-common_en_IN.ftl"): Not found
2025-05-14 17:00:42 [DEBUG] freemarker.cache - TemplateLoader.findTemplateSource("spark/macros/attr-common_en.ftl"): Not found
2025-05-14 17:00:42 [DEBUG] freemarker.cache - TemplateLoader.findTemplateSource("spark/macros/attr-common.ftl"): Found
2025-05-14 17:00:42 [DEBUG] freemarker.cache - Loading template for "spark/macros/attr-common.ftl"("en_IN", UTF-8, parsed) from "jar:file:/C:/Users/rengaraj/.m2/repository/com/aventstack/extentreports/5.0.9/extentreports-5.0.9.jar!/com/aventstack/extentreports/templates/spark/macros/attr-common.ftl"
2025-05-14 17:00:42 [DEBUG] freemarker.cache - Couldn't find template in cache for "spark/partials/head.ftl"("en_IN", UTF-8, parsed); will try to load it.
2025-05-14 17:00:42 [DEBUG] freemarker.cache - TemplateLoader.findTemplateSource("spark/partials/head_en_IN.ftl"): Not found
2025-05-14 17:00:42 [DEBUG] freemarker.cache - TemplateLoader.findTemplateSource("spark/partials/head_en.ftl"): Not found
2025-05-14 17:00:42 [DEBUG] freemarker.cache - TemplateLoader.findTemplateSource("spark/partials/head.ftl"): Found
2025-05-14 17:00:42 [DEBUG] freemarker.cache - Loading template for "spark/partials/head.ftl"("en_IN", UTF-8, parsed) from "jar:file:/C:/Users/rengaraj/.m2/repository/com/aventstack/extentreports/5.0.9/extentreports-5.0.9.jar!/com/aventstack/extentreports/templates/spark/partials/head.ftl"
2025-05-14 17:00:42 [DEBUG] freemarker.cache - Couldn't find template in cache for "commons/commons-inject-css.ftl"("en_IN", UTF-8, parsed); will try to load it.
2025-05-14 17:00:42 [DEBUG] freemarker.cache - TemplateLoader.findTemplateSource("commons/commons-inject-css_en_IN.ftl"): Not found
2025-05-14 17:00:42 [DEBUG] freemarker.cache - TemplateLoader.findTemplateSource("commons/commons-inject-css_en.ftl"): Not found
2025-05-14 17:00:42 [DEBUG] freemarker.cache - TemplateLoader.findTemplateSource("commons/commons-inject-css.ftl"): Found
2025-05-14 17:00:42 [DEBUG] freemarker.cache - Loading template for "commons/commons-inject-css.ftl"("en_IN", UTF-8, parsed) from "jar:file:/C:/Users/rengaraj/.m2/repository/com/aventstack/extentreports/5.0.9/extentreports-5.0.9.jar!/com/aventstack/extentreports/templates/commons/commons-inject-css.ftl"
2025-05-14 17:00:42 [DEBUG] freemarker.cache - Couldn't find template in cache for "spark/partials/navbar.ftl"("en_IN", UTF-8, parsed); will try to load it.
2025-05-14 17:00:42 [DEBUG] freemarker.cache - TemplateLoader.findTemplateSource("spark/partials/navbar_en_IN.ftl"): Not found
2025-05-14 17:00:42 [DEBUG] freemarker.cache - TemplateLoader.findTemplateSource("spark/partials/navbar_en.ftl"): Not found
2025-05-14 17:00:42 [DEBUG] freemarker.cache - TemplateLoader.findTemplateSource("spark/partials/navbar.ftl"): Found
2025-05-14 17:00:42 [DEBUG] freemarker.cache - Loading template for "spark/partials/navbar.ftl"("en_IN", UTF-8, parsed) from "jar:file:/C:/Users/rengaraj/.m2/repository/com/aventstack/extentreports/5.0.9/extentreports-5.0.9.jar!/com/aventstack/extentreports/templates/spark/partials/navbar.ftl"
2025-05-14 17:00:42 [DEBUG] freemarker.cache - Couldn't find template in cache for "spark/partials/sidenav.ftl"("en_IN", UTF-8, parsed); will try to load it.
2025-05-14 17:00:42 [DEBUG] freemarker.cache - TemplateLoader.findTemplateSource("spark/partials/sidenav_en_IN.ftl"): Not found
2025-05-14 17:00:42 [DEBUG] freemarker.cache - TemplateLoader.findTemplateSource("spark/partials/sidenav_en.ftl"): Not found
2025-05-14 17:00:42 [DEBUG] freemarker.cache - TemplateLoader.findTemplateSource("spark/partials/sidenav.ftl"): Found
2025-05-14 17:00:42 [DEBUG] freemarker.cache - Loading template for "spark/partials/sidenav.ftl"("en_IN", UTF-8, parsed) from "jar:file:/C:/Users/rengaraj/.m2/repository/com/aventstack/extentreports/5.0.9/extentreports-5.0.9.jar!/com/aventstack/extentreports/templates/spark/partials/sidenav.ftl"
2025-05-14 17:00:42 [DEBUG] freemarker.cache - Couldn't find template in cache for "spark/partials/test.ftl"("en_IN", UTF-8, parsed); will try to load it.
2025-05-14 17:00:42 [DEBUG] freemarker.cache - TemplateLoader.findTemplateSource("spark/partials/test_en_IN.ftl"): Not found
2025-05-14 17:00:42 [DEBUG] freemarker.cache - TemplateLoader.findTemplateSource("spark/partials/test_en.ftl"): Not found
2025-05-14 17:00:42 [DEBUG] freemarker.cache - TemplateLoader.findTemplateSource("spark/partials/test.ftl"): Found
2025-05-14 17:00:42 [DEBUG] freemarker.cache - Loading template for "spark/partials/test.ftl"("en_IN", UTF-8, parsed) from "jar:file:/C:/Users/rengaraj/.m2/repository/com/aventstack/extentreports/5.0.9/extentreports-5.0.9.jar!/com/aventstack/extentreports/templates/spark/partials/test.ftl"
2025-05-14 17:00:42 [DEBUG] freemarker.cache - Couldn't find template in cache for "spark/partials/standard-content.ftl"("en_IN", UTF-8, parsed); will try to load it.
2025-05-14 17:00:42 [DEBUG] freemarker.cache - TemplateLoader.findTemplateSource("spark/partials/standard-content_en_IN.ftl"): Not found
2025-05-14 17:00:42 [DEBUG] freemarker.cache - TemplateLoader.findTemplateSource("spark/partials/standard-content_en.ftl"): Not found
2025-05-14 17:00:42 [DEBUG] freemarker.cache - TemplateLoader.findTemplateSource("spark/partials/standard-content.ftl"): Found
2025-05-14 17:00:42 [DEBUG] freemarker.cache - Loading template for "spark/partials/standard-content.ftl"("en_IN", UTF-8, parsed) from "jar:file:/C:/Users/rengaraj/.m2/repository/com/aventstack/extentreports/5.0.9/extentreports-5.0.9.jar!/com/aventstack/extentreports/templates/spark/partials/standard-content.ftl"
2025-05-14 17:00:42 [DEBUG] freemarker.cache - "spark/partials/standard-content.ftl"("en_IN", UTF-8, parsed) cached copy not yet stale; using cached.
2025-05-14 17:00:42 [DEBUG] freemarker.cache - "spark/partials/standard-content.ftl"("en_IN", UTF-8, parsed) cached copy not yet stale; using cached.
2025-05-14 17:00:42 [DEBUG] freemarker.cache - Couldn't find template in cache for "spark/partials/exception.ftl"("en_IN", UTF-8, parsed); will try to load it.
2025-05-14 17:00:42 [DEBUG] freemarker.cache - TemplateLoader.findTemplateSource("spark/partials/exception_en_IN.ftl"): Not found
2025-05-14 17:00:42 [DEBUG] freemarker.cache - TemplateLoader.findTemplateSource("spark/partials/exception_en.ftl"): Not found
2025-05-14 17:00:42 [DEBUG] freemarker.cache - TemplateLoader.findTemplateSource("spark/partials/exception.ftl"): Found
2025-05-14 17:00:42 [DEBUG] freemarker.cache - Loading template for "spark/partials/exception.ftl"("en_IN", UTF-8, parsed) from "jar:file:/C:/Users/rengaraj/.m2/repository/com/aventstack/extentreports/5.0.9/extentreports-5.0.9.jar!/com/aventstack/extentreports/templates/spark/partials/exception.ftl"
2025-05-14 17:00:42 [DEBUG] freemarker.cache - Couldn't find template in cache for "spark/partials/category.ftl"("en_IN", UTF-8, parsed); will try to load it.
2025-05-14 17:00:42 [DEBUG] freemarker.cache - TemplateLoader.findTemplateSource("spark/partials/category_en_IN.ftl"): Not found
2025-05-14 17:00:42 [DEBUG] freemarker.cache - TemplateLoader.findTemplateSource("spark/partials/category_en.ftl"): Not found
2025-05-14 17:00:42 [DEBUG] freemarker.cache - TemplateLoader.findTemplateSource("spark/partials/category.ftl"): Found
2025-05-14 17:00:42 [DEBUG] freemarker.cache - Loading template for "spark/partials/category.ftl"("en_IN", UTF-8, parsed) from "jar:file:/C:/Users/rengaraj/.m2/repository/com/aventstack/extentreports/5.0.9/extentreports-5.0.9.jar!/com/aventstack/extentreports/templates/spark/partials/category.ftl"
2025-05-14 17:00:42 [DEBUG] freemarker.cache - Couldn't find template in cache for "spark/partials/device.ftl"("en_IN", UTF-8, parsed); will try to load it.
2025-05-14 17:00:42 [DEBUG] freemarker.cache - TemplateLoader.findTemplateSource("spark/partials/device_en_IN.ftl"): Not found
2025-05-14 17:00:42 [DEBUG] freemarker.cache - TemplateLoader.findTemplateSource("spark/partials/device_en.ftl"): Not found
2025-05-14 17:00:42 [DEBUG] freemarker.cache - TemplateLoader.findTemplateSource("spark/partials/device.ftl"): Found
2025-05-14 17:00:42 [DEBUG] freemarker.cache - Loading template for "spark/partials/device.ftl"("en_IN", UTF-8, parsed) from "jar:file:/C:/Users/rengaraj/.m2/repository/com/aventstack/extentreports/5.0.9/extentreports-5.0.9.jar!/com/aventstack/extentreports/templates/spark/partials/device.ftl"
2025-05-14 17:00:42 [DEBUG] freemarker.cache - Couldn't find template in cache for "spark/partials/author.ftl"("en_IN", UTF-8, parsed); will try to load it.
2025-05-14 17:00:42 [DEBUG] freemarker.cache - TemplateLoader.findTemplateSource("spark/partials/author_en_IN.ftl"): Not found
2025-05-14 17:00:42 [DEBUG] freemarker.cache - TemplateLoader.findTemplateSource("spark/partials/author_en.ftl"): Not found
2025-05-14 17:00:42 [DEBUG] freemarker.cache - TemplateLoader.findTemplateSource("spark/partials/author.ftl"): Found
2025-05-14 17:00:42 [DEBUG] freemarker.cache - Loading template for "spark/partials/author.ftl"("en_IN", UTF-8, parsed) from "jar:file:/C:/Users/rengaraj/.m2/repository/com/aventstack/extentreports/5.0.9/extentreports-5.0.9.jar!/com/aventstack/extentreports/templates/spark/partials/author.ftl"
2025-05-14 17:00:42 [DEBUG] freemarker.cache - Couldn't find template in cache for "spark/partials/log.ftl"("en_IN", UTF-8, parsed); will try to load it.
2025-05-14 17:00:42 [DEBUG] freemarker.cache - TemplateLoader.findTemplateSource("spark/partials/log_en_IN.ftl"): Not found
2025-05-14 17:00:42 [DEBUG] freemarker.cache - TemplateLoader.findTemplateSource("spark/partials/log_en.ftl"): Not found
2025-05-14 17:00:42 [DEBUG] freemarker.cache - TemplateLoader.findTemplateSource("spark/partials/log.ftl"): Found
2025-05-14 17:00:42 [DEBUG] freemarker.cache - Loading template for "spark/partials/log.ftl"("en_IN", UTF-8, parsed) from "jar:file:/C:/Users/rengaraj/.m2/repository/com/aventstack/extentreports/5.0.9/extentreports-5.0.9.jar!/com/aventstack/extentreports/templates/spark/partials/log.ftl"
2025-05-14 17:00:42 [DEBUG] freemarker.cache - Couldn't find template in cache for "spark/partials/dashboard.ftl"("en_IN", UTF-8, parsed); will try to load it.
2025-05-14 17:00:42 [DEBUG] freemarker.cache - TemplateLoader.findTemplateSource("spark/partials/dashboard_en_IN.ftl"): Not found
2025-05-14 17:00:42 [DEBUG] freemarker.cache - TemplateLoader.findTemplateSource("spark/partials/dashboard_en.ftl"): Not found
2025-05-14 17:00:42 [DEBUG] freemarker.cache - TemplateLoader.findTemplateSource("spark/partials/dashboard.ftl"): Found
2025-05-14 17:00:42 [DEBUG] freemarker.cache - Loading template for "spark/partials/dashboard.ftl"("en_IN", UTF-8, parsed) from "jar:file:/C:/Users/rengaraj/.m2/repository/com/aventstack/extentreports/5.0.9/extentreports-5.0.9.jar!/com/aventstack/extentreports/templates/spark/partials/dashboard.ftl"
2025-05-14 17:00:42 [DEBUG] freemarker.cache - Couldn't find template in cache for "spark/partials/scripts.ftl"("en_IN", UTF-8, parsed); will try to load it.
2025-05-14 17:00:42 [DEBUG] freemarker.cache - TemplateLoader.findTemplateSource("spark/partials/scripts_en_IN.ftl"): Not found
2025-05-14 17:00:42 [DEBUG] freemarker.cache - TemplateLoader.findTemplateSource("spark/partials/scripts_en.ftl"): Not found
2025-05-14 17:00:42 [DEBUG] freemarker.cache - TemplateLoader.findTemplateSource("spark/partials/scripts.ftl"): Found
2025-05-14 17:00:42 [DEBUG] freemarker.cache - Loading template for "spark/partials/scripts.ftl"("en_IN", UTF-8, parsed) from "jar:file:/C:/Users/rengaraj/.m2/repository/com/aventstack/extentreports/5.0.9/extentreports-5.0.9.jar!/com/aventstack/extentreports/templates/spark/partials/scripts.ftl"
2025-05-14 17:00:42 [DEBUG] freemarker.cache - Couldn't find template in cache for "commons/commons-inject-js.ftl"("en_IN", UTF-8, parsed); will try to load it.
2025-05-14 17:00:42 [DEBUG] freemarker.cache - TemplateLoader.findTemplateSource("commons/commons-inject-js_en_IN.ftl"): Not found
2025-05-14 17:00:42 [DEBUG] freemarker.cache - TemplateLoader.findTemplateSource("commons/commons-inject-js_en.ftl"): Not found
2025-05-14 17:00:42 [DEBUG] freemarker.cache - TemplateLoader.findTemplateSource("commons/commons-inject-js.ftl"): Found
2025-05-14 17:00:42 [DEBUG] freemarker.cache - Loading template for "commons/commons-inject-js.ftl"("en_IN", UTF-8, parsed) from "jar:file:/C:/Users/rengaraj/.m2/repository/com/aventstack/extentreports/5.0.9/extentreports-5.0.9.jar!/com/aventstack/extentreports/templates/commons/commons-inject-js.ftl"
2025-05-14 17:15:23 [INFO] baseclass.launchezhour - Ezhour application launch
2025-05-14 17:15:28 [INFO] baseclass.launchezhour - Ezhour testing is completed
2025-05-14 17:15:29 [DEBUG] freemarker.cache - Couldn't find template in cache for "spark/spark.spa.ftl"("en_IN", UTF-8, parsed); will try to load it.
2025-05-14 17:15:29 [DEBUG] freemarker.cache - TemplateLoader.findTemplateSource("spark/spark.spa_en_IN.ftl"): Not found
2025-05-14 17:15:29 [DEBUG] freemarker.cache - TemplateLoader.findTemplateSource("spark/spark.spa_en.ftl"): Not found
2025-05-14 17:15:29 [DEBUG] freemarker.cache - TemplateLoader.findTemplateSource("spark/spark.spa.ftl"): Found
2025-05-14 17:15:29 [DEBUG] freemarker.cache - Loading template for "spark/spark.spa.ftl"("en_IN", UTF-8, parsed) from "jar:file:/C:/Users/rengaraj/.m2/repository/com/aventstack/extentreports/5.0.9/extentreports-5.0.9.jar!/com/aventstack/extentreports/templates/spark/spark.spa.ftl"
2025-05-14 17:15:29 [DEBUG] freemarker.cache - Couldn't find template in cache for "commons/commons-variables.ftl"("en_IN", UTF-8, parsed); will try to load it.
2025-05-14 17:15:29 [DEBUG] freemarker.cache - TemplateLoader.findTemplateSource("commons/commons-variables_en_IN.ftl"): Not found
2025-05-14 17:15:29 [DEBUG] freemarker.cache - TemplateLoader.findTemplateSource("commons/commons-variables_en.ftl"): Not found
2025-05-14 17:15:29 [DEBUG] freemarker.cache - TemplateLoader.findTemplateSource("commons/commons-variables.ftl"): Found
2025-05-14 17:15:29 [DEBUG] freemarker.cache - Loading template for "commons/commons-variables.ftl"("en_IN", UTF-8, parsed) from "jar:file:/C:/Users/rengaraj/.m2/repository/com/aventstack/extentreports/5.0.9/extentreports-5.0.9.jar!/com/aventstack/extentreports/templates/commons/commons-variables.ftl"
2025-05-14 17:15:29 [DEBUG] freemarker.cache - Couldn't find template in cache for "commons/commons-macros.ftl"("en_IN", UTF-8, parsed); will try to load it.
2025-05-14 17:15:29 [DEBUG] freemarker.cache - TemplateLoader.findTemplateSource("commons/commons-macros_en_IN.ftl"): Not found
2025-05-14 17:15:29 [DEBUG] freemarker.cache - TemplateLoader.findTemplateSource("commons/commons-macros_en.ftl"): Not found
2025-05-14 17:15:29 [DEBUG] freemarker.cache - TemplateLoader.findTemplateSource("commons/commons-macros.ftl"): Found
2025-05-14 17:15:29 [DEBUG] freemarker.cache - Loading template for "commons/commons-macros.ftl"("en_IN", UTF-8, parsed) from "jar:file:/C:/Users/rengaraj/.m2/repository/com/aventstack/extentreports/5.0.9/extentreports-5.0.9.jar!/com/aventstack/extentreports/templates/commons/commons-macros.ftl"
2025-05-14 17:15:29 [DEBUG] freemarker.cache - Couldn't find template in cache for "spark/macros/attributes.ftl"("en_IN", UTF-8, parsed); will try to load it.
2025-05-14 17:15:29 [DEBUG] freemarker.cache - TemplateLoader.findTemplateSource("spark/macros/attributes_en_IN.ftl"): Not found
2025-05-14 17:15:29 [DEBUG] freemarker.cache - TemplateLoader.findTemplateSource("spark/macros/attributes_en.ftl"): Not found
2025-05-14 17:15:29 [DEBUG] freemarker.cache - TemplateLoader.findTemplateSource("spark/macros/attributes.ftl"): Found
2025-05-14 17:15:29 [DEBUG] freemarker.cache - Loading template for "spark/macros/attributes.ftl"("en_IN", UTF-8, parsed) from "jar:file:/C:/Users/rengaraj/.m2/repository/com/aventstack/extentreports/5.0.9/extentreports-5.0.9.jar!/com/aventstack/extentreports/templates/spark/macros/attributes.ftl"
2025-05-14 17:15:29 [DEBUG] freemarker.cache - Couldn't find template in cache for "spark/macros/log.ftl"("en_IN", UTF-8, parsed); will try to load it.
2025-05-14 17:15:29 [DEBUG] freemarker.cache - TemplateLoader.findTemplateSource("spark/macros/log_en_IN.ftl"): Not found
2025-05-14 17:15:29 [DEBUG] freemarker.cache - TemplateLoader.findTemplateSource("spark/macros/log_en.ftl"): Not found
2025-05-14 17:15:29 [DEBUG] freemarker.cache - TemplateLoader.findTemplateSource("spark/macros/log.ftl"): Found
2025-05-14 17:15:29 [DEBUG] freemarker.cache - Loading template for "spark/macros/log.ftl"("en_IN", UTF-8, parsed) from "jar:file:/C:/Users/rengaraj/.m2/repository/com/aventstack/extentreports/5.0.9/extentreports-5.0.9.jar!/com/aventstack/extentreports/templates/spark/macros/log.ftl"
2025-05-14 17:15:29 [DEBUG] freemarker.cache - Couldn't find template in cache for "spark/macros/recurse_nodes.ftl"("en_IN", UTF-8, parsed); will try to load it.
2025-05-14 17:15:29 [DEBUG] freemarker.cache - TemplateLoader.findTemplateSource("spark/macros/recurse_nodes_en_IN.ftl"): Not found
2025-05-14 17:15:29 [DEBUG] freemarker.cache - TemplateLoader.findTemplateSource("spark/macros/recurse_nodes_en.ftl"): Not found
2025-05-14 17:15:29 [DEBUG] freemarker.cache - TemplateLoader.findTemplateSource("spark/macros/recurse_nodes.ftl"): Found
2025-05-14 17:15:29 [DEBUG] freemarker.cache - Loading template for "spark/macros/recurse_nodes.ftl"("en_IN", UTF-8, parsed) from "jar:file:/C:/Users/rengaraj/.m2/repository/com/aventstack/extentreports/5.0.9/extentreports-5.0.9.jar!/com/aventstack/extentreports/templates/spark/macros/recurse_nodes.ftl"
2025-05-14 17:15:29 [DEBUG] freemarker.cache - "spark/macros/log.ftl"("en_IN", UTF-8, parsed) cached copy not yet stale; using cached.
2025-05-14 17:15:29 [DEBUG] freemarker.cache - Couldn't find template in cache for "spark/macros/attr-common.ftl"("en_IN", UTF-8, parsed); will try to load it.
2025-05-14 17:15:29 [DEBUG] freemarker.cache - TemplateLoader.findTemplateSource("spark/macros/attr-common_en_IN.ftl"): Not found
2025-05-14 17:15:29 [DEBUG] freemarker.cache - TemplateLoader.findTemplateSource("spark/macros/attr-common_en.ftl"): Not found
2025-05-14 17:15:29 [DEBUG] freemarker.cache - TemplateLoader.findTemplateSource("spark/macros/attr-common.ftl"): Found
2025-05-14 17:15:29 [DEBUG] freemarker.cache - Loading template for "spark/macros/attr-common.ftl"("en_IN", UTF-8, parsed) from "jar:file:/C:/Users/rengaraj/.m2/repository/com/aventstack/extentreports/5.0.9/extentreports-5.0.9.jar!/com/aventstack/extentreports/templates/spark/macros/attr-common.ftl"
2025-05-14 17:15:29 [DEBUG] freemarker.cache - Couldn't find template in cache for "spark/partials/head.ftl"("en_IN", UTF-8, parsed); will try to load it.
2025-05-14 17:15:29 [DEBUG] freemarker.cache - TemplateLoader.findTemplateSource("spark/partials/head_en_IN.ftl"): Not found
2025-05-14 17:15:29 [DEBUG] freemarker.cache - TemplateLoader.findTemplateSource("spark/partials/head_en.ftl"): Not found
2025-05-14 17:15:29 [DEBUG] freemarker.cache - TemplateLoader.findTemplateSource("spark/partials/head.ftl"): Found
2025-05-14 17:15:29 [DEBUG] freemarker.cache - Loading template for "spark/partials/head.ftl"("en_IN", UTF-8, parsed) from "jar:file:/C:/Users/rengaraj/.m2/repository/com/aventstack/extentreports/5.0.9/extentreports-5.0.9.jar!/com/aventstack/extentreports/templates/spark/partials/head.ftl"
2025-05-14 17:15:29 [DEBUG] freemarker.cache - Couldn't find template in cache for "commons/commons-inject-css.ftl"("en_IN", UTF-8, parsed); will try to load it.
2025-05-14 17:15:29 [DEBUG] freemarker.cache - TemplateLoader.findTemplateSource("commons/commons-inject-css_en_IN.ftl"): Not found
2025-05-14 17:15:29 [DEBUG] freemarker.cache - TemplateLoader.findTemplateSource("commons/commons-inject-css_en.ftl"): Not found
2025-05-14 17:15:29 [DEBUG] freemarker.cache - TemplateLoader.findTemplateSource("commons/commons-inject-css.ftl"): Found
2025-05-14 17:15:29 [DEBUG] freemarker.cache - Loading template for "commons/commons-inject-css.ftl"("en_IN", UTF-8, parsed) from "jar:file:/C:/Users/rengaraj/.m2/repository/com/aventstack/extentreports/5.0.9/extentreports-5.0.9.jar!/com/aventstack/extentreports/templates/commons/commons-inject-css.ftl"
2025-05-14 17:15:29 [DEBUG] freemarker.cache - Couldn't find template in cache for "spark/partials/navbar.ftl"("en_IN", UTF-8, parsed); will try to load it.
2025-05-14 17:15:29 [DEBUG] freemarker.cache - TemplateLoader.findTemplateSource("spark/partials/navbar_en_IN.ftl"): Not found
2025-05-14 17:15:29 [DEBUG] freemarker.cache - TemplateLoader.findTemplateSource("spark/partials/navbar_en.ftl"): Not found
2025-05-14 17:15:29 [DEBUG] freemarker.cache - TemplateLoader.findTemplateSource("spark/partials/navbar.ftl"): Found
2025-05-14 17:15:29 [DEBUG] freemarker.cache - Loading template for "spark/partials/navbar.ftl"("en_IN", UTF-8, parsed) from "jar:file:/C:/Users/rengaraj/.m2/repository/com/aventstack/extentreports/5.0.9/extentreports-5.0.9.jar!/com/aventstack/extentreports/templates/spark/partials/navbar.ftl"
2025-05-14 17:15:29 [DEBUG] freemarker.cache - Couldn't find template in cache for "spark/partials/sidenav.ftl"("en_IN", UTF-8, parsed); will try to load it.
2025-05-14 17:15:29 [DEBUG] freemarker.cache - TemplateLoader.findTemplateSource("spark/partials/sidenav_en_IN.ftl"): Not found
2025-05-14 17:15:29 [DEBUG] freemarker.cache - TemplateLoader.findTemplateSource("spark/partials/sidenav_en.ftl"): Not found
2025-05-14 17:15:29 [DEBUG] freemarker.cache - TemplateLoader.findTemplateSource("spark/partials/sidenav.ftl"): Found
2025-05-14 17:15:29 [DEBUG] freemarker.cache - Loading template for "spark/partials/sidenav.ftl"("en_IN", UTF-8, parsed) from "jar:file:/C:/Users/rengaraj/.m2/repository/com/aventstack/extentreports/5.0.9/extentreports-5.0.9.jar!/com/aventstack/extentreports/templates/spark/partials/sidenav.ftl"
2025-05-14 17:15:29 [DEBUG] freemarker.cache - Couldn't find template in cache for "spark/partials/test.ftl"("en_IN", UTF-8, parsed); will try to load it.
2025-05-14 17:15:29 [DEBUG] freemarker.cache - TemplateLoader.findTemplateSource("spark/partials/test_en_IN.ftl"): Not found
2025-05-14 17:15:29 [DEBUG] freemarker.cache - TemplateLoader.findTemplateSource("spark/partials/test_en.ftl"): Not found
2025-05-14 17:15:29 [DEBUG] freemarker.cache - TemplateLoader.findTemplateSource("spark/partials/test.ftl"): Found
2025-05-14 17:15:29 [DEBUG] freemarker.cache - Loading template for "spark/partials/test.ftl"("en_IN", UTF-8, parsed) from "jar:file:/C:/Users/rengaraj/.m2/repository/com/aventstack/extentreports/5.0.9/extentreports-5.0.9.jar!/com/aventstack/extentreports/templates/spark/partials/test.ftl"
2025-05-14 17:15:29 [DEBUG] freemarker.cache - Couldn't find template in cache for "spark/partials/standard-content.ftl"("en_IN", UTF-8, parsed); will try to load it.
2025-05-14 17:15:29 [DEBUG] freemarker.cache - TemplateLoader.findTemplateSource("spark/partials/standard-content_en_IN.ftl"): Not found
2025-05-14 17:15:29 [DEBUG] freemarker.cache - TemplateLoader.findTemplateSource("spark/partials/standard-content_en.ftl"): Not found
2025-05-14 17:15:29 [DEBUG] freemarker.cache - TemplateLoader.findTemplateSource("spark/partials/standard-content.ftl"): Found
2025-05-14 17:15:29 [DEBUG] freemarker.cache - Loading template for "spark/partials/standard-content.ftl"("en_IN", UTF-8, parsed) from "jar:file:/C:/Users/rengaraj/.m2/repository/com/aventstack/extentreports/5.0.9/extentreports-5.0.9.jar!/com/aventstack/extentreports/templates/spark/partials/standard-content.ftl"
2025-05-14 17:15:29 [DEBUG] freemarker.cache - "spark/partials/standard-content.ftl"("en_IN", UTF-8, parsed) cached copy not yet stale; using cached.
2025-05-14 17:15:29 [DEBUG] freemarker.cache - "spark/partials/standard-content.ftl"("en_IN", UTF-8, parsed) cached copy not yet stale; using cached.
2025-05-14 17:15:29 [DEBUG] freemarker.cache - Couldn't find template in cache for "spark/partials/exception.ftl"("en_IN", UTF-8, parsed); will try to load it.
2025-05-14 17:15:29 [DEBUG] freemarker.cache - TemplateLoader.findTemplateSource("spark/partials/exception_en_IN.ftl"): Not found
2025-05-14 17:15:29 [DEBUG] freemarker.cache - TemplateLoader.findTemplateSource("spark/partials/exception_en.ftl"): Not found
2025-05-14 17:15:29 [DEBUG] freemarker.cache - TemplateLoader.findTemplateSource("spark/partials/exception.ftl"): Found
2025-05-14 17:15:29 [DEBUG] freemarker.cache - Loading template for "spark/partials/exception.ftl"("en_IN", UTF-8, parsed) from "jar:file:/C:/Users/rengaraj/.m2/repository/com/aventstack/extentreports/5.0.9/extentreports-5.0.9.jar!/com/aventstack/extentreports/templates/spark/partials/exception.ftl"
2025-05-14 17:15:29 [DEBUG] freemarker.cache - Couldn't find template in cache for "spark/partials/category.ftl"("en_IN", UTF-8, parsed); will try to load it.
2025-05-14 17:15:29 [DEBUG] freemarker.cache - TemplateLoader.findTemplateSource("spark/partials/category_en_IN.ftl"): Not found
2025-05-14 17:15:29 [DEBUG] freemarker.cache - TemplateLoader.findTemplateSource("spark/partials/category_en.ftl"): Not found
2025-05-14 17:15:29 [DEBUG] freemarker.cache - TemplateLoader.findTemplateSource("spark/partials/category.ftl"): Found
2025-05-14 17:15:29 [DEBUG] freemarker.cache - Loading template for "spark/partials/category.ftl"("en_IN", UTF-8, parsed) from "jar:file:/C:/Users/rengaraj/.m2/repository/com/aventstack/extentreports/5.0.9/extentreports-5.0.9.jar!/com/aventstack/extentreports/templates/spark/partials/category.ftl"
2025-05-14 17:15:29 [DEBUG] freemarker.cache - Couldn't find template in cache for "spark/partials/device.ftl"("en_IN", UTF-8, parsed); will try to load it.
2025-05-14 17:15:29 [DEBUG] freemarker.cache - TemplateLoader.findTemplateSource("spark/partials/device_en_IN.ftl"): Not found
2025-05-14 17:15:29 [DEBUG] freemarker.cache - TemplateLoader.findTemplateSource("spark/partials/device_en.ftl"): Not found
2025-05-14 17:15:29 [DEBUG] freemarker.cache - TemplateLoader.findTemplateSource("spark/partials/device.ftl"): Found
2025-05-14 17:15:29 [DEBUG] freemarker.cache - Loading template for "spark/partials/device.ftl"("en_IN", UTF-8, parsed) from "jar:file:/C:/Users/rengaraj/.m2/repository/com/aventstack/extentreports/5.0.9/extentreports-5.0.9.jar!/com/aventstack/extentreports/templates/spark/partials/device.ftl"
2025-05-14 17:15:29 [DEBUG] freemarker.cache - Couldn't find template in cache for "spark/partials/author.ftl"("en_IN", UTF-8, parsed); will try to load it.
2025-05-14 17:15:29 [DEBUG] freemarker.cache - TemplateLoader.findTemplateSource("spark/partials/author_en_IN.ftl"): Not found
2025-05-14 17:15:29 [DEBUG] freemarker.cache - TemplateLoader.findTemplateSource("spark/partials/author_en.ftl"): Not found
2025-05-14 17:15:29 [DEBUG] freemarker.cache - TemplateLoader.findTemplateSource("spark/partials/author.ftl"): Found
2025-05-14 17:15:29 [DEBUG] freemarker.cache - Loading template for "spark/partials/author.ftl"("en_IN", UTF-8, parsed) from "jar:file:/C:/Users/rengaraj/.m2/repository/com/aventstack/extentreports/5.0.9/extentreports-5.0.9.jar!/com/aventstack/extentreports/templates/spark/partials/author.ftl"
2025-05-14 17:15:29 [DEBUG] freemarker.cache - Couldn't find template in cache for "spark/partials/log.ftl"("en_IN", UTF-8, parsed); will try to load it.
2025-05-14 17:15:29 [DEBUG] freemarker.cache - TemplateLoader.findTemplateSource("spark/partials/log_en_IN.ftl"): Not found
2025-05-14 17:15:29 [DEBUG] freemarker.cache - TemplateLoader.findTemplateSource("spark/partials/log_en.ftl"): Not found
2025-05-14 17:15:29 [DEBUG] freemarker.cache - TemplateLoader.findTemplateSource("spark/partials/log.ftl"): Found
2025-05-14 17:15:29 [DEBUG] freemarker.cache - Loading template for "spark/partials/log.ftl"("en_IN", UTF-8, parsed) from "jar:file:/C:/Users/rengaraj/.m2/repository/com/aventstack/extentreports/5.0.9/extentreports-5.0.9.jar!/com/aventstack/extentreports/templates/spark/partials/log.ftl"
2025-05-14 17:15:29 [DEBUG] freemarker.cache - Couldn't find template in cache for "spark/partials/dashboard.ftl"("en_IN", UTF-8, parsed); will try to load it.
2025-05-14 17:15:29 [DEBUG] freemarker.cache - TemplateLoader.findTemplateSource("spark/partials/dashboard_en_IN.ftl"): Not found
2025-05-14 17:15:29 [DEBUG] freemarker.cache - TemplateLoader.findTemplateSource("spark/partials/dashboard_en.ftl"): Not found
2025-05-14 17:15:29 [DEBUG] freemarker.cache - TemplateLoader.findTemplateSource("spark/partials/dashboard.ftl"): Found
2025-05-14 17:15:29 [DEBUG] freemarker.cache - Loading template for "spark/partials/dashboard.ftl"("en_IN", UTF-8, parsed) from "jar:file:/C:/Users/rengaraj/.m2/repository/com/aventstack/extentreports/5.0.9/extentreports-5.0.9.jar!/com/aventstack/extentreports/templates/spark/partials/dashboard.ftl"
2025-05-14 17:15:29 [DEBUG] freemarker.cache - Couldn't find template in cache for "spark/partials/scripts.ftl"("en_IN", UTF-8, parsed); will try to load it.
2025-05-14 17:15:29 [DEBUG] freemarker.cache - TemplateLoader.findTemplateSource("spark/partials/scripts_en_IN.ftl"): Not found
2025-05-14 17:15:29 [DEBUG] freemarker.cache - TemplateLoader.findTemplateSource("spark/partials/scripts_en.ftl"): Not found
2025-05-14 17:15:29 [DEBUG] freemarker.cache - TemplateLoader.findTemplateSource("spark/partials/scripts.ftl"): Found
2025-05-14 17:15:29 [DEBUG] freemarker.cache - Loading template for "spark/partials/scripts.ftl"("en_IN", UTF-8, parsed) from "jar:file:/C:/Users/rengaraj/.m2/repository/com/aventstack/extentreports/5.0.9/extentreports-5.0.9.jar!/com/aventstack/extentreports/templates/spark/partials/scripts.ftl"
2025-05-14 17:15:29 [DEBUG] freemarker.cache - Couldn't find template in cache for "commons/commons-inject-js.ftl"("en_IN", UTF-8, parsed); will try to load it.
2025-05-14 17:15:29 [DEBUG] freemarker.cache - TemplateLoader.findTemplateSource("commons/commons-inject-js_en_IN.ftl"): Not found
2025-05-14 17:15:29 [DEBUG] freemarker.cache - TemplateLoader.findTemplateSource("commons/commons-inject-js_en.ftl"): Not found
2025-05-14 17:15:29 [DEBUG] freemarker.cache - TemplateLoader.findTemplateSource("commons/commons-inject-js.ftl"): Found
2025-05-14 17:15:29 [DEBUG] freemarker.cache - Loading template for "commons/commons-inject-js.ftl"("en_IN", UTF-8, parsed) from "jar:file:/C:/Users/rengaraj/.m2/repository/com/aventstack/extentreports/5.0.9/extentreports-5.0.9.jar!/com/aventstack/extentreports/templates/commons/commons-inject-js.ftl"
2025-05-14 17:19:17 [INFO] baseclass.launchezhour - Ezhour application launch
2025-05-14 17:19:22 [INFO] baseclass.launchezhour - Ezhour testing is completed
2025-05-14 17:19:22 [DEBUG] freemarker.cache - Couldn't find template in cache for "spark/spark.spa.ftl"("en_IN", UTF-8, parsed); will try to load it.
2025-05-14 17:19:22 [DEBUG] freemarker.cache - TemplateLoader.findTemplateSource("spark/spark.spa_en_IN.ftl"): Not found
2025-05-14 17:19:22 [DEBUG] freemarker.cache - TemplateLoader.findTemplateSource("spark/spark.spa_en.ftl"): Not found
2025-05-14 17:19:22 [DEBUG] freemarker.cache - TemplateLoader.findTemplateSource("spark/spark.spa.ftl"): Found
2025-05-14 17:19:22 [DEBUG] freemarker.cache - Loading template for "spark/spark.spa.ftl"("en_IN", UTF-8, parsed) from "jar:file:/C:/Users/rengaraj/.m2/repository/com/aventstack/extentreports/5.0.9/extentreports-5.0.9.jar!/com/aventstack/extentreports/templates/spark/spark.spa.ftl"
2025-05-14 17:19:22 [DEBUG] freemarker.cache - Couldn't find template in cache for "commons/commons-variables.ftl"("en_IN", UTF-8, parsed); will try to load it.
2025-05-14 17:19:22 [DEBUG] freemarker.cache - TemplateLoader.findTemplateSource("commons/commons-variables_en_IN.ftl"): Not found
2025-05-14 17:19:22 [DEBUG] freemarker.cache - TemplateLoader.findTemplateSource("commons/commons-variables_en.ftl"): Not found
2025-05-14 17:19:22 [DEBUG] freemarker.cache - TemplateLoader.findTemplateSource("commons/commons-variables.ftl"): Found
2025-05-14 17:19:22 [DEBUG] freemarker.cache - Loading template for "commons/commons-variables.ftl"("en_IN", UTF-8, parsed) from "jar:file:/C:/Users/rengaraj/.m2/repository/com/aventstack/extentreports/5.0.9/extentreports-5.0.9.jar!/com/aventstack/extentreports/templates/commons/commons-variables.ftl"
2025-05-14 17:19:22 [DEBUG] freemarker.cache - Couldn't find template in cache for "commons/commons-macros.ftl"("en_IN", UTF-8, parsed); will try to load it.
2025-05-14 17:19:22 [DEBUG] freemarker.cache - TemplateLoader.findTemplateSource("commons/commons-macros_en_IN.ftl"): Not found
2025-05-14 17:19:22 [DEBUG] freemarker.cache - TemplateLoader.findTemplateSource("commons/commons-macros_en.ftl"): Not found
2025-05-14 17:19:22 [DEBUG] freemarker.cache - TemplateLoader.findTemplateSource("commons/commons-macros.ftl"): Found
2025-05-14 17:19:22 [DEBUG] freemarker.cache - Loading template for "commons/commons-macros.ftl"("en_IN", UTF-8, parsed) from "jar:file:/C:/Users/rengaraj/.m2/repository/com/aventstack/extentreports/5.0.9/extentreports-5.0.9.jar!/com/aventstack/extentreports/templates/commons/commons-macros.ftl"
2025-05-14 17:19:22 [DEBUG] freemarker.cache - Couldn't find template in cache for "spark/macros/attributes.ftl"("en_IN", UTF-8, parsed); will try to load it.
2025-05-14 17:19:22 [DEBUG] freemarker.cache - TemplateLoader.findTemplateSource("spark/macros/attributes_en_IN.ftl"): Not found
2025-05-14 17:19:22 [DEBUG] freemarker.cache - TemplateLoader.findTemplateSource("spark/macros/attributes_en.ftl"): Not found
2025-05-14 17:19:22 [DEBUG] freemarker.cache - TemplateLoader.findTemplateSource("spark/macros/attributes.ftl"): Found
2025-05-14 17:19:22 [DEBUG] freemarker.cache - Loading template for "spark/macros/attributes.ftl"("en_IN", UTF-8, parsed) from "jar:file:/C:/Users/rengaraj/.m2/repository/com/aventstack/extentreports/5.0.9/extentreports-5.0.9.jar!/com/aventstack/extentreports/templates/spark/macros/attributes.ftl"
2025-05-14 17:19:22 [DEBUG] freemarker.cache - Couldn't find template in cache for "spark/macros/log.ftl"("en_IN", UTF-8, parsed); will try to load it.
2025-05-14 17:19:22 [DEBUG] freemarker.cache - TemplateLoader.findTemplateSource("spark/macros/log_en_IN.ftl"): Not found
2025-05-14 17:19:22 [DEBUG] freemarker.cache - TemplateLoader.findTemplateSource("spark/macros/log_en.ftl"): Not found
2025-05-14 17:19:22 [DEBUG] freemarker.cache - TemplateLoader.findTemplateSource("spark/macros/log.ftl"): Found
2025-05-14 17:19:22 [DEBUG] freemarker.cache - Loading template for "spark/macros/log.ftl"("en_IN", UTF-8, parsed) from "jar:file:/C:/Users/rengaraj/.m2/repository/com/aventstack/extentreports/5.0.9/extentreports-5.0.9.jar!/com/aventstack/extentreports/templates/spark/macros/log.ftl"
2025-05-14 17:19:22 [DEBUG] freemarker.cache - Couldn't find template in cache for "spark/macros/recurse_nodes.ftl"("en_IN", UTF-8, parsed); will try to load it.
2025-05-14 17:19:22 [DEBUG] freemarker.cache - TemplateLoader.findTemplateSource("spark/macros/recurse_nodes_en_IN.ftl"): Not found
2025-05-14 17:19:22 [DEBUG] freemarker.cache - TemplateLoader.findTemplateSource("spark/macros/recurse_nodes_en.ftl"): Not found
2025-05-14 17:19:22 [DEBUG] freemarker.cache - TemplateLoader.findTemplateSource("spark/macros/recurse_nodes.ftl"): Found
2025-05-14 17:19:22 [DEBUG] freemarker.cache - Loading template for "spark/macros/recurse_nodes.ftl"("en_IN", UTF-8, parsed) from "jar:file:/C:/Users/rengaraj/.m2/repository/com/aventstack/extentreports/5.0.9/extentreports-5.0.9.jar!/com/aventstack/extentreports/templates/spark/macros/recurse_nodes.ftl"
2025-05-14 17:19:22 [DEBUG] freemarker.cache - "spark/macros/log.ftl"("en_IN", UTF-8, parsed) cached copy not yet stale; using cached.
2025-05-14 17:19:22 [DEBUG] freemarker.cache - Couldn't find template in cache for "spark/macros/attr-common.ftl"("en_IN", UTF-8, parsed); will try to load it.
2025-05-14 17:19:22 [DEBUG] freemarker.cache - TemplateLoader.findTemplateSource("spark/macros/attr-common_en_IN.ftl"): Not found
2025-05-14 17:19:22 [DEBUG] freemarker.cache - TemplateLoader.findTemplateSource("spark/macros/attr-common_en.ftl"): Not found
2025-05-14 17:19:22 [DEBUG] freemarker.cache - TemplateLoader.findTemplateSource("spark/macros/attr-common.ftl"): Found
2025-05-14 17:19:22 [DEBUG] freemarker.cache - Loading template for "spark/macros/attr-common.ftl"("en_IN", UTF-8, parsed) from "jar:file:/C:/Users/rengaraj/.m2/repository/com/aventstack/extentreports/5.0.9/extentreports-5.0.9.jar!/com/aventstack/extentreports/templates/spark/macros/attr-common.ftl"
2025-05-14 17:19:22 [DEBUG] freemarker.cache - Couldn't find template in cache for "spark/partials/head.ftl"("en_IN", UTF-8, parsed); will try to load it.
2025-05-14 17:19:22 [DEBUG] freemarker.cache - TemplateLoader.findTemplateSource("spark/partials/head_en_IN.ftl"): Not found
2025-05-14 17:19:22 [DEBUG] freemarker.cache - TemplateLoader.findTemplateSource("spark/partials/head_en.ftl"): Not found
2025-05-14 17:19:22 [DEBUG] freemarker.cache - TemplateLoader.findTemplateSource("spark/partials/head.ftl"): Found
2025-05-14 17:19:22 [DEBUG] freemarker.cache - Loading template for "spark/partials/head.ftl"("en_IN", UTF-8, parsed) from "jar:file:/C:/Users/rengaraj/.m2/repository/com/aventstack/extentreports/5.0.9/extentreports-5.0.9.jar!/com/aventstack/extentreports/templates/spark/partials/head.ftl"
2025-05-14 17:19:22 [DEBUG] freemarker.cache - Couldn't find template in cache for "commons/commons-inject-css.ftl"("en_IN", UTF-8, parsed); will try to load it.
2025-05-14 17:19:22 [DEBUG] freemarker.cache - TemplateLoader.findTemplateSource("commons/commons-inject-css_en_IN.ftl"): Not found
2025-05-14 17:19:22 [DEBUG] freemarker.cache - TemplateLoader.findTemplateSource("commons/commons-inject-css_en.ftl"): Not found
2025-05-14 17:19:22 [DEBUG] freemarker.cache - TemplateLoader.findTemplateSource("commons/commons-inject-css.ftl"): Found
2025-05-14 17:19:22 [DEBUG] freemarker.cache - Loading template for "commons/commons-inject-css.ftl"("en_IN", UTF-8, parsed) from "jar:file:/C:/Users/rengaraj/.m2/repository/com/aventstack/extentreports/5.0.9/extentreports-5.0.9.jar!/com/aventstack/extentreports/templates/commons/commons-inject-css.ftl"
2025-05-14 17:19:22 [DEBUG] freemarker.cache - Couldn't find template in cache for "spark/partials/navbar.ftl"("en_IN", UTF-8, parsed); will try to load it.
2025-05-14 17:19:22 [DEBUG] freemarker.cache - TemplateLoader.findTemplateSource("spark/partials/navbar_en_IN.ftl"): Not found
2025-05-14 17:19:22 [DEBUG] freemarker.cache - TemplateLoader.findTemplateSource("spark/partials/navbar_en.ftl"): Not found
2025-05-14 17:19:22 [DEBUG] freemarker.cache - TemplateLoader.findTemplateSource("spark/partials/navbar.ftl"): Found
2025-05-14 17:19:22 [DEBUG] freemarker.cache - Loading template for "spark/partials/navbar.ftl"("en_IN", UTF-8, parsed) from "jar:file:/C:/Users/rengaraj/.m2/repository/com/aventstack/extentreports/5.0.9/extentreports-5.0.9.jar!/com/aventstack/extentreports/templates/spark/partials/navbar.ftl"
2025-05-14 17:19:22 [DEBUG] freemarker.cache - Couldn't find template in cache for "spark/partials/sidenav.ftl"("en_IN", UTF-8, parsed); will try to load it.
2025-05-14 17:19:22 [DEBUG] freemarker.cache - TemplateLoader.findTemplateSource("spark/partials/sidenav_en_IN.ftl"): Not found
2025-05-14 17:19:22 [DEBUG] freemarker.cache - TemplateLoader.findTemplateSource("spark/partials/sidenav_en.ftl"): Not found
2025-05-14 17:19:22 [DEBUG] freemarker.cache - TemplateLoader.findTemplateSource("spark/partials/sidenav.ftl"): Found
2025-05-14 17:19:22 [DEBUG] freemarker.cache - Loading template for "spark/partials/sidenav.ftl"("en_IN", UTF-8, parsed) from "jar:file:/C:/Users/rengaraj/.m2/repository/com/aventstack/extentreports/5.0.9/extentreports-5.0.9.jar!/com/aventstack/extentreports/templates/spark/partials/sidenav.ftl"
2025-05-14 17:19:22 [DEBUG] freemarker.cache - Couldn't find template in cache for "spark/partials/test.ftl"("en_IN", UTF-8, parsed); will try to load it.
2025-05-14 17:19:22 [DEBUG] freemarker.cache - TemplateLoader.findTemplateSource("spark/partials/test_en_IN.ftl"): Not found
2025-05-14 17:19:22 [DEBUG] freemarker.cache - TemplateLoader.findTemplateSource("spark/partials/test_en.ftl"): Not found
2025-05-14 17:19:22 [DEBUG] freemarker.cache - TemplateLoader.findTemplateSource("spark/partials/test.ftl"): Found
2025-05-14 17:19:22 [DEBUG] freemarker.cache - Loading template for "spark/partials/test.ftl"("en_IN", UTF-8, parsed) from "jar:file:/C:/Users/rengaraj/.m2/repository/com/aventstack/extentreports/5.0.9/extentreports-5.0.9.jar!/com/aventstack/extentreports/templates/spark/partials/test.ftl"
2025-05-14 17:19:22 [DEBUG] freemarker.cache - Couldn't find template in cache for "spark/partials/standard-content.ftl"("en_IN", UTF-8, parsed); will try to load it.
2025-05-14 17:19:22 [DEBUG] freemarker.cache - TemplateLoader.findTemplateSource("spark/partials/standard-content_en_IN.ftl"): Not found
2025-05-14 17:19:22 [DEBUG] freemarker.cache - TemplateLoader.findTemplateSource("spark/partials/standard-content_en.ftl"): Not found
2025-05-14 17:19:22 [DEBUG] freemarker.cache - TemplateLoader.findTemplateSource("spark/partials/standard-content.ftl"): Found
2025-05-14 17:19:22 [DEBUG] freemarker.cache - Loading template for "spark/partials/standard-content.ftl"("en_IN", UTF-8, parsed) from "jar:file:/C:/Users/rengaraj/.m2/repository/com/aventstack/extentreports/5.0.9/extentreports-5.0.9.jar!/com/aventstack/extentreports/templates/spark/partials/standard-content.ftl"
2025-05-14 17:19:22 [DEBUG] freemarker.cache - "spark/partials/standard-content.ftl"("en_IN", UTF-8, parsed) cached copy not yet stale; using cached.
2025-05-14 17:19:22 [DEBUG] freemarker.cache - "spark/partials/standard-content.ftl"("en_IN", UTF-8, parsed) cached copy not yet stale; using cached.
2025-05-14 17:19:22 [DEBUG] freemarker.cache - Couldn't find template in cache for "spark/partials/exception.ftl"("en_IN", UTF-8, parsed); will try to load it.
2025-05-14 17:19:22 [DEBUG] freemarker.cache - TemplateLoader.findTemplateSource("spark/partials/exception_en_IN.ftl"): Not found
2025-05-14 17:19:22 [DEBUG] freemarker.cache - TemplateLoader.findTemplateSource("spark/partials/exception_en.ftl"): Not found
2025-05-14 17:19:22 [DEBUG] freemarker.cache - TemplateLoader.findTemplateSource("spark/partials/exception.ftl"): Found
2025-05-14 17:19:22 [DEBUG] freemarker.cache - Loading template for "spark/partials/exception.ftl"("en_IN", UTF-8, parsed) from "jar:file:/C:/Users/rengaraj/.m2/repository/com/aventstack/extentreports/5.0.9/extentreports-5.0.9.jar!/com/aventstack/extentreports/templates/spark/partials/exception.ftl"
2025-05-14 17:19:22 [DEBUG] freemarker.cache - Couldn't find template in cache for "spark/partials/category.ftl"("en_IN", UTF-8, parsed); will try to load it.
2025-05-14 17:19:22 [DEBUG] freemarker.cache - TemplateLoader.findTemplateSource("spark/partials/category_en_IN.ftl"): Not found
2025-05-14 17:19:22 [DEBUG] freemarker.cache - TemplateLoader.findTemplateSource("spark/partials/category_en.ftl"): Not found
2025-05-14 17:19:22 [DEBUG] freemarker.cache - TemplateLoader.findTemplateSource("spark/partials/category.ftl"): Found
2025-05-14 17:19:22 [DEBUG] freemarker.cache - Loading template for "spark/partials/category.ftl"("en_IN", UTF-8, parsed) from "jar:file:/C:/Users/rengaraj/.m2/repository/com/aventstack/extentreports/5.0.9/extentreports-5.0.9.jar!/com/aventstack/extentreports/templates/spark/partials/category.ftl"
2025-05-14 17:19:22 [DEBUG] freemarker.cache - Couldn't find template in cache for "spark/partials/device.ftl"("en_IN", UTF-8, parsed); will try to load it.
2025-05-14 17:19:22 [DEBUG] freemarker.cache - TemplateLoader.findTemplateSource("spark/partials/device_en_IN.ftl"): Not found
2025-05-14 17:19:22 [DEBUG] freemarker.cache - TemplateLoader.findTemplateSource("spark/partials/device_en.ftl"): Not found
2025-05-14 17:19:22 [DEBUG] freemarker.cache - TemplateLoader.findTemplateSource("spark/partials/device.ftl"): Found
2025-05-14 17:19:22 [DEBUG] freemarker.cache - Loading template for "spark/partials/device.ftl"("en_IN", UTF-8, parsed) from "jar:file:/C:/Users/rengaraj/.m2/repository/com/aventstack/extentreports/5.0.9/extentreports-5.0.9.jar!/com/aventstack/extentreports/templates/spark/partials/device.ftl"
2025-05-14 17:19:22 [DEBUG] freemarker.cache - Couldn't find template in cache for "spark/partials/author.ftl"("en_IN", UTF-8, parsed); will try to load it.
2025-05-14 17:19:22 [DEBUG] freemarker.cache - TemplateLoader.findTemplateSource("spark/partials/author_en_IN.ftl"): Not found
2025-05-14 17:19:22 [DEBUG] freemarker.cache - TemplateLoader.findTemplateSource("spark/partials/author_en.ftl"): Not found
2025-05-14 17:19:22 [DEBUG] freemarker.cache - TemplateLoader.findTemplateSource("spark/partials/author.ftl"): Found
2025-05-14 17:19:22 [DEBUG] freemarker.cache - Loading template for "spark/partials/author.ftl"("en_IN", UTF-8, parsed) from "jar:file:/C:/Users/rengaraj/.m2/repository/com/aventstack/extentreports/5.0.9/extentreports-5.0.9.jar!/com/aventstack/extentreports/templates/spark/partials/author.ftl"
2025-05-14 17:19:22 [DEBUG] freemarker.cache - Couldn't find template in cache for "spark/partials/log.ftl"("en_IN", UTF-8, parsed); will try to load it.
2025-05-14 17:19:22 [DEBUG] freemarker.cache - TemplateLoader.findTemplateSource("spark/partials/log_en_IN.ftl"): Not found
2025-05-14 17:19:22 [DEBUG] freemarker.cache - TemplateLoader.findTemplateSource("spark/partials/log_en.ftl"): Not found
2025-05-14 17:19:22 [DEBUG] freemarker.cache - TemplateLoader.findTemplateSource("spark/partials/log.ftl"): Found
2025-05-14 17:19:22 [DEBUG] freemarker.cache - Loading template for "spark/partials/log.ftl"("en_IN", UTF-8, parsed) from "jar:file:/C:/Users/rengaraj/.m2/repository/com/aventstack/extentreports/5.0.9/extentreports-5.0.9.jar!/com/aventstack/extentreports/templates/spark/partials/log.ftl"
2025-05-14 17:19:22 [DEBUG] freemarker.cache - Couldn't find template in cache for "spark/partials/dashboard.ftl"("en_IN", UTF-8, parsed); will try to load it.
2025-05-14 17:19:22 [DEBUG] freemarker.cache - TemplateLoader.findTemplateSource("spark/partials/dashboard_en_IN.ftl"): Not found
2025-05-14 17:19:22 [DEBUG] freemarker.cache - TemplateLoader.findTemplateSource("spark/partials/dashboard_en.ftl"): Not found
2025-05-14 17:19:22 [DEBUG] freemarker.cache - TemplateLoader.findTemplateSource("spark/partials/dashboard.ftl"): Found
2025-05-14 17:19:22 [DEBUG] freemarker.cache - Loading template for "spark/partials/dashboard.ftl"("en_IN", UTF-8, parsed) from "jar:file:/C:/Users/rengaraj/.m2/repository/com/aventstack/extentreports/5.0.9/extentreports-5.0.9.jar!/com/aventstack/extentreports/templates/spark/partials/dashboard.ftl"
2025-05-14 17:19:22 [DEBUG] freemarker.cache - Couldn't find template in cache for "spark/partials/scripts.ftl"("en_IN", UTF-8, parsed); will try to load it.
2025-05-14 17:19:22 [DEBUG] freemarker.cache - TemplateLoader.findTemplateSource("spark/partials/scripts_en_IN.ftl"): Not found
2025-05-14 17:19:22 [DEBUG] freemarker.cache - TemplateLoader.findTemplateSource("spark/partials/scripts_en.ftl"): Not found
2025-05-14 17:19:22 [DEBUG] freemarker.cache - TemplateLoader.findTemplateSource("spark/partials/scripts.ftl"): Found
2025-05-14 17:19:22 [DEBUG] freemarker.cache - Loading template for "spark/partials/scripts.ftl"("en_IN", UTF-8, parsed) from "jar:file:/C:/Users/rengaraj/.m2/repository/com/aventstack/extentreports/5.0.9/extentreports-5.0.9.jar!/com/aventstack/extentreports/templates/spark/partials/scripts.ftl"
2025-05-14 17:19:22 [DEBUG] freemarker.cache - Couldn't find template in cache for "commons/commons-inject-js.ftl"("en_IN", UTF-8, parsed); will try to load it.
2025-05-14 17:19:22 [DEBUG] freemarker.cache - TemplateLoader.findTemplateSource("commons/commons-inject-js_en_IN.ftl"): Not found
2025-05-14 17:19:22 [DEBUG] freemarker.cache - TemplateLoader.findTemplateSource("commons/commons-inject-js_en.ftl"): Not found
2025-05-14 17:19:22 [DEBUG] freemarker.cache - TemplateLoader.findTemplateSource("commons/commons-inject-js.ftl"): Found
2025-05-14 17:19:22 [DEBUG] freemarker.cache - Loading template for "commons/commons-inject-js.ftl"("en_IN", UTF-8, parsed) from "jar:file:/C:/Users/rengaraj/.m2/repository/com/aventstack/extentreports/5.0.9/extentreports-5.0.9.jar!/com/aventstack/extentreports/templates/commons/commons-inject-js.ftl"
2025-05-16 15:58:33 [INFO] baseclass.launchezhour - Ezhour application launch
2025-05-16 15:58:33 [INFO] baseclass.launchezhour - Ezhour application launch
2025-05-16 15:58:55 [INFO] baseclass.launchezhour - Ezhour testing is completed
2025-05-16 15:58:56 [INFO] baseclass.launchezhour - Ezhour testing is completed
2025-05-16 15:58:57 [DEBUG] freemarker.cache - Couldn't find template in cache for "spark/spark.spa.ftl"("en_IN", UTF-8, parsed); will try to load it.
2025-05-16 15:58:57 [DEBUG] freemarker.cache - TemplateLoader.findTemplateSource("spark/spark.spa_en_IN.ftl"): Not found
2025-05-16 15:58:57 [DEBUG] freemarker.cache - TemplateLoader.findTemplateSource("spark/spark.spa_en.ftl"): Not found
2025-05-16 15:58:57 [DEBUG] freemarker.cache - TemplateLoader.findTemplateSource("spark/spark.spa.ftl"): Found
2025-05-16 15:58:57 [DEBUG] freemarker.cache - Loading template for "spark/spark.spa.ftl"("en_IN", UTF-8, parsed) from "jar:file:/C:/Users/rengaraj/.m2/repository/com/aventstack/extentreports/5.0.9/extentreports-5.0.9.jar!/com/aventstack/extentreports/templates/spark/spark.spa.ftl"
2025-05-16 15:58:57 [DEBUG] freemarker.cache - Couldn't find template in cache for "commons/commons-variables.ftl"("en_IN", UTF-8, parsed); will try to load it.
2025-05-16 15:58:57 [DEBUG] freemarker.cache - TemplateLoader.findTemplateSource("commons/commons-variables_en_IN.ftl"): Not found
2025-05-16 15:58:57 [DEBUG] freemarker.cache - TemplateLoader.findTemplateSource("commons/commons-variables_en.ftl"): Not found
2025-05-16 15:58:57 [DEBUG] freemarker.cache - TemplateLoader.findTemplateSource("commons/commons-variables.ftl"): Found
2025-05-16 15:58:57 [DEBUG] freemarker.cache - Loading template for "commons/commons-variables.ftl"("en_IN", UTF-8, parsed) from "jar:file:/C:/Users/rengaraj/.m2/repository/com/aventstack/extentreports/5.0.9/extentreports-5.0.9.jar!/com/aventstack/extentreports/templates/commons/commons-variables.ftl"
2025-05-16 15:58:57 [DEBUG] freemarker.cache - Couldn't find template in cache for "commons/commons-macros.ftl"("en_IN", UTF-8, parsed); will try to load it.
2025-05-16 15:58:57 [DEBUG] freemarker.cache - TemplateLoader.findTemplateSource("commons/commons-macros_en_IN.ftl"): Not found
2025-05-16 15:58:57 [DEBUG] freemarker.cache - TemplateLoader.findTemplateSource("commons/commons-macros_en.ftl"): Not found
2025-05-16 15:58:57 [DEBUG] freemarker.cache - TemplateLoader.findTemplateSource("commons/commons-macros.ftl"): Found
2025-05-16 15:58:57 [DEBUG] freemarker.cache - Loading template for "commons/commons-macros.ftl"("en_IN", UTF-8, parsed) from "jar:file:/C:/Users/rengaraj/.m2/repository/com/aventstack/extentreports/5.0.9/extentreports-5.0.9.jar!/com/aventstack/extentreports/templates/commons/commons-macros.ftl"
2025-05-16 15:58:57 [DEBUG] freemarker.cache - Couldn't find template in cache for "spark/macros/attributes.ftl"("en_IN", UTF-8, parsed); will try to load it.
2025-05-16 15:58:57 [DEBUG] freemarker.cache - TemplateLoader.findTemplateSource("spark/macros/attributes_en_IN.ftl"): Not found
2025-05-16 15:58:57 [DEBUG] freemarker.cache - TemplateLoader.findTemplateSource("spark/macros/attributes_en.ftl"): Not found
2025-05-16 15:58:57 [DEBUG] freemarker.cache - TemplateLoader.findTemplateSource("spark/macros/attributes.ftl"): Found
2025-05-16 15:58:57 [DEBUG] freemarker.cache - Loading template for "spark/macros/attributes.ftl"("en_IN", UTF-8, parsed) from "jar:file:/C:/Users/rengaraj/.m2/repository/com/aventstack/extentreports/5.0.9/extentreports-5.0.9.jar!/com/aventstack/extentreports/templates/spark/macros/attributes.ftl"
2025-05-16 15:58:57 [DEBUG] freemarker.cache - Couldn't find template in cache for "spark/macros/log.ftl"("en_IN", UTF-8, parsed); will try to load it.
2025-05-16 15:58:57 [DEBUG] freemarker.cache - TemplateLoader.findTemplateSource("spark/macros/log_en_IN.ftl"): Not found
2025-05-16 15:58:57 [DEBUG] freemarker.cache - TemplateLoader.findTemplateSource("spark/macros/log_en.ftl"): Not found
2025-05-16 15:58:57 [DEBUG] freemarker.cache - TemplateLoader.findTemplateSource("spark/macros/log.ftl"): Found
2025-05-16 15:58:57 [DEBUG] freemarker.cache - Loading template for "spark/macros/log.ftl"("en_IN", UTF-8, parsed) from "jar:file:/C:/Users/rengaraj/.m2/repository/com/aventstack/extentreports/5.0.9/extentreports-5.0.9.jar!/com/aventstack/extentreports/templates/spark/macros/log.ftl"
2025-05-16 15:58:57 [DEBUG] freemarker.cache - Couldn't find template in cache for "spark/macros/recurse_nodes.ftl"("en_IN", UTF-8, parsed); will try to load it.
2025-05-16 15:58:57 [DEBUG] freemarker.cache - TemplateLoader.findTemplateSource("spark/macros/recurse_nodes_en_IN.ftl"): Not found
2025-05-16 15:58:57 [DEBUG] freemarker.cache - TemplateLoader.findTemplateSource("spark/macros/recurse_nodes_en.ftl"): Not found
2025-05-16 15:58:57 [DEBUG] freemarker.cache - TemplateLoader.findTemplateSource("spark/macros/recurse_nodes.ftl"): Found
2025-05-16 15:58:57 [DEBUG] freemarker.cache - Loading template for "spark/macros/recurse_nodes.ftl"("en_IN", UTF-8, parsed) from "jar:file:/C:/Users/rengaraj/.m2/repository/com/aventstack/extentreports/5.0.9/extentreports-5.0.9.jar!/com/aventstack/extentreports/templates/spark/macros/recurse_nodes.ftl"
2025-05-16 15:58:57 [DEBUG] freemarker.cache - "spark/macros/log.ftl"("en_IN", UTF-8, parsed) cached copy not yet stale; using cached.
2025-05-16 15:58:57 [DEBUG] freemarker.cache - Couldn't find template in cache for "spark/macros/attr-common.ftl"("en_IN", UTF-8, parsed); will try to load it.
2025-05-16 15:58:57 [DEBUG] freemarker.cache - TemplateLoader.findTemplateSource("spark/macros/attr-common_en_IN.ftl"): Not found
2025-05-16 15:58:57 [DEBUG] freemarker.cache - TemplateLoader.findTemplateSource("spark/macros/attr-common_en.ftl"): Not found
2025-05-16 15:58:57 [DEBUG] freemarker.cache - TemplateLoader.findTemplateSource("spark/macros/attr-common.ftl"): Found
2025-05-16 15:58:57 [DEBUG] freemarker.cache - Loading template for "spark/macros/attr-common.ftl"("en_IN", UTF-8, parsed) from "jar:file:/C:/Users/rengaraj/.m2/repository/com/aventstack/extentreports/5.0.9/extentreports-5.0.9.jar!/com/aventstack/extentreports/templates/spark/macros/attr-common.ftl"
2025-05-16 15:58:57 [DEBUG] freemarker.cache - Couldn't find template in cache for "spark/partials/head.ftl"("en_IN", UTF-8, parsed); will try to load it.
2025-05-16 15:58:57 [DEBUG] freemarker.cache - TemplateLoader.findTemplateSource("spark/partials/head_en_IN.ftl"): Not found
2025-05-16 15:58:57 [DEBUG] freemarker.cache - TemplateLoader.findTemplateSource("spark/partials/head_en.ftl"): Not found
2025-05-16 15:58:57 [DEBUG] freemarker.cache - TemplateLoader.findTemplateSource("spark/partials/head.ftl"): Found
2025-05-16 15:58:57 [DEBUG] freemarker.cache - Loading template for "spark/partials/head.ftl"("en_IN", UTF-8, parsed) from "jar:file:/C:/Users/rengaraj/.m2/repository/com/aventstack/extentreports/5.0.9/extentreports-5.0.9.jar!/com/aventstack/extentreports/templates/spark/partials/head.ftl"
2025-05-16 15:58:57 [DEBUG] freemarker.cache - Couldn't find template in cache for "commons/commons-inject-css.ftl"("en_IN", UTF-8, parsed); will try to load it.
2025-05-16 15:58:57 [DEBUG] freemarker.cache - TemplateLoader.findTemplateSource("commons/commons-inject-css_en_IN.ftl"): Not found
2025-05-16 15:58:57 [DEBUG] freemarker.cache - TemplateLoader.findTemplateSource("commons/commons-inject-css_en.ftl"): Not found
2025-05-16 15:58:57 [DEBUG] freemarker.cache - TemplateLoader.findTemplateSource("commons/commons-inject-css.ftl"): Found
2025-05-16 15:58:57 [DEBUG] freemarker.cache - Loading template for "commons/commons-inject-css.ftl"("en_IN", UTF-8, parsed) from "jar:file:/C:/Users/rengaraj/.m2/repository/com/aventstack/extentreports/5.0.9/extentreports-5.0.9.jar!/com/aventstack/extentreports/templates/commons/commons-inject-css.ftl"
2025-05-16 15:58:57 [DEBUG] freemarker.cache - Couldn't find template in cache for "spark/partials/navbar.ftl"("en_IN", UTF-8, parsed); will try to load it.
2025-05-16 15:58:57 [DEBUG] freemarker.cache - TemplateLoader.findTemplateSource("spark/partials/navbar_en_IN.ftl"): Not found
2025-05-16 15:58:57 [DEBUG] freemarker.cache - TemplateLoader.findTemplateSource("spark/partials/navbar_en.ftl"): Not found
2025-05-16 15:58:57 [DEBUG] freemarker.cache - TemplateLoader.findTemplateSource("spark/partials/navbar.ftl"): Found
2025-05-16 15:58:57 [DEBUG] freemarker.cache - Loading template for "spark/partials/navbar.ftl"("en_IN", UTF-8, parsed) from "jar:file:/C:/Users/rengaraj/.m2/repository/com/aventstack/extentreports/5.0.9/extentreports-5.0.9.jar!/com/aventstack/extentreports/templates/spark/partials/navbar.ftl"
2025-05-16 15:58:57 [DEBUG] freemarker.cache - Couldn't find template in cache for "spark/partials/sidenav.ftl"("en_IN", UTF-8, parsed); will try to load it.
2025-05-16 15:58:57 [DEBUG] freemarker.cache - TemplateLoader.findTemplateSource("spark/partials/sidenav_en_IN.ftl"): Not found
2025-05-16 15:58:57 [DEBUG] freemarker.cache - TemplateLoader.findTemplateSource("spark/partials/sidenav_en.ftl"): Not found
2025-05-16 15:58:57 [DEBUG] freemarker.cache - TemplateLoader.findTemplateSource("spark/partials/sidenav.ftl"): Found
2025-05-16 15:58:57 [DEBUG] freemarker.cache - Loading template for "spark/partials/sidenav.ftl"("en_IN", UTF-8, parsed) from "jar:file:/C:/Users/rengaraj/.m2/repository/com/aventstack/extentreports/5.0.9/extentreports-5.0.9.jar!/com/aventstack/extentreports/templates/spark/partials/sidenav.ftl"
2025-05-16 15:58:57 [DEBUG] freemarker.cache - Couldn't find template in cache for "spark/partials/test.ftl"("en_IN", UTF-8, parsed); will try to load it.
2025-05-16 15:58:57 [DEBUG] freemarker.cache - TemplateLoader.findTemplateSource("spark/partials/test_en_IN.ftl"): Not found
2025-05-16 15:58:57 [DEBUG] freemarker.cache - TemplateLoader.findTemplateSource("spark/partials/test_en.ftl"): Not found
2025-05-16 15:58:57 [DEBUG] freemarker.cache - TemplateLoader.findTemplateSource("spark/partials/test.ftl"): Found
2025-05-16 15:58:57 [DEBUG] freemarker.cache - Loading template for "spark/partials/test.ftl"("en_IN", UTF-8, parsed) from "jar:file:/C:/Users/rengaraj/.m2/repository/com/aventstack/extentreports/5.0.9/extentreports-5.0.9.jar!/com/aventstack/extentreports/templates/spark/partials/test.ftl"
2025-05-16 15:58:57 [DEBUG] freemarker.cache - Couldn't find template in cache for "spark/partials/standard-content.ftl"("en_IN", UTF-8, parsed); will try to load it.
2025-05-16 15:58:57 [DEBUG] freemarker.cache - TemplateLoader.findTemplateSource("spark/partials/standard-content_en_IN.ftl"): Not found
2025-05-16 15:58:57 [DEBUG] freemarker.cache - TemplateLoader.findTemplateSource("spark/partials/standard-content_en.ftl"): Not found
2025-05-16 15:58:57 [DEBUG] freemarker.cache - TemplateLoader.findTemplateSource("spark/partials/standard-content.ftl"): Found
2025-05-16 15:58:57 [DEBUG] freemarker.cache - Loading template for "spark/partials/standard-content.ftl"("en_IN", UTF-8, parsed) from "jar:file:/C:/Users/rengaraj/.m2/repository/com/aventstack/extentreports/5.0.9/extentreports-5.0.9.jar!/com/aventstack/extentreports/templates/spark/partials/standard-content.ftl"
2025-05-16 15:58:57 [DEBUG] freemarker.cache - "spark/partials/standard-content.ftl"("en_IN", UTF-8, parsed) cached copy not yet stale; using cached.
2025-05-16 15:58:57 [DEBUG] freemarker.cache - "spark/partials/standard-content.ftl"("en_IN", UTF-8, parsed) cached copy not yet stale; using cached.
2025-05-16 15:58:57 [DEBUG] freemarker.cache - "spark/partials/standard-content.ftl"("en_IN", UTF-8, parsed) cached copy not yet stale; using cached.
2025-05-16 15:58:57 [DEBUG] freemarker.cache - Couldn't find template in cache for "spark/partials/exception.ftl"("en_IN", UTF-8, parsed); will try to load it.
2025-05-16 15:58:57 [DEBUG] freemarker.cache - TemplateLoader.findTemplateSource("spark/partials/exception_en_IN.ftl"): Not found
2025-05-16 15:58:57 [DEBUG] freemarker.cache - TemplateLoader.findTemplateSource("spark/partials/exception_en.ftl"): Not found
2025-05-16 15:58:57 [DEBUG] freemarker.cache - TemplateLoader.findTemplateSource("spark/partials/exception.ftl"): Found
2025-05-16 15:58:57 [DEBUG] freemarker.cache - Loading template for "spark/partials/exception.ftl"("en_IN", UTF-8, parsed) from "jar:file:/C:/Users/rengaraj/.m2/repository/com/aventstack/extentreports/5.0.9/extentreports-5.0.9.jar!/com/aventstack/extentreports/templates/spark/partials/exception.ftl"
2025-05-16 15:58:57 [DEBUG] freemarker.cache - Couldn't find template in cache for "spark/partials/category.ftl"("en_IN", UTF-8, parsed); will try to load it.
2025-05-16 15:58:57 [DEBUG] freemarker.cache - TemplateLoader.findTemplateSource("spark/partials/category_en_IN.ftl"): Not found
2025-05-16 15:58:57 [DEBUG] freemarker.cache - TemplateLoader.findTemplateSource("spark/partials/category_en.ftl"): Not found
2025-05-16 15:58:57 [DEBUG] freemarker.cache - TemplateLoader.findTemplateSource("spark/partials/category.ftl"): Found
2025-05-16 15:58:57 [DEBUG] freemarker.cache - Loading template for "spark/partials/category.ftl"("en_IN", UTF-8, parsed) from "jar:file:/C:/Users/rengaraj/.m2/repository/com/aventstack/extentreports/5.0.9/extentreports-5.0.9.jar!/com/aventstack/extentreports/templates/spark/partials/category.ftl"
2025-05-16 15:58:57 [DEBUG] freemarker.cache - Couldn't find template in cache for "spark/partials/device.ftl"("en_IN", UTF-8, parsed); will try to load it.
2025-05-16 15:58:57 [DEBUG] freemarker.cache - TemplateLoader.findTemplateSource("spark/partials/device_en_IN.ftl"): Not found
2025-05-16 15:58:57 [DEBUG] freemarker.cache - TemplateLoader.findTemplateSource("spark/partials/device_en.ftl"): Not found
2025-05-16 15:58:57 [DEBUG] freemarker.cache - TemplateLoader.findTemplateSource("spark/partials/device.ftl"): Found
2025-05-16 15:58:57 [DEBUG] freemarker.cache - Loading template for "spark/partials/device.ftl"("en_IN", UTF-8, parsed) from "jar:file:/C:/Users/rengaraj/.m2/repository/com/aventstack/extentreports/5.0.9/extentreports-5.0.9.jar!/com/aventstack/extentreports/templates/spark/partials/device.ftl"
2025-05-16 15:58:57 [DEBUG] freemarker.cache - Couldn't find template in cache for "spark/partials/author.ftl"("en_IN", UTF-8, parsed); will try to load it.
2025-05-16 15:58:57 [DEBUG] freemarker.cache - TemplateLoader.findTemplateSource("spark/partials/author_en_IN.ftl"): Not found
2025-05-16 15:58:58 [DEBUG] freemarker.cache - TemplateLoader.findTemplateSource("spark/partials/author_en.ftl"): Not found
2025-05-16 15:58:58 [DEBUG] freemarker.cache - TemplateLoader.findTemplateSource("spark/partials/author.ftl"): Found
2025-05-16 15:58:58 [DEBUG] freemarker.cache - Loading template for "spark/partials/author.ftl"("en_IN", UTF-8, parsed) from "jar:file:/C:/Users/rengaraj/.m2/repository/com/aventstack/extentreports/5.0.9/extentreports-5.0.9.jar!/com/aventstack/extentreports/templates/spark/partials/author.ftl"
2025-05-16 15:58:58 [DEBUG] freemarker.cache - Couldn't find template in cache for "spark/partials/log.ftl"("en_IN", UTF-8, parsed); will try to load it.
2025-05-16 15:58:58 [DEBUG] freemarker.cache - TemplateLoader.findTemplateSource("spark/partials/log_en_IN.ftl"): Not found
2025-05-16 15:58:58 [DEBUG] freemarker.cache - TemplateLoader.findTemplateSource("spark/partials/log_en.ftl"): Not found
2025-05-16 15:58:58 [DEBUG] freemarker.cache - TemplateLoader.findTemplateSource("spark/partials/log.ftl"): Found
2025-05-16 15:58:58 [DEBUG] freemarker.cache - Loading template for "spark/partials/log.ftl"("en_IN", UTF-8, parsed) from "jar:file:/C:/Users/rengaraj/.m2/repository/com/aventstack/extentreports/5.0.9/extentreports-5.0.9.jar!/com/aventstack/extentreports/templates/spark/partials/log.ftl"
2025-05-16 15:58:58 [DEBUG] freemarker.cache - Couldn't find template in cache for "spark/partials/dashboard.ftl"("en_IN", UTF-8, parsed); will try to load it.
2025-05-16 15:58:58 [DEBUG] freemarker.cache - TemplateLoader.findTemplateSource("spark/partials/dashboard_en_IN.ftl"): Not found
2025-05-16 15:58:58 [DEBUG] freemarker.cache - TemplateLoader.findTemplateSource("spark/partials/dashboard_en.ftl"): Not found
2025-05-16 15:58:58 [DEBUG] freemarker.cache - TemplateLoader.findTemplateSource("spark/partials/dashboard.ftl"): Found
2025-05-16 15:58:58 [DEBUG] freemarker.cache - Loading template for "spark/partials/dashboard.ftl"("en_IN", UTF-8, parsed) from "jar:file:/C:/Users/rengaraj/.m2/repository/com/aventstack/extentreports/5.0.9/extentreports-5.0.9.jar!/com/aventstack/extentreports/templates/spark/partials/dashboard.ftl"
2025-05-16 15:58:58 [DEBUG] freemarker.cache - Couldn't find template in cache for "spark/partials/scripts.ftl"("en_IN", UTF-8, parsed); will try to load it.
2025-05-16 15:58:58 [DEBUG] freemarker.cache - TemplateLoader.findTemplateSource("spark/partials/scripts_en_IN.ftl"): Not found
2025-05-16 15:58:58 [DEBUG] freemarker.cache - TemplateLoader.findTemplateSource("spark/partials/scripts_en.ftl"): Not found
2025-05-16 15:58:58 [DEBUG] freemarker.cache - TemplateLoader.findTemplateSource("spark/partials/scripts.ftl"): Found
2025-05-16 15:58:58 [DEBUG] freemarker.cache - Loading template for "spark/partials/scripts.ftl"("en_IN", UTF-8, parsed) from "jar:file:/C:/Users/rengaraj/.m2/repository/com/aventstack/extentreports/5.0.9/extentreports-5.0.9.jar!/com/aventstack/extentreports/templates/spark/partials/scripts.ftl"
2025-05-16 15:58:58 [DEBUG] freemarker.cache - Couldn't find template in cache for "commons/commons-inject-js.ftl"("en_IN", UTF-8, parsed); will try to load it.
2025-05-16 15:58:58 [DEBUG] freemarker.cache - TemplateLoader.findTemplateSource("commons/commons-inject-js_en_IN.ftl"): Not found
2025-05-16 15:58:58 [DEBUG] freemarker.cache - TemplateLoader.findTemplateSource("commons/commons-inject-js_en.ftl"): Not found
2025-05-16 15:58:58 [DEBUG] freemarker.cache - TemplateLoader.findTemplateSource("commons/commons-inject-js.ftl"): Found
2025-05-16 15:58:58 [DEBUG] freemarker.cache - Loading template for "commons/commons-inject-js.ftl"("en_IN", UTF-8, parsed) from "jar:file:/C:/Users/rengaraj/.m2/repository/com/aventstack/extentreports/5.0.9/extentreports-5.0.9.jar!/com/aventstack/extentreports/templates/commons/commons-inject-js.ftl"
2025-05-16 16:03:42 [INFO] baseclass.launchezhour - Ezhour application launch
2025-05-16 16:03:42 [INFO] baseclass.launchezhour - Ezhour application launch
2025-05-16 16:03:58 [INFO] baseclass.launchezhour - Ezhour testing is completed
2025-05-16 16:03:58 [INFO] baseclass.launchezhour - Ezhour testing is completed
2025-05-16 16:03:59 [DEBUG] freemarker.cache - Couldn't find template in cache for "spark/spark.spa.ftl"("en_IN", UTF-8, parsed); will try to load it.
2025-05-16 16:03:59 [DEBUG] freemarker.cache - TemplateLoader.findTemplateSource("spark/spark.spa_en_IN.ftl"): Not found
2025-05-16 16:03:59 [DEBUG] freemarker.cache - TemplateLoader.findTemplateSource("spark/spark.spa_en.ftl"): Not found
2025-05-16 16:03:59 [DEBUG] freemarker.cache - TemplateLoader.findTemplateSource("spark/spark.spa.ftl"): Found
2025-05-16 16:03:59 [DEBUG] freemarker.cache - Loading template for "spark/spark.spa.ftl"("en_IN", UTF-8, parsed) from "jar:file:/C:/Users/rengaraj/.m2/repository/com/aventstack/extentreports/5.0.9/extentreports-5.0.9.jar!/com/aventstack/extentreports/templates/spark/spark.spa.ftl"
2025-05-16 16:03:59 [DEBUG] freemarker.cache - Couldn't find template in cache for "commons/commons-variables.ftl"("en_IN", UTF-8, parsed); will try to load it.
2025-05-16 16:03:59 [DEBUG] freemarker.cache - TemplateLoader.findTemplateSource("commons/commons-variables_en_IN.ftl"): Not found
2025-05-16 16:03:59 [DEBUG] freemarker.cache - TemplateLoader.findTemplateSource("commons/commons-variables_en.ftl"): Not found
2025-05-16 16:03:59 [DEBUG] freemarker.cache - TemplateLoader.findTemplateSource("commons/commons-variables.ftl"): Found
2025-05-16 16:03:59 [DEBUG] freemarker.cache - Loading template for "commons/commons-variables.ftl"("en_IN", UTF-8, parsed) from "jar:file:/C:/Users/rengaraj/.m2/repository/com/aventstack/extentreports/5.0.9/extentreports-5.0.9.jar!/com/aventstack/extentreports/templates/commons/commons-variables.ftl"
2025-05-16 16:03:59 [DEBUG] freemarker.cache - Couldn't find template in cache for "commons/commons-macros.ftl"("en_IN", UTF-8, parsed); will try to load it.
2025-05-16 16:03:59 [DEBUG] freemarker.cache - TemplateLoader.findTemplateSource("commons/commons-macros_en_IN.ftl"): Not found
2025-05-16 16:03:59 [DEBUG] freemarker.cache - TemplateLoader.findTemplateSource("commons/commons-macros_en.ftl"): Not found
2025-05-16 16:03:59 [DEBUG] freemarker.cache - TemplateLoader.findTemplateSource("commons/commons-macros.ftl"): Found
2025-05-16 16:03:59 [DEBUG] freemarker.cache - Loading template for "commons/commons-macros.ftl"("en_IN", UTF-8, parsed) from "jar:file:/C:/Users/rengaraj/.m2/repository/com/aventstack/extentreports/5.0.9/extentreports-5.0.9.jar!/com/aventstack/extentreports/templates/commons/commons-macros.ftl"
2025-05-16 16:03:59 [DEBUG] freemarker.cache - Couldn't find template in cache for "spark/macros/attributes.ftl"("en_IN", UTF-8, parsed); will try to load it.
2025-05-16 16:03:59 [DEBUG] freemarker.cache - TemplateLoader.findTemplateSource("spark/macros/attributes_en_IN.ftl"): Not found
2025-05-16 16:03:59 [DEBUG] freemarker.cache - TemplateLoader.findTemplateSource("spark/macros/attributes_en.ftl"): Not found
2025-05-16 16:03:59 [DEBUG] freemarker.cache - TemplateLoader.findTemplateSource("spark/macros/attributes.ftl"): Found
2025-05-16 16:03:59 [DEBUG] freemarker.cache - Loading template for "spark/macros/attributes.ftl"("en_IN", UTF-8, parsed) from "jar:file:/C:/Users/rengaraj/.m2/repository/com/aventstack/extentreports/5.0.9/extentreports-5.0.9.jar!/com/aventstack/extentreports/templates/spark/macros/attributes.ftl"
2025-05-16 16:03:59 [DEBUG] freemarker.cache - Couldn't find template in cache for "spark/macros/log.ftl"("en_IN", UTF-8, parsed); will try to load it.
2025-05-16 16:03:59 [DEBUG] freemarker.cache - TemplateLoader.findTemplateSource("spark/macros/log_en_IN.ftl"): Not found
2025-05-16 16:03:59 [DEBUG] freemarker.cache - TemplateLoader.findTemplateSource("spark/macros/log_en.ftl"): Not found
2025-05-16 16:03:59 [DEBUG] freemarker.cache - TemplateLoader.findTemplateSource("spark/macros/log.ftl"): Found
2025-05-16 16:03:59 [DEBUG] freemarker.cache - Loading template for "spark/macros/log.ftl"("en_IN", UTF-8, parsed) from "jar:file:/C:/Users/rengaraj/.m2/repository/com/aventstack/extentreports/5.0.9/extentreports-5.0.9.jar!/com/aventstack/extentreports/templates/spark/macros/log.ftl"
2025-05-16 16:03:59 [DEBUG] freemarker.cache - Couldn't find template in cache for "spark/macros/recurse_nodes.ftl"("en_IN", UTF-8, parsed); will try to load it.
2025-05-16 16:03:59 [DEBUG] freemarker.cache - TemplateLoader.findTemplateSource("spark/macros/recurse_nodes_en_IN.ftl"): Not found
2025-05-16 16:03:59 [DEBUG] freemarker.cache - TemplateLoader.findTemplateSource("spark/macros/recurse_nodes_en.ftl"): Not found
2025-05-16 16:03:59 [DEBUG] freemarker.cache - TemplateLoader.findTemplateSource("spark/macros/recurse_nodes.ftl"): Found
2025-05-16 16:03:59 [DEBUG] freemarker.cache - Loading template for "spark/macros/recurse_nodes.ftl"("en_IN", UTF-8, parsed) from "jar:file:/C:/Users/rengaraj/.m2/repository/com/aventstack/extentreports/5.0.9/extentreports-5.0.9.jar!/com/aventstack/extentreports/templates/spark/macros/recurse_nodes.ftl"
2025-05-16 16:03:59 [DEBUG] freemarker.cache - "spark/macros/log.ftl"("en_IN", UTF-8, parsed) cached copy not yet stale; using cached.
2025-05-16 16:03:59 [DEBUG] freemarker.cache - Couldn't find template in cache for "spark/macros/attr-common.ftl"("en_IN", UTF-8, parsed); will try to load it.
2025-05-16 16:03:59 [DEBUG] freemarker.cache - TemplateLoader.findTemplateSource("spark/macros/attr-common_en_IN.ftl"): Not found
2025-05-16 16:03:59 [DEBUG] freemarker.cache - TemplateLoader.findTemplateSource("spark/macros/attr-common_en.ftl"): Not found
2025-05-16 16:03:59 [DEBUG] freemarker.cache - TemplateLoader.findTemplateSource("spark/macros/attr-common.ftl"): Found
2025-05-16 16:03:59 [DEBUG] freemarker.cache - Loading template for "spark/macros/attr-common.ftl"("en_IN", UTF-8, parsed) from "jar:file:/C:/Users/rengaraj/.m2/repository/com/aventstack/extentreports/5.0.9/extentreports-5.0.9.jar!/com/aventstack/extentreports/templates/spark/macros/attr-common.ftl"
2025-05-16 16:03:59 [DEBUG] freemarker.cache - Couldn't find template in cache for "spark/partials/head.ftl"("en_IN", UTF-8, parsed); will try to load it.
2025-05-16 16:03:59 [DEBUG] freemarker.cache - TemplateLoader.findTemplateSource("spark/partials/head_en_IN.ftl"): Not found
2025-05-16 16:03:59 [DEBUG] freemarker.cache - TemplateLoader.findTemplateSource("spark/partials/head_en.ftl"): Not found
2025-05-16 16:03:59 [DEBUG] freemarker.cache - TemplateLoader.findTemplateSource("spark/partials/head.ftl"): Found
2025-05-16 16:03:59 [DEBUG] freemarker.cache - Loading template for "spark/partials/head.ftl"("en_IN", UTF-8, parsed) from "jar:file:/C:/Users/rengaraj/.m2/repository/com/aventstack/extentreports/5.0.9/extentreports-5.0.9.jar!/com/aventstack/extentreports/templates/spark/partials/head.ftl"
2025-05-16 16:03:59 [DEBUG] freemarker.cache - Couldn't find template in cache for "commons/commons-inject-css.ftl"("en_IN", UTF-8, parsed); will try to load it.
2025-05-16 16:03:59 [DEBUG] freemarker.cache - TemplateLoader.findTemplateSource("commons/commons-inject-css_en_IN.ftl"): Not found
2025-05-16 16:03:59 [DEBUG] freemarker.cache - TemplateLoader.findTemplateSource("commons/commons-inject-css_en.ftl"): Not found
2025-05-16 16:03:59 [DEBUG] freemarker.cache - TemplateLoader.findTemplateSource("commons/commons-inject-css.ftl"): Found
2025-05-16 16:03:59 [DEBUG] freemarker.cache - Loading template for "commons/commons-inject-css.ftl"("en_IN", UTF-8, parsed) from "jar:file:/C:/Users/rengaraj/.m2/repository/com/aventstack/extentreports/5.0.9/extentreports-5.0.9.jar!/com/aventstack/extentreports/templates/commons/commons-inject-css.ftl"
2025-05-16 16:03:59 [DEBUG] freemarker.cache - Couldn't find template in cache for "spark/partials/navbar.ftl"("en_IN", UTF-8, parsed); will try to load it.
2025-05-16 16:03:59 [DEBUG] freemarker.cache - TemplateLoader.findTemplateSource("spark/partials/navbar_en_IN.ftl"): Not found
2025-05-16 16:03:59 [DEBUG] freemarker.cache - TemplateLoader.findTemplateSource("spark/partials/navbar_en.ftl"): Not found
2025-05-16 16:03:59 [DEBUG] freemarker.cache - TemplateLoader.findTemplateSource("spark/partials/navbar.ftl"): Found
2025-05-16 16:03:59 [DEBUG] freemarker.cache - Loading template for "spark/partials/navbar.ftl"("en_IN", UTF-8, parsed) from "jar:file:/C:/Users/rengaraj/.m2/repository/com/aventstack/extentreports/5.0.9/extentreports-5.0.9.jar!/com/aventstack/extentreports/templates/spark/partials/navbar.ftl"
2025-05-16 16:03:59 [DEBUG] freemarker.cache - Couldn't find template in cache for "spark/partials/sidenav.ftl"("en_IN", UTF-8, parsed); will try to load it.
2025-05-16 16:03:59 [DEBUG] freemarker.cache - TemplateLoader.findTemplateSource("spark/partials/sidenav_en_IN.ftl"): Not found
2025-05-16 16:03:59 [DEBUG] freemarker.cache - TemplateLoader.findTemplateSource("spark/partials/sidenav_en.ftl"): Not found
2025-05-16 16:03:59 [DEBUG] freemarker.cache - TemplateLoader.findTemplateSource("spark/partials/sidenav.ftl"): Found
2025-05-16 16:03:59 [DEBUG] freemarker.cache - Loading template for "spark/partials/sidenav.ftl"("en_IN", UTF-8, parsed) from "jar:file:/C:/Users/rengaraj/.m2/repository/com/aventstack/extentreports/5.0.9/extentreports-5.0.9.jar!/com/aventstack/extentreports/templates/spark/partials/sidenav.ftl"
2025-05-16 16:03:59 [DEBUG] freemarker.cache - Couldn't find template in cache for "spark/partials/test.ftl"("en_IN", UTF-8, parsed); will try to load it.
2025-05-16 16:03:59 [DEBUG] freemarker.cache - TemplateLoader.findTemplateSource("spark/partials/test_en_IN.ftl"): Not found
2025-05-16 16:03:59 [DEBUG] freemarker.cache - TemplateLoader.findTemplateSource("spark/partials/test_en.ftl"): Not found
2025-05-16 16:03:59 [DEBUG] freemarker.cache - TemplateLoader.findTemplateSource("spark/partials/test.ftl"): Found
2025-05-16 16:03:59 [DEBUG] freemarker.cache - Loading template for "spark/partials/test.ftl"("en_IN", UTF-8, parsed) from "jar:file:/C:/Users/rengaraj/.m2/repository/com/aventstack/extentreports/5.0.9/extentreports-5.0.9.jar!/com/aventstack/extentreports/templates/spark/partials/test.ftl"
2025-05-16 16:03:59 [DEBUG] freemarker.cache - Couldn't find template in cache for "spark/partials/standard-content.ftl"("en_IN", UTF-8, parsed); will try to load it.
2025-05-16 16:03:59 [DEBUG] freemarker.cache - TemplateLoader.findTemplateSource("spark/partials/standard-content_en_IN.ftl"): Not found
2025-05-16 16:03:59 [DEBUG] freemarker.cache - TemplateLoader.findTemplateSource("spark/partials/standard-content_en.ftl"): Not found
2025-05-16 16:03:59 [DEBUG] freemarker.cache - TemplateLoader.findTemplateSource("spark/partials/standard-content.ftl"): Found
2025-05-16 16:03:59 [DEBUG] freemarker.cache - Loading template for "spark/partials/standard-content.ftl"("en_IN", UTF-8, parsed) from "jar:file:/C:/Users/rengaraj/.m2/repository/com/aventstack/extentreports/5.0.9/extentreports-5.0.9.jar!/com/aventstack/extentreports/templates/spark/partials/standard-content.ftl"
2025-05-16 16:03:59 [DEBUG] freemarker.cache - "spark/partials/standard-content.ftl"("en_IN", UTF-8, parsed) cached copy not yet stale; using cached.
2025-05-16 16:03:59 [DEBUG] freemarker.cache - "spark/partials/standard-content.ftl"("en_IN", UTF-8, parsed) cached copy not yet stale; using cached.
2025-05-16 16:03:59 [DEBUG] freemarker.cache - "spark/partials/standard-content.ftl"("en_IN", UTF-8, parsed) cached copy not yet stale; using cached.
2025-05-16 16:03:59 [DEBUG] freemarker.cache - Couldn't find template in cache for "spark/partials/exception.ftl"("en_IN", UTF-8, parsed); will try to load it.
2025-05-16 16:03:59 [DEBUG] freemarker.cache - TemplateLoader.findTemplateSource("spark/partials/exception_en_IN.ftl"): Not found
2025-05-16 16:03:59 [DEBUG] freemarker.cache - TemplateLoader.findTemplateSource("spark/partials/exception_en.ftl"): Not found
2025-05-16 16:03:59 [DEBUG] freemarker.cache - TemplateLoader.findTemplateSource("spark/partials/exception.ftl"): Found
2025-05-16 16:03:59 [DEBUG] freemarker.cache - Loading template for "spark/partials/exception.ftl"("en_IN", UTF-8, parsed) from "jar:file:/C:/Users/rengaraj/.m2/repository/com/aventstack/extentreports/5.0.9/extentreports-5.0.9.jar!/com/aventstack/extentreports/templates/spark/partials/exception.ftl"
2025-05-16 16:03:59 [DEBUG] freemarker.cache - Couldn't find template in cache for "spark/partials/category.ftl"("en_IN", UTF-8, parsed); will try to load it.
2025-05-16 16:03:59 [DEBUG] freemarker.cache - TemplateLoader.findTemplateSource("spark/partials/category_en_IN.ftl"): Not found
2025-05-16 16:03:59 [DEBUG] freemarker.cache - TemplateLoader.findTemplateSource("spark/partials/category_en.ftl"): Not found
2025-05-16 16:03:59 [DEBUG] freemarker.cache - TemplateLoader.findTemplateSource("spark/partials/category.ftl"): Found
2025-05-16 16:03:59 [DEBUG] freemarker.cache - Loading template for "spark/partials/category.ftl"("en_IN", UTF-8, parsed) from "jar:file:/C:/Users/rengaraj/.m2/repository/com/aventstack/extentreports/5.0.9/extentreports-5.0.9.jar!/com/aventstack/extentreports/templates/spark/partials/category.ftl"
2025-05-16 16:03:59 [DEBUG] freemarker.cache - Couldn't find template in cache for "spark/partials/device.ftl"("en_IN", UTF-8, parsed); will try to load it.
2025-05-16 16:03:59 [DEBUG] freemarker.cache - TemplateLoader.findTemplateSource("spark/partials/device_en_IN.ftl"): Not found
2025-05-16 16:03:59 [DEBUG] freemarker.cache - TemplateLoader.findTemplateSource("spark/partials/device_en.ftl"): Not found
2025-05-16 16:03:59 [DEBUG] freemarker.cache - TemplateLoader.findTemplateSource("spark/partials/device.ftl"): Found
2025-05-16 16:03:59 [DEBUG] freemarker.cache - Loading template for "spark/partials/device.ftl"("en_IN", UTF-8, parsed) from "jar:file:/C:/Users/rengaraj/.m2/repository/com/aventstack/extentreports/5.0.9/extentreports-5.0.9.jar!/com/aventstack/extentreports/templates/spark/partials/device.ftl"
2025-05-16 16:03:59 [DEBUG] freemarker.cache - Couldn't find template in cache for "spark/partials/author.ftl"("en_IN", UTF-8, parsed); will try to load it.
2025-05-16 16:03:59 [DEBUG] freemarker.cache - TemplateLoader.findTemplateSource("spark/partials/author_en_IN.ftl"): Not found
2025-05-16 16:03:59 [DEBUG] freemarker.cache - TemplateLoader.findTemplateSource("spark/partials/author_en.ftl"): Not found
2025-05-16 16:03:59 [DEBUG] freemarker.cache - TemplateLoader.findTemplateSource("spark/partials/author.ftl"): Found
2025-05-16 16:03:59 [DEBUG] freemarker.cache - Loading template for "spark/partials/author.ftl"("en_IN", UTF-8, parsed) from "jar:file:/C:/Users/rengaraj/.m2/repository/com/aventstack/extentreports/5.0.9/extentreports-5.0.9.jar!/com/aventstack/extentreports/templates/spark/partials/author.ftl"
2025-05-16 16:03:59 [DEBUG] freemarker.cache - Couldn't find template in cache for "spark/partials/log.ftl"("en_IN", UTF-8, parsed); will try to load it.
2025-05-16 16:03:59 [DEBUG] freemarker.cache - TemplateLoader.findTemplateSource("spark/partials/log_en_IN.ftl"): Not found
2025-05-16 16:03:59 [DEBUG] freemarker.cache - TemplateLoader.findTemplateSource("spark/partials/log_en.ftl"): Not found
2025-05-16 16:03:59 [DEBUG] freemarker.cache - TemplateLoader.findTemplateSource("spark/partials/log.ftl"): Found
2025-05-16 16:03:59 [DEBUG] freemarker.cache - Loading template for "spark/partials/log.ftl"("en_IN", UTF-8, parsed) from "jar:file:/C:/Users/rengaraj/.m2/repository/com/aventstack/extentreports/5.0.9/extentreports-5.0.9.jar!/com/aventstack/extentreports/templates/spark/partials/log.ftl"
2025-05-16 16:03:59 [DEBUG] freemarker.cache - Couldn't find template in cache for "spark/partials/dashboard.ftl"("en_IN", UTF-8, parsed); will try to load it.
2025-05-16 16:03:59 [DEBUG] freemarker.cache - TemplateLoader.findTemplateSource("spark/partials/dashboard_en_IN.ftl"): Not found
2025-05-16 16:03:59 [DEBUG] freemarker.cache - TemplateLoader.findTemplateSource("spark/partials/dashboard_en.ftl"): Not found
2025-05-16 16:03:59 [DEBUG] freemarker.cache - TemplateLoader.findTemplateSource("spark/partials/dashboard.ftl"): Found
2025-05-16 16:03:59 [DEBUG] freemarker.cache - Loading template for "spark/partials/dashboard.ftl"("en_IN", UTF-8, parsed) from "jar:file:/C:/Users/rengaraj/.m2/repository/com/aventstack/extentreports/5.0.9/extentreports-5.0.9.jar!/com/aventstack/extentreports/templates/spark/partials/dashboard.ftl"
2025-05-16 16:04:00 [DEBUG] freemarker.cache - Couldn't find template in cache for "spark/partials/scripts.ftl"("en_IN", UTF-8, parsed); will try to load it.
2025-05-16 16:04:00 [DEBUG] freemarker.cache - TemplateLoader.findTemplateSource("spark/partials/scripts_en_IN.ftl"): Not found
2025-05-16 16:04:00 [DEBUG] freemarker.cache - TemplateLoader.findTemplateSource("spark/partials/scripts_en.ftl"): Not found
2025-05-16 16:04:00 [DEBUG] freemarker.cache - TemplateLoader.findTemplateSource("spark/partials/scripts.ftl"): Found
2025-05-16 16:04:00 [DEBUG] freemarker.cache - Loading template for "spark/partials/scripts.ftl"("en_IN", UTF-8, parsed) from "jar:file:/C:/Users/rengaraj/.m2/repository/com/aventstack/extentreports/5.0.9/extentreports-5.0.9.jar!/com/aventstack/extentreports/templates/spark/partials/scripts.ftl"
2025-05-16 16:04:00 [DEBUG] freemarker.cache - Couldn't find template in cache for "commons/commons-inject-js.ftl"("en_IN", UTF-8, parsed); will try to load it.
2025-05-16 16:04:00 [DEBUG] freemarker.cache - TemplateLoader.findTemplateSource("commons/commons-inject-js_en_IN.ftl"): Not found
2025-05-16 16:04:00 [DEBUG] freemarker.cache - TemplateLoader.findTemplateSource("commons/commons-inject-js_en.ftl"): Not found
2025-05-16 16:04:00 [DEBUG] freemarker.cache - TemplateLoader.findTemplateSource("commons/commons-inject-js.ftl"): Found
2025-05-16 16:04:00 [DEBUG] freemarker.cache - Loading template for "commons/commons-inject-js.ftl"("en_IN", UTF-8, parsed) from "jar:file:/C:/Users/rengaraj/.m2/repository/com/aventstack/extentreports/5.0.9/extentreports-5.0.9.jar!/com/aventstack/extentreports/templates/commons/commons-inject-js.ftl"
2025-05-16 16:07:14 [INFO] baseclass.launchezhour - Ezhour application launch
2025-05-16 16:07:20 [INFO] baseclass.launchezhour - Ezhour testing is completed
2025-05-16 16:07:20 [DEBUG] freemarker.cache - Couldn't find template in cache for "spark/spark.spa.ftl"("en_IN", UTF-8, parsed); will try to load it.
2025-05-16 16:07:20 [DEBUG] freemarker.cache - TemplateLoader.findTemplateSource("spark/spark.spa_en_IN.ftl"): Not found
2025-05-16 16:07:20 [DEBUG] freemarker.cache - TemplateLoader.findTemplateSource("spark/spark.spa_en.ftl"): Not found
2025-05-16 16:07:20 [DEBUG] freemarker.cache - TemplateLoader.findTemplateSource("spark/spark.spa.ftl"): Found
2025-05-16 16:07:20 [DEBUG] freemarker.cache - Loading template for "spark/spark.spa.ftl"("en_IN", UTF-8, parsed) from "jar:file:/C:/Users/rengaraj/.m2/repository/com/aventstack/extentreports/5.0.9/extentreports-5.0.9.jar!/com/aventstack/extentreports/templates/spark/spark.spa.ftl"
2025-05-16 16:07:20 [DEBUG] freemarker.cache - Couldn't find template in cache for "commons/commons-variables.ftl"("en_IN", UTF-8, parsed); will try to load it.
2025-05-16 16:07:20 [DEBUG] freemarker.cache - TemplateLoader.findTemplateSource("commons/commons-variables_en_IN.ftl"): Not found
2025-05-16 16:07:20 [DEBUG] freemarker.cache - TemplateLoader.findTemplateSource("commons/commons-variables_en.ftl"): Not found
2025-05-16 16:07:20 [DEBUG] freemarker.cache - TemplateLoader.findTemplateSource("commons/commons-variables.ftl"): Found
2025-05-16 16:07:20 [DEBUG] freemarker.cache - Loading template for "commons/commons-variables.ftl"("en_IN", UTF-8, parsed) from "jar:file:/C:/Users/rengaraj/.m2/repository/com/aventstack/extentreports/5.0.9/extentreports-5.0.9.jar!/com/aventstack/extentreports/templates/commons/commons-variables.ftl"
2025-05-16 16:07:21 [DEBUG] freemarker.cache - Couldn't find template in cache for "commons/commons-macros.ftl"("en_IN", UTF-8, parsed); will try to load it.
2025-05-16 16:07:21 [DEBUG] freemarker.cache - TemplateLoader.findTemplateSource("commons/commons-macros_en_IN.ftl"): Not found
2025-05-16 16:07:21 [DEBUG] freemarker.cache - TemplateLoader.findTemplateSource("commons/commons-macros_en.ftl"): Not found
2025-05-16 16:07:21 [DEBUG] freemarker.cache - TemplateLoader.findTemplateSource("commons/commons-macros.ftl"): Found
2025-05-16 16:07:21 [DEBUG] freemarker.cache - Loading template for "commons/commons-macros.ftl"("en_IN", UTF-8, parsed) from "jar:file:/C:/Users/rengaraj/.m2/repository/com/aventstack/extentreports/5.0.9/extentreports-5.0.9.jar!/com/aventstack/extentreports/templates/commons/commons-macros.ftl"
2025-05-16 16:07:21 [DEBUG] freemarker.cache - Couldn't find template in cache for "spark/macros/attributes.ftl"("en_IN", UTF-8, parsed); will try to load it.
2025-05-16 16:07:21 [DEBUG] freemarker.cache - TemplateLoader.findTemplateSource("spark/macros/attributes_en_IN.ftl"): Not found
2025-05-16 16:07:21 [DEBUG] freemarker.cache - TemplateLoader.findTemplateSource("spark/macros/attributes_en.ftl"): Not found
2025-05-16 16:07:21 [DEBUG] freemarker.cache - TemplateLoader.findTemplateSource("spark/macros/attributes.ftl"): Found
2025-05-16 16:07:21 [DEBUG] freemarker.cache - Loading template for "spark/macros/attributes.ftl"("en_IN", UTF-8, parsed) from "jar:file:/C:/Users/rengaraj/.m2/repository/com/aventstack/extentreports/5.0.9/extentreports-5.0.9.jar!/com/aventstack/extentreports/templates/spark/macros/attributes.ftl"
2025-05-16 16:07:21 [DEBUG] freemarker.cache - Couldn't find template in cache for "spark/macros/log.ftl"("en_IN", UTF-8, parsed); will try to load it.
2025-05-16 16:07:21 [DEBUG] freemarker.cache - TemplateLoader.findTemplateSource("spark/macros/log_en_IN.ftl"): Not found
2025-05-16 16:07:21 [DEBUG] freemarker.cache - TemplateLoader.findTemplateSource("spark/macros/log_en.ftl"): Not found
2025-05-16 16:07:21 [DEBUG] freemarker.cache - TemplateLoader.findTemplateSource("spark/macros/log.ftl"): Found
2025-05-16 16:07:21 [DEBUG] freemarker.cache - Loading template for "spark/macros/log.ftl"("en_IN", UTF-8, parsed) from "jar:file:/C:/Users/rengaraj/.m2/repository/com/aventstack/extentreports/5.0.9/extentreports-5.0.9.jar!/com/aventstack/extentreports/templates/spark/macros/log.ftl"
2025-05-16 16:07:21 [DEBUG] freemarker.cache - Couldn't find template in cache for "spark/macros/recurse_nodes.ftl"("en_IN", UTF-8, parsed); will try to load it.
2025-05-16 16:07:21 [DEBUG] freemarker.cache - TemplateLoader.findTemplateSource("spark/macros/recurse_nodes_en_IN.ftl"): Not found
2025-05-16 16:07:21 [DEBUG] freemarker.cache - TemplateLoader.findTemplateSource("spark/macros/recurse_nodes_en.ftl"): Not found
2025-05-16 16:07:21 [DEBUG] freemarker.cache - TemplateLoader.findTemplateSource("spark/macros/recurse_nodes.ftl"): Found
2025-05-16 16:07:21 [DEBUG] freemarker.cache - Loading template for "spark/macros/recurse_nodes.ftl"("en_IN", UTF-8, parsed) from "jar:file:/C:/Users/rengaraj/.m2/repository/com/aventstack/extentreports/5.0.9/extentreports-5.0.9.jar!/com/aventstack/extentreports/templates/spark/macros/recurse_nodes.ftl"
2025-05-16 16:07:21 [DEBUG] freemarker.cache - "spark/macros/log.ftl"("en_IN", UTF-8, parsed) cached copy not yet stale; using cached.
2025-05-16 16:07:21 [DEBUG] freemarker.cache - Couldn't find template in cache for "spark/macros/attr-common.ftl"("en_IN", UTF-8, parsed); will try to load it.
2025-05-16 16:07:21 [DEBUG] freemarker.cache - TemplateLoader.findTemplateSource("spark/macros/attr-common_en_IN.ftl"): Not found
2025-05-16 16:07:21 [DEBUG] freemarker.cache - TemplateLoader.findTemplateSource("spark/macros/attr-common_en.ftl"): Not found
2025-05-16 16:07:21 [DEBUG] freemarker.cache - TemplateLoader.findTemplateSource("spark/macros/attr-common.ftl"): Found
2025-05-16 16:07:21 [DEBUG] freemarker.cache - Loading template for "spark/macros/attr-common.ftl"("en_IN", UTF-8, parsed) from "jar:file:/C:/Users/rengaraj/.m2/repository/com/aventstack/extentreports/5.0.9/extentreports-5.0.9.jar!/com/aventstack/extentreports/templates/spark/macros/attr-common.ftl"
2025-05-16 16:07:21 [DEBUG] freemarker.cache - Couldn't find template in cache for "spark/partials/head.ftl"("en_IN", UTF-8, parsed); will try to load it.
2025-05-16 16:07:21 [DEBUG] freemarker.cache - TemplateLoader.findTemplateSource("spark/partials/head_en_IN.ftl"): Not found
2025-05-16 16:07:21 [DEBUG] freemarker.cache - TemplateLoader.findTemplateSource("spark/partials/head_en.ftl"): Not found
2025-05-16 16:07:21 [DEBUG] freemarker.cache - TemplateLoader.findTemplateSource("spark/partials/head.ftl"): Found
2025-05-16 16:07:21 [DEBUG] freemarker.cache - Loading template for "spark/partials/head.ftl"("en_IN", UTF-8, parsed) from "jar:file:/C:/Users/rengaraj/.m2/repository/com/aventstack/extentreports/5.0.9/extentreports-5.0.9.jar!/com/aventstack/extentreports/templates/spark/partials/head.ftl"
2025-05-16 16:07:21 [DEBUG] freemarker.cache - Couldn't find template in cache for "commons/commons-inject-css.ftl"("en_IN", UTF-8, parsed); will try to load it.
2025-05-16 16:07:21 [DEBUG] freemarker.cache - TemplateLoader.findTemplateSource("commons/commons-inject-css_en_IN.ftl"): Not found
2025-05-16 16:07:21 [DEBUG] freemarker.cache - TemplateLoader.findTemplateSource("commons/commons-inject-css_en.ftl"): Not found
2025-05-16 16:07:21 [DEBUG] freemarker.cache - TemplateLoader.findTemplateSource("commons/commons-inject-css.ftl"): Found
2025-05-16 16:07:21 [DEBUG] freemarker.cache - Loading template for "commons/commons-inject-css.ftl"("en_IN", UTF-8, parsed) from "jar:file:/C:/Users/rengaraj/.m2/repository/com/aventstack/extentreports/5.0.9/extentreports-5.0.9.jar!/com/aventstack/extentreports/templates/commons/commons-inject-css.ftl"
2025-05-16 16:07:21 [DEBUG] freemarker.cache - Couldn't find template in cache for "spark/partials/navbar.ftl"("en_IN", UTF-8, parsed); will try to load it.
2025-05-16 16:07:21 [DEBUG] freemarker.cache - TemplateLoader.findTemplateSource("spark/partials/navbar_en_IN.ftl"): Not found
2025-05-16 16:07:21 [DEBUG] freemarker.cache - TemplateLoader.findTemplateSource("spark/partials/navbar_en.ftl"): Not found
2025-05-16 16:07:21 [DEBUG] freemarker.cache - TemplateLoader.findTemplateSource("spark/partials/navbar.ftl"): Found
2025-05-16 16:07:21 [DEBUG] freemarker.cache - Loading template for "spark/partials/navbar.ftl"("en_IN", UTF-8, parsed) from "jar:file:/C:/Users/rengaraj/.m2/repository/com/aventstack/extentreports/5.0.9/extentreports-5.0.9.jar!/com/aventstack/extentreports/templates/spark/partials/navbar.ftl"
2025-05-16 16:07:21 [DEBUG] freemarker.cache - Couldn't find template in cache for "spark/partials/sidenav.ftl"("en_IN", UTF-8, parsed); will try to load it.
2025-05-16 16:07:21 [DEBUG] freemarker.cache - TemplateLoader.findTemplateSource("spark/partials/sidenav_en_IN.ftl"): Not found
2025-05-16 16:07:21 [DEBUG] freemarker.cache - TemplateLoader.findTemplateSource("spark/partials/sidenav_en.ftl"): Not found
2025-05-16 16:07:21 [DEBUG] freemarker.cache - TemplateLoader.findTemplateSource("spark/partials/sidenav.ftl"): Found
2025-05-16 16:07:21 [DEBUG] freemarker.cache - Loading template for "spark/partials/sidenav.ftl"("en_IN", UTF-8, parsed) from "jar:file:/C:/Users/rengaraj/.m2/repository/com/aventstack/extentreports/5.0.9/extentreports-5.0.9.jar!/com/aventstack/extentreports/templates/spark/partials/sidenav.ftl"
2025-05-16 16:07:21 [DEBUG] freemarker.cache - Couldn't find template in cache for "spark/partials/test.ftl"("en_IN", UTF-8, parsed); will try to load it.
2025-05-16 16:07:21 [DEBUG] freemarker.cache - TemplateLoader.findTemplateSource("spark/partials/test_en_IN.ftl"): Not found
2025-05-16 16:07:21 [DEBUG] freemarker.cache - TemplateLoader.findTemplateSource("spark/partials/test_en.ftl"): Not found
2025-05-16 16:07:21 [DEBUG] freemarker.cache - TemplateLoader.findTemplateSource("spark/partials/test.ftl"): Found
2025-05-16 16:07:21 [DEBUG] freemarker.cache - Loading template for "spark/partials/test.ftl"("en_IN", UTF-8, parsed) from "jar:file:/C:/Users/rengaraj/.m2/repository/com/aventstack/extentreports/5.0.9/extentreports-5.0.9.jar!/com/aventstack/extentreports/templates/spark/partials/test.ftl"
2025-05-16 16:07:21 [DEBUG] freemarker.cache - Couldn't find template in cache for "spark/partials/standard-content.ftl"("en_IN", UTF-8, parsed); will try to load it.
2025-05-16 16:07:21 [DEBUG] freemarker.cache - TemplateLoader.findTemplateSource("spark/partials/standard-content_en_IN.ftl"): Not found
2025-05-16 16:07:21 [DEBUG] freemarker.cache - TemplateLoader.findTemplateSource("spark/partials/standard-content_en.ftl"): Not found
2025-05-16 16:07:21 [DEBUG] freemarker.cache - TemplateLoader.findTemplateSource("spark/partials/standard-content.ftl"): Found
2025-05-16 16:07:21 [DEBUG] freemarker.cache - Loading template for "spark/partials/standard-content.ftl"("en_IN", UTF-8, parsed) from "jar:file:/C:/Users/rengaraj/.m2/repository/com/aventstack/extentreports/5.0.9/extentreports-5.0.9.jar!/com/aventstack/extentreports/templates/spark/partials/standard-content.ftl"
2025-05-16 16:07:21 [DEBUG] freemarker.cache - "spark/partials/standard-content.ftl"("en_IN", UTF-8, parsed) cached copy not yet stale; using cached.
2025-05-16 16:07:21 [DEBUG] freemarker.cache - "spark/partials/standard-content.ftl"("en_IN", UTF-8, parsed) cached copy not yet stale; using cached.
2025-05-16 16:07:21 [DEBUG] freemarker.cache - Couldn't find template in cache for "spark/partials/exception.ftl"("en_IN", UTF-8, parsed); will try to load it.
2025-05-16 16:07:21 [DEBUG] freemarker.cache - TemplateLoader.findTemplateSource("spark/partials/exception_en_IN.ftl"): Not found
2025-05-16 16:07:21 [DEBUG] freemarker.cache - TemplateLoader.findTemplateSource("spark/partials/exception_en.ftl"): Not found
2025-05-16 16:07:21 [DEBUG] freemarker.cache - TemplateLoader.findTemplateSource("spark/partials/exception.ftl"): Found
2025-05-16 16:07:21 [DEBUG] freemarker.cache - Loading template for "spark/partials/exception.ftl"("en_IN", UTF-8, parsed) from "jar:file:/C:/Users/rengaraj/.m2/repository/com/aventstack/extentreports/5.0.9/extentreports-5.0.9.jar!/com/aventstack/extentreports/templates/spark/partials/exception.ftl"
2025-05-16 16:07:21 [DEBUG] freemarker.cache - Couldn't find template in cache for "spark/partials/category.ftl"("en_IN", UTF-8, parsed); will try to load it.
2025-05-16 16:07:21 [DEBUG] freemarker.cache - TemplateLoader.findTemplateSource("spark/partials/category_en_IN.ftl"): Not found
2025-05-16 16:07:21 [DEBUG] freemarker.cache - TemplateLoader.findTemplateSource("spark/partials/category_en.ftl"): Not found
2025-05-16 16:07:21 [DEBUG] freemarker.cache - TemplateLoader.findTemplateSource("spark/partials/category.ftl"): Found
2025-05-16 16:07:21 [DEBUG] freemarker.cache - Loading template for "spark/partials/category.ftl"("en_IN", UTF-8, parsed) from "jar:file:/C:/Users/rengaraj/.m2/repository/com/aventstack/extentreports/5.0.9/extentreports-5.0.9.jar!/com/aventstack/extentreports/templates/spark/partials/category.ftl"
2025-05-16 16:07:21 [DEBUG] freemarker.cache - Couldn't find template in cache for "spark/partials/device.ftl"("en_IN", UTF-8, parsed); will try to load it.
2025-05-16 16:07:21 [DEBUG] freemarker.cache - TemplateLoader.findTemplateSource("spark/partials/device_en_IN.ftl"): Not found
2025-05-16 16:07:21 [DEBUG] freemarker.cache - TemplateLoader.findTemplateSource("spark/partials/device_en.ftl"): Not found
2025-05-16 16:07:21 [DEBUG] freemarker.cache - TemplateLoader.findTemplateSource("spark/partials/device.ftl"): Found
2025-05-16 16:07:21 [DEBUG] freemarker.cache - Loading template for "spark/partials/device.ftl"("en_IN", UTF-8, parsed) from "jar:file:/C:/Users/rengaraj/.m2/repository/com/aventstack/extentreports/5.0.9/extentreports-5.0.9.jar!/com/aventstack/extentreports/templates/spark/partials/device.ftl"
2025-05-16 16:07:21 [DEBUG] freemarker.cache - Couldn't find template in cache for "spark/partials/author.ftl"("en_IN", UTF-8, parsed); will try to load it.
2025-05-16 16:07:21 [DEBUG] freemarker.cache - TemplateLoader.findTemplateSource("spark/partials/author_en_IN.ftl"): Not found
2025-05-16 16:07:21 [DEBUG] freemarker.cache - TemplateLoader.findTemplateSource("spark/partials/author_en.ftl"): Not found
2025-05-16 16:07:21 [DEBUG] freemarker.cache - TemplateLoader.findTemplateSource("spark/partials/author.ftl"): Found
2025-05-16 16:07:21 [DEBUG] freemarker.cache - Loading template for "spark/partials/author.ftl"("en_IN", UTF-8, parsed) from "jar:file:/C:/Users/rengaraj/.m2/repository/com/aventstack/extentreports/5.0.9/extentreports-5.0.9.jar!/com/aventstack/extentreports/templates/spark/partials/author.ftl"
2025-05-16 16:07:21 [DEBUG] freemarker.cache - Couldn't find template in cache for "spark/partials/log.ftl"("en_IN", UTF-8, parsed); will try to load it.
2025-05-16 16:07:21 [DEBUG] freemarker.cache - TemplateLoader.findTemplateSource("spark/partials/log_en_IN.ftl"): Not found
2025-05-16 16:07:21 [DEBUG] freemarker.cache - TemplateLoader.findTemplateSource("spark/partials/log_en.ftl"): Not found
2025-05-16 16:07:21 [DEBUG] freemarker.cache - TemplateLoader.findTemplateSource("spark/partials/log.ftl"): Found
2025-05-16 16:07:21 [DEBUG] freemarker.cache - Loading template for "spark/partials/log.ftl"("en_IN", UTF-8, parsed) from "jar:file:/C:/Users/rengaraj/.m2/repository/com/aventstack/extentreports/5.0.9/extentreports-5.0.9.jar!/com/aventstack/extentreports/templates/spark/partials/log.ftl"
2025-05-16 16:07:21 [DEBUG] freemarker.cache - Couldn't find template in cache for "spark/partials/dashboard.ftl"("en_IN", UTF-8, parsed); will try to load it.
2025-05-16 16:07:21 [DEBUG] freemarker.cache - TemplateLoader.findTemplateSource("spark/partials/dashboard_en_IN.ftl"): Not found
2025-05-16 16:07:21 [DEBUG] freemarker.cache - TemplateLoader.findTemplateSource("spark/partials/dashboard_en.ftl"): Not found
2025-05-16 16:07:21 [DEBUG] freemarker.cache - TemplateLoader.findTemplateSource("spark/partials/dashboard.ftl"): Found
2025-05-16 16:07:21 [DEBUG] freemarker.cache - Loading template for "spark/partials/dashboard.ftl"("en_IN", UTF-8, parsed) from "jar:file:/C:/Users/rengaraj/.m2/repository/com/aventstack/extentreports/5.0.9/extentreports-5.0.9.jar!/com/aventstack/extentreports/templates/spark/partials/dashboard.ftl"
2025-05-16 16:07:21 [DEBUG] freemarker.cache - Couldn't find template in cache for "spark/partials/scripts.ftl"("en_IN", UTF-8, parsed); will try to load it.
2025-05-16 16:07:21 [DEBUG] freemarker.cache - TemplateLoader.findTemplateSource("spark/partials/scripts_en_IN.ftl"): Not found
2025-05-16 16:07:21 [DEBUG] freemarker.cache - TemplateLoader.findTemplateSource("spark/partials/scripts_en.ftl"): Not found
2025-05-16 16:07:21 [DEBUG] freemarker.cache - TemplateLoader.findTemplateSource("spark/partials/scripts.ftl"): Found
2025-05-16 16:07:21 [DEBUG] freemarker.cache - Loading template for "spark/partials/scripts.ftl"("en_IN", UTF-8, parsed) from "jar:file:/C:/Users/rengaraj/.m2/repository/com/aventstack/extentreports/5.0.9/extentreports-5.0.9.jar!/com/aventstack/extentreports/templates/spark/partials/scripts.ftl"
2025-05-16 16:07:21 [DEBUG] freemarker.cache - Couldn't find template in cache for "commons/commons-inject-js.ftl"("en_IN", UTF-8, parsed); will try to load it.
2025-05-16 16:07:21 [DEBUG] freemarker.cache - TemplateLoader.findTemplateSource("commons/commons-inject-js_en_IN.ftl"): Not found
2025-05-16 16:07:21 [DEBUG] freemarker.cache - TemplateLoader.findTemplateSource("commons/commons-inject-js_en.ftl"): Not found
2025-05-16 16:07:21 [DEBUG] freemarker.cache - TemplateLoader.findTemplateSource("commons/commons-inject-js.ftl"): Found
2025-05-16 16:07:21 [DEBUG] freemarker.cache - Loading template for "commons/commons-inject-js.ftl"("en_IN", UTF-8, parsed) from "jar:file:/C:/Users/rengaraj/.m2/repository/com/aventstack/extentreports/5.0.9/extentreports-5.0.9.jar!/com/aventstack/extentreports/templates/commons/commons-inject-js.ftl"
2025-05-16 16:12:35 [INFO] baseclass.launchezhour - Ezhour application launch
2025-05-16 16:12:40 [INFO] baseclass.launchezhour - Ezhour testing is completed
2025-05-16 16:12:40 [DEBUG] freemarker.cache - Couldn't find template in cache for "spark/spark.spa.ftl"("en_IN", UTF-8, parsed); will try to load it.
2025-05-16 16:12:40 [DEBUG] freemarker.cache - TemplateLoader.findTemplateSource("spark/spark.spa_en_IN.ftl"): Not found
2025-05-16 16:12:40 [DEBUG] freemarker.cache - TemplateLoader.findTemplateSource("spark/spark.spa_en.ftl"): Not found
2025-05-16 16:12:40 [DEBUG] freemarker.cache - TemplateLoader.findTemplateSource("spark/spark.spa.ftl"): Found
2025-05-16 16:12:40 [DEBUG] freemarker.cache - Loading template for "spark/spark.spa.ftl"("en_IN", UTF-8, parsed) from "jar:file:/C:/Users/rengaraj/.m2/repository/com/aventstack/extentreports/5.0.9/extentreports-5.0.9.jar!/com/aventstack/extentreports/templates/spark/spark.spa.ftl"
2025-05-16 16:12:41 [DEBUG] freemarker.cache - Couldn't find template in cache for "commons/commons-variables.ftl"("en_IN", UTF-8, parsed); will try to load it.
2025-05-16 16:12:41 [DEBUG] freemarker.cache - TemplateLoader.findTemplateSource("commons/commons-variables_en_IN.ftl"): Not found
2025-05-16 16:12:41 [DEBUG] freemarker.cache - TemplateLoader.findTemplateSource("commons/commons-variables_en.ftl"): Not found
2025-05-16 16:12:41 [DEBUG] freemarker.cache - TemplateLoader.findTemplateSource("commons/commons-variables.ftl"): Found
2025-05-16 16:12:41 [DEBUG] freemarker.cache - Loading template for "commons/commons-variables.ftl"("en_IN", UTF-8, parsed) from "jar:file:/C:/Users/rengaraj/.m2/repository/com/aventstack/extentreports/5.0.9/extentreports-5.0.9.jar!/com/aventstack/extentreports/templates/commons/commons-variables.ftl"
2025-05-16 16:12:41 [DEBUG] freemarker.cache - Couldn't find template in cache for "commons/commons-macros.ftl"("en_IN", UTF-8, parsed); will try to load it.
2025-05-16 16:12:41 [DEBUG] freemarker.cache - TemplateLoader.findTemplateSource("commons/commons-macros_en_IN.ftl"): Not found
2025-05-16 16:12:41 [DEBUG] freemarker.cache - TemplateLoader.findTemplateSource("commons/commons-macros_en.ftl"): Not found
2025-05-16 16:12:41 [DEBUG] freemarker.cache - TemplateLoader.findTemplateSource("commons/commons-macros.ftl"): Found
2025-05-16 16:12:41 [DEBUG] freemarker.cache - Loading template for "commons/commons-macros.ftl"("en_IN", UTF-8, parsed) from "jar:file:/C:/Users/rengaraj/.m2/repository/com/aventstack/extentreports/5.0.9/extentreports-5.0.9.jar!/com/aventstack/extentreports/templates/commons/commons-macros.ftl"
2025-05-16 16:12:41 [DEBUG] freemarker.cache - Couldn't find template in cache for "spark/macros/attributes.ftl"("en_IN", UTF-8, parsed); will try to load it.
2025-05-16 16:12:41 [DEBUG] freemarker.cache - TemplateLoader.findTemplateSource("spark/macros/attributes_en_IN.ftl"): Not found
2025-05-16 16:12:41 [DEBUG] freemarker.cache - TemplateLoader.findTemplateSource("spark/macros/attributes_en.ftl"): Not found
2025-05-16 16:12:41 [DEBUG] freemarker.cache - TemplateLoader.findTemplateSource("spark/macros/attributes.ftl"): Found
2025-05-16 16:12:41 [DEBUG] freemarker.cache - Loading template for "spark/macros/attributes.ftl"("en_IN", UTF-8, parsed) from "jar:file:/C:/Users/rengaraj/.m2/repository/com/aventstack/extentreports/5.0.9/extentreports-5.0.9.jar!/com/aventstack/extentreports/templates/spark/macros/attributes.ftl"
2025-05-16 16:12:41 [DEBUG] freemarker.cache - Couldn't find template in cache for "spark/macros/log.ftl"("en_IN", UTF-8, parsed); will try to load it.
2025-05-16 16:12:41 [DEBUG] freemarker.cache - TemplateLoader.findTemplateSource("spark/macros/log_en_IN.ftl"): Not found
2025-05-16 16:12:41 [DEBUG] freemarker.cache - TemplateLoader.findTemplateSource("spark/macros/log_en.ftl"): Not found
2025-05-16 16:12:41 [DEBUG] freemarker.cache - TemplateLoader.findTemplateSource("spark/macros/log.ftl"): Found
2025-05-16 16:12:41 [DEBUG] freemarker.cache - Loading template for "spark/macros/log.ftl"("en_IN", UTF-8, parsed) from "jar:file:/C:/Users/rengaraj/.m2/repository/com/aventstack/extentreports/5.0.9/extentreports-5.0.9.jar!/com/aventstack/extentreports/templates/spark/macros/log.ftl"
2025-05-16 16:12:41 [DEBUG] freemarker.cache - Couldn't find template in cache for "spark/macros/recurse_nodes.ftl"("en_IN", UTF-8, parsed); will try to load it.
2025-05-16 16:12:41 [DEBUG] freemarker.cache - TemplateLoader.findTemplateSource("spark/macros/recurse_nodes_en_IN.ftl"): Not found
2025-05-16 16:12:41 [DEBUG] freemarker.cache - TemplateLoader.findTemplateSource("spark/macros/recurse_nodes_en.ftl"): Not found
2025-05-16 16:12:41 [DEBUG] freemarker.cache - TemplateLoader.findTemplateSource("spark/macros/recurse_nodes.ftl"): Found
2025-05-16 16:12:41 [DEBUG] freemarker.cache - Loading template for "spark/macros/recurse_nodes.ftl"("en_IN", UTF-8, parsed) from "jar:file:/C:/Users/rengaraj/.m2/repository/com/aventstack/extentreports/5.0.9/extentreports-5.0.9.jar!/com/aventstack/extentreports/templates/spark/macros/recurse_nodes.ftl"
2025-05-16 16:12:41 [DEBUG] freemarker.cache - "spark/macros/log.ftl"("en_IN", UTF-8, parsed) cached copy not yet stale; using cached.
2025-05-16 16:12:41 [DEBUG] freemarker.cache - Couldn't find template in cache for "spark/macros/attr-common.ftl"("en_IN", UTF-8, parsed); will try to load it.
2025-05-16 16:12:41 [DEBUG] freemarker.cache - TemplateLoader.findTemplateSource("spark/macros/attr-common_en_IN.ftl"): Not found
2025-05-16 16:12:41 [DEBUG] freemarker.cache - TemplateLoader.findTemplateSource("spark/macros/attr-common_en.ftl"): Not found
2025-05-16 16:12:41 [DEBUG] freemarker.cache - TemplateLoader.findTemplateSource("spark/macros/attr-common.ftl"): Found
2025-05-16 16:12:41 [DEBUG] freemarker.cache - Loading template for "spark/macros/attr-common.ftl"("en_IN", UTF-8, parsed) from "jar:file:/C:/Users/rengaraj/.m2/repository/com/aventstack/extentreports/5.0.9/extentreports-5.0.9.jar!/com/aventstack/extentreports/templates/spark/macros/attr-common.ftl"
2025-05-16 16:12:41 [DEBUG] freemarker.cache - Couldn't find template in cache for "spark/partials/head.ftl"("en_IN", UTF-8, parsed); will try to load it.
2025-05-16 16:12:41 [DEBUG] freemarker.cache - TemplateLoader.findTemplateSource("spark/partials/head_en_IN.ftl"): Not found
2025-05-16 16:12:41 [DEBUG] freemarker.cache - TemplateLoader.findTemplateSource("spark/partials/head_en.ftl"): Not found
2025-05-16 16:12:41 [DEBUG] freemarker.cache - TemplateLoader.findTemplateSource("spark/partials/head.ftl"): Found
2025-05-16 16:12:41 [DEBUG] freemarker.cache - Loading template for "spark/partials/head.ftl"("en_IN", UTF-8, parsed) from "jar:file:/C:/Users/rengaraj/.m2/repository/com/aventstack/extentreports/5.0.9/extentreports-5.0.9.jar!/com/aventstack/extentreports/templates/spark/partials/head.ftl"
2025-05-16 16:12:41 [DEBUG] freemarker.cache - Couldn't find template in cache for "commons/commons-inject-css.ftl"("en_IN", UTF-8, parsed); will try to load it.
2025-05-16 16:12:41 [DEBUG] freemarker.cache - TemplateLoader.findTemplateSource("commons/commons-inject-css_en_IN.ftl"): Not found
2025-05-16 16:12:41 [DEBUG] freemarker.cache - TemplateLoader.findTemplateSource("commons/commons-inject-css_en.ftl"): Not found
2025-05-16 16:12:41 [DEBUG] freemarker.cache - TemplateLoader.findTemplateSource("commons/commons-inject-css.ftl"): Found
2025-05-16 16:12:41 [DEBUG] freemarker.cache - Loading template for "commons/commons-inject-css.ftl"("en_IN", UTF-8, parsed) from "jar:file:/C:/Users/rengaraj/.m2/repository/com/aventstack/extentreports/5.0.9/extentreports-5.0.9.jar!/com/aventstack/extentreports/templates/commons/commons-inject-css.ftl"
2025-05-16 16:12:41 [DEBUG] freemarker.cache - Couldn't find template in cache for "spark/partials/navbar.ftl"("en_IN", UTF-8, parsed); will try to load it.
2025-05-16 16:12:41 [DEBUG] freemarker.cache - TemplateLoader.findTemplateSource("spark/partials/navbar_en_IN.ftl"): Not found
2025-05-16 16:12:41 [DEBUG] freemarker.cache - TemplateLoader.findTemplateSource("spark/partials/navbar_en.ftl"): Not found
2025-05-16 16:12:41 [DEBUG] freemarker.cache - TemplateLoader.findTemplateSource("spark/partials/navbar.ftl"): Found
2025-05-16 16:12:41 [DEBUG] freemarker.cache - Loading template for "spark/partials/navbar.ftl"("en_IN", UTF-8, parsed) from "jar:file:/C:/Users/rengaraj/.m2/repository/com/aventstack/extentreports/5.0.9/extentreports-5.0.9.jar!/com/aventstack/extentreports/templates/spark/partials/navbar.ftl"
2025-05-16 16:12:41 [DEBUG] freemarker.cache - Couldn't find template in cache for "spark/partials/sidenav.ftl"("en_IN", UTF-8, parsed); will try to load it.
2025-05-16 16:12:41 [DEBUG] freemarker.cache - TemplateLoader.findTemplateSource("spark/partials/sidenav_en_IN.ftl"): Not found
2025-05-16 16:12:41 [DEBUG] freemarker.cache - TemplateLoader.findTemplateSource("spark/partials/sidenav_en.ftl"): Not found
2025-05-16 16:12:41 [DEBUG] freemarker.cache - TemplateLoader.findTemplateSource("spark/partials/sidenav.ftl"): Found
2025-05-16 16:12:41 [DEBUG] freemarker.cache - Loading template for "spark/partials/sidenav.ftl"("en_IN", UTF-8, parsed) from "jar:file:/C:/Users/rengaraj/.m2/repository/com/aventstack/extentreports/5.0.9/extentreports-5.0.9.jar!/com/aventstack/extentreports/templates/spark/partials/sidenav.ftl"
2025-05-16 16:12:41 [DEBUG] freemarker.cache - Couldn't find template in cache for "spark/partials/test.ftl"("en_IN", UTF-8, parsed); will try to load it.
2025-05-16 16:12:41 [DEBUG] freemarker.cache - TemplateLoader.findTemplateSource("spark/partials/test_en_IN.ftl"): Not found
2025-05-16 16:12:41 [DEBUG] freemarker.cache - TemplateLoader.findTemplateSource("spark/partials/test_en.ftl"): Not found
2025-05-16 16:12:41 [DEBUG] freemarker.cache - TemplateLoader.findTemplateSource("spark/partials/test.ftl"): Found
2025-05-16 16:12:41 [DEBUG] freemarker.cache - Loading template for "spark/partials/test.ftl"("en_IN", UTF-8, parsed) from "jar:file:/C:/Users/rengaraj/.m2/repository/com/aventstack/extentreports/5.0.9/extentreports-5.0.9.jar!/com/aventstack/extentreports/templates/spark/partials/test.ftl"
2025-05-16 16:12:41 [DEBUG] freemarker.cache - Couldn't find template in cache for "spark/partials/standard-content.ftl"("en_IN", UTF-8, parsed); will try to load it.
2025-05-16 16:12:41 [DEBUG] freemarker.cache - TemplateLoader.findTemplateSource("spark/partials/standard-content_en_IN.ftl"): Not found
2025-05-16 16:12:41 [DEBUG] freemarker.cache - TemplateLoader.findTemplateSource("spark/partials/standard-content_en.ftl"): Not found
2025-05-16 16:12:41 [DEBUG] freemarker.cache - TemplateLoader.findTemplateSource("spark/partials/standard-content.ftl"): Found
2025-05-16 16:12:41 [DEBUG] freemarker.cache - Loading template for "spark/partials/standard-content.ftl"("en_IN", UTF-8, parsed) from "jar:file:/C:/Users/rengaraj/.m2/repository/com/aventstack/extentreports/5.0.9/extentreports-5.0.9.jar!/com/aventstack/extentreports/templates/spark/partials/standard-content.ftl"
2025-05-16 16:12:41 [DEBUG] freemarker.cache - "spark/partials/standard-content.ftl"("en_IN", UTF-8, parsed) cached copy not yet stale; using cached.
2025-05-16 16:12:41 [DEBUG] freemarker.cache - "spark/partials/standard-content.ftl"("en_IN", UTF-8, parsed) cached copy not yet stale; using cached.
2025-05-16 16:12:41 [DEBUG] freemarker.cache - Couldn't find template in cache for "spark/partials/exception.ftl"("en_IN", UTF-8, parsed); will try to load it.
2025-05-16 16:12:41 [DEBUG] freemarker.cache - TemplateLoader.findTemplateSource("spark/partials/exception_en_IN.ftl"): Not found
2025-05-16 16:12:41 [DEBUG] freemarker.cache - TemplateLoader.findTemplateSource("spark/partials/exception_en.ftl"): Not found
2025-05-16 16:12:41 [DEBUG] freemarker.cache - TemplateLoader.findTemplateSource("spark/partials/exception.ftl"): Found
2025-05-16 16:12:41 [DEBUG] freemarker.cache - Loading template for "spark/partials/exception.ftl"("en_IN", UTF-8, parsed) from "jar:file:/C:/Users/rengaraj/.m2/repository/com/aventstack/extentreports/5.0.9/extentreports-5.0.9.jar!/com/aventstack/extentreports/templates/spark/partials/exception.ftl"
2025-05-16 16:12:41 [DEBUG] freemarker.cache - Couldn't find template in cache for "spark/partials/category.ftl"("en_IN", UTF-8, parsed); will try to load it.
2025-05-16 16:12:41 [DEBUG] freemarker.cache - TemplateLoader.findTemplateSource("spark/partials/category_en_IN.ftl"): Not found
2025-05-16 16:12:41 [DEBUG] freemarker.cache - TemplateLoader.findTemplateSource("spark/partials/category_en.ftl"): Not found
2025-05-16 16:12:41 [DEBUG] freemarker.cache - TemplateLoader.findTemplateSource("spark/partials/category.ftl"): Found
2025-05-16 16:12:41 [DEBUG] freemarker.cache - Loading template for "spark/partials/category.ftl"("en_IN", UTF-8, parsed) from "jar:file:/C:/Users/rengaraj/.m2/repository/com/aventstack/extentreports/5.0.9/extentreports-5.0.9.jar!/com/aventstack/extentreports/templates/spark/partials/category.ftl"
2025-05-16 16:12:41 [DEBUG] freemarker.cache - Couldn't find template in cache for "spark/partials/device.ftl"("en_IN", UTF-8, parsed); will try to load it.
2025-05-16 16:12:41 [DEBUG] freemarker.cache - TemplateLoader.findTemplateSource("spark/partials/device_en_IN.ftl"): Not found
2025-05-16 16:12:41 [DEBUG] freemarker.cache - TemplateLoader.findTemplateSource("spark/partials/device_en.ftl"): Not found
2025-05-16 16:12:41 [DEBUG] freemarker.cache - TemplateLoader.findTemplateSource("spark/partials/device.ftl"): Found
2025-05-16 16:12:41 [DEBUG] freemarker.cache - Loading template for "spark/partials/device.ftl"("en_IN", UTF-8, parsed) from "jar:file:/C:/Users/rengaraj/.m2/repository/com/aventstack/extentreports/5.0.9/extentreports-5.0.9.jar!/com/aventstack/extentreports/templates/spark/partials/device.ftl"
2025-05-16 16:12:41 [DEBUG] freemarker.cache - Couldn't find template in cache for "spark/partials/author.ftl"("en_IN", UTF-8, parsed); will try to load it.
2025-05-16 16:12:41 [DEBUG] freemarker.cache - TemplateLoader.findTemplateSource("spark/partials/author_en_IN.ftl"): Not found
2025-05-16 16:12:41 [DEBUG] freemarker.cache - TemplateLoader.findTemplateSource("spark/partials/author_en.ftl"): Not found
2025-05-16 16:12:41 [DEBUG] freemarker.cache - TemplateLoader.findTemplateSource("spark/partials/author.ftl"): Found
2025-05-16 16:12:41 [DEBUG] freemarker.cache - Loading template for "spark/partials/author.ftl"("en_IN", UTF-8, parsed) from "jar:file:/C:/Users/rengaraj/.m2/repository/com/aventstack/extentreports/5.0.9/extentreports-5.0.9.jar!/com/aventstack/extentreports/templates/spark/partials/author.ftl"
2025-05-16 16:12:41 [DEBUG] freemarker.cache - Couldn't find template in cache for "spark/partials/log.ftl"("en_IN", UTF-8, parsed); will try to load it.
2025-05-16 16:12:41 [DEBUG] freemarker.cache - TemplateLoader.findTemplateSource("spark/partials/log_en_IN.ftl"): Not found
2025-05-16 16:12:41 [DEBUG] freemarker.cache - TemplateLoader.findTemplateSource("spark/partials/log_en.ftl"): Not found
2025-05-16 16:12:41 [DEBUG] freemarker.cache - TemplateLoader.findTemplateSource("spark/partials/log.ftl"): Found
2025-05-16 16:12:41 [DEBUG] freemarker.cache - Loading template for "spark/partials/log.ftl"("en_IN", UTF-8, parsed) from "jar:file:/C:/Users/rengaraj/.m2/repository/com/aventstack/extentreports/5.0.9/extentreports-5.0.9.jar!/com/aventstack/extentreports/templates/spark/partials/log.ftl"
2025-05-16 16:12:41 [DEBUG] freemarker.cache - Couldn't find template in cache for "spark/partials/dashboard.ftl"("en_IN", UTF-8, parsed); will try to load it.
2025-05-16 16:12:41 [DEBUG] freemarker.cache - TemplateLoader.findTemplateSource("spark/partials/dashboard_en_IN.ftl"): Not found
2025-05-16 16:12:41 [DEBUG] freemarker.cache - TemplateLoader.findTemplateSource("spark/partials/dashboard_en.ftl"): Not found
2025-05-16 16:12:41 [DEBUG] freemarker.cache - TemplateLoader.findTemplateSource("spark/partials/dashboard.ftl"): Found
2025-05-16 16:12:41 [DEBUG] freemarker.cache - Loading template for "spark/partials/dashboard.ftl"("en_IN", UTF-8, parsed) from "jar:file:/C:/Users/rengaraj/.m2/repository/com/aventstack/extentreports/5.0.9/extentreports-5.0.9.jar!/com/aventstack/extentreports/templates/spark/partials/dashboard.ftl"
2025-05-16 16:12:41 [DEBUG] freemarker.cache - Couldn't find template in cache for "spark/partials/scripts.ftl"("en_IN", UTF-8, parsed); will try to load it.
2025-05-16 16:12:41 [DEBUG] freemarker.cache - TemplateLoader.findTemplateSource("spark/partials/scripts_en_IN.ftl"): Not found
2025-05-16 16:12:41 [DEBUG] freemarker.cache - TemplateLoader.findTemplateSource("spark/partials/scripts_en.ftl"): Not found
2025-05-16 16:12:41 [DEBUG] freemarker.cache - TemplateLoader.findTemplateSource("spark/partials/scripts.ftl"): Found
2025-05-16 16:12:41 [DEBUG] freemarker.cache - Loading template for "spark/partials/scripts.ftl"("en_IN", UTF-8, parsed) from "jar:file:/C:/Users/rengaraj/.m2/repository/com/aventstack/extentreports/5.0.9/extentreports-5.0.9.jar!/com/aventstack/extentreports/templates/spark/partials/scripts.ftl"
2025-05-16 16:12:41 [DEBUG] freemarker.cache - Couldn't find template in cache for "commons/commons-inject-js.ftl"("en_IN", UTF-8, parsed); will try to load it.
2025-05-16 16:12:41 [DEBUG] freemarker.cache - TemplateLoader.findTemplateSource("commons/commons-inject-js_en_IN.ftl"): Not found
2025-05-16 16:12:41 [DEBUG] freemarker.cache - TemplateLoader.findTemplateSource("commons/commons-inject-js_en.ftl"): Not found
2025-05-16 16:12:41 [DEBUG] freemarker.cache - TemplateLoader.findTemplateSource("commons/commons-inject-js.ftl"): Found
2025-05-16 16:12:41 [DEBUG] freemarker.cache - Loading template for "commons/commons-inject-js.ftl"("en_IN", UTF-8, parsed) from "jar:file:/C:/Users/rengaraj/.m2/repository/com/aventstack/extentreports/5.0.9/extentreports-5.0.9.jar!/com/aventstack/extentreports/templates/commons/commons-inject-js.ftl"
2025-05-16 16:22:54 [INFO] baseclass.launchezhour - Ezhour application launch
2025-05-16 16:23:01 [INFO] baseclass.launchezhour - Ezhour testing is completed
2025-05-16 16:23:01 [DEBUG] freemarker.cache - Couldn't find template in cache for "spark/spark.spa.ftl"("en_IN", UTF-8, parsed); will try to load it.
2025-05-16 16:23:01 [DEBUG] freemarker.cache - TemplateLoader.findTemplateSource("spark/spark.spa_en_IN.ftl"): Not found
2025-05-16 16:23:01 [DEBUG] freemarker.cache - TemplateLoader.findTemplateSource("spark/spark.spa_en.ftl"): Not found
2025-05-16 16:23:01 [DEBUG] freemarker.cache - TemplateLoader.findTemplateSource("spark/spark.spa.ftl"): Found
2025-05-16 16:23:01 [DEBUG] freemarker.cache - Loading template for "spark/spark.spa.ftl"("en_IN", UTF-8, parsed) from "jar:file:/C:/Users/rengaraj/.m2/repository/com/aventstack/extentreports/5.0.9/extentreports-5.0.9.jar!/com/aventstack/extentreports/templates/spark/spark.spa.ftl"
2025-05-16 16:23:01 [DEBUG] freemarker.cache - Couldn't find template in cache for "commons/commons-variables.ftl"("en_IN", UTF-8, parsed); will try to load it.
2025-05-16 16:23:01 [DEBUG] freemarker.cache - TemplateLoader.findTemplateSource("commons/commons-variables_en_IN.ftl"): Not found
2025-05-16 16:23:01 [DEBUG] freemarker.cache - TemplateLoader.findTemplateSource("commons/commons-variables_en.ftl"): Not found
2025-05-16 16:23:01 [DEBUG] freemarker.cache - TemplateLoader.findTemplateSource("commons/commons-variables.ftl"): Found
2025-05-16 16:23:01 [DEBUG] freemarker.cache - Loading template for "commons/commons-variables.ftl"("en_IN", UTF-8, parsed) from "jar:file:/C:/Users/rengaraj/.m2/repository/com/aventstack/extentreports/5.0.9/extentreports-5.0.9.jar!/com/aventstack/extentreports/templates/commons/commons-variables.ftl"
2025-05-16 16:23:01 [DEBUG] freemarker.cache - Couldn't find template in cache for "commons/commons-macros.ftl"("en_IN", UTF-8, parsed); will try to load it.
2025-05-16 16:23:01 [DEBUG] freemarker.cache - TemplateLoader.findTemplateSource("commons/commons-macros_en_IN.ftl"): Not found
2025-05-16 16:23:01 [DEBUG] freemarker.cache - TemplateLoader.findTemplateSource("commons/commons-macros_en.ftl"): Not found
2025-05-16 16:23:01 [DEBUG] freemarker.cache - TemplateLoader.findTemplateSource("commons/commons-macros.ftl"): Found
2025-05-16 16:23:01 [DEBUG] freemarker.cache - Loading template for "commons/commons-macros.ftl"("en_IN", UTF-8, parsed) from "jar:file:/C:/Users/rengaraj/.m2/repository/com/aventstack/extentreports/5.0.9/extentreports-5.0.9.jar!/com/aventstack/extentreports/templates/commons/commons-macros.ftl"
2025-05-16 16:23:01 [DEBUG] freemarker.cache - Couldn't find template in cache for "spark/macros/attributes.ftl"("en_IN", UTF-8, parsed); will try to load it.
2025-05-16 16:23:01 [DEBUG] freemarker.cache - TemplateLoader.findTemplateSource("spark/macros/attributes_en_IN.ftl"): Not found
2025-05-16 16:23:01 [DEBUG] freemarker.cache - TemplateLoader.findTemplateSource("spark/macros/attributes_en.ftl"): Not found
2025-05-16 16:23:01 [DEBUG] freemarker.cache - TemplateLoader.findTemplateSource("spark/macros/attributes.ftl"): Found
2025-05-16 16:23:01 [DEBUG] freemarker.cache - Loading template for "spark/macros/attributes.ftl"("en_IN", UTF-8, parsed) from "jar:file:/C:/Users/rengaraj/.m2/repository/com/aventstack/extentreports/5.0.9/extentreports-5.0.9.jar!/com/aventstack/extentreports/templates/spark/macros/attributes.ftl"
2025-05-16 16:23:01 [DEBUG] freemarker.cache - Couldn't find template in cache for "spark/macros/log.ftl"("en_IN", UTF-8, parsed); will try to load it.
2025-05-16 16:23:01 [DEBUG] freemarker.cache - TemplateLoader.findTemplateSource("spark/macros/log_en_IN.ftl"): Not found
2025-05-16 16:23:01 [DEBUG] freemarker.cache - TemplateLoader.findTemplateSource("spark/macros/log_en.ftl"): Not found
2025-05-16 16:23:01 [DEBUG] freemarker.cache - TemplateLoader.findTemplateSource("spark/macros/log.ftl"): Found
2025-05-16 16:23:01 [DEBUG] freemarker.cache - Loading template for "spark/macros/log.ftl"("en_IN", UTF-8, parsed) from "jar:file:/C:/Users/rengaraj/.m2/repository/com/aventstack/extentreports/5.0.9/extentreports-5.0.9.jar!/com/aventstack/extentreports/templates/spark/macros/log.ftl"
2025-05-16 16:23:01 [DEBUG] freemarker.cache - Couldn't find template in cache for "spark/macros/recurse_nodes.ftl"("en_IN", UTF-8, parsed); will try to load it.
2025-05-16 16:23:01 [DEBUG] freemarker.cache - TemplateLoader.findTemplateSource("spark/macros/recurse_nodes_en_IN.ftl"): Not found
2025-05-16 16:23:01 [DEBUG] freemarker.cache - TemplateLoader.findTemplateSource("spark/macros/recurse_nodes_en.ftl"): Not found
2025-05-16 16:23:01 [DEBUG] freemarker.cache - TemplateLoader.findTemplateSource("spark/macros/recurse_nodes.ftl"): Found
2025-05-16 16:23:01 [DEBUG] freemarker.cache - Loading template for "spark/macros/recurse_nodes.ftl"("en_IN", UTF-8, parsed) from "jar:file:/C:/Users/rengaraj/.m2/repository/com/aventstack/extentreports/5.0.9/extentreports-5.0.9.jar!/com/aventstack/extentreports/templates/spark/macros/recurse_nodes.ftl"
2025-05-16 16:23:01 [DEBUG] freemarker.cache - "spark/macros/log.ftl"("en_IN", UTF-8, parsed) cached copy not yet stale; using cached.
2025-05-16 16:23:01 [DEBUG] freemarker.cache - Couldn't find template in cache for "spark/macros/attr-common.ftl"("en_IN", UTF-8, parsed); will try to load it.
2025-05-16 16:23:01 [DEBUG] freemarker.cache - TemplateLoader.findTemplateSource("spark/macros/attr-common_en_IN.ftl"): Not found
2025-05-16 16:23:01 [DEBUG] freemarker.cache - TemplateLoader.findTemplateSource("spark/macros/attr-common_en.ftl"): Not found
2025-05-16 16:23:01 [DEBUG] freemarker.cache - TemplateLoader.findTemplateSource("spark/macros/attr-common.ftl"): Found
2025-05-16 16:23:01 [DEBUG] freemarker.cache - Loading template for "spark/macros/attr-common.ftl"("en_IN", UTF-8, parsed) from "jar:file:/C:/Users/rengaraj/.m2/repository/com/aventstack/extentreports/5.0.9/extentreports-5.0.9.jar!/com/aventstack/extentreports/templates/spark/macros/attr-common.ftl"
2025-05-16 16:23:01 [DEBUG] freemarker.cache - Couldn't find template in cache for "spark/partials/head.ftl"("en_IN", UTF-8, parsed); will try to load it.
2025-05-16 16:23:01 [DEBUG] freemarker.cache - TemplateLoader.findTemplateSource("spark/partials/head_en_IN.ftl"): Not found
2025-05-16 16:23:01 [DEBUG] freemarker.cache - TemplateLoader.findTemplateSource("spark/partials/head_en.ftl"): Not found
2025-05-16 16:23:01 [DEBUG] freemarker.cache - TemplateLoader.findTemplateSource("spark/partials/head.ftl"): Found
2025-05-16 16:23:01 [DEBUG] freemarker.cache - Loading template for "spark/partials/head.ftl"("en_IN", UTF-8, parsed) from "jar:file:/C:/Users/rengaraj/.m2/repository/com/aventstack/extentreports/5.0.9/extentreports-5.0.9.jar!/com/aventstack/extentreports/templates/spark/partials/head.ftl"
2025-05-16 16:23:01 [DEBUG] freemarker.cache - Couldn't find template in cache for "commons/commons-inject-css.ftl"("en_IN", UTF-8, parsed); will try to load it.
2025-05-16 16:23:01 [DEBUG] freemarker.cache - TemplateLoader.findTemplateSource("commons/commons-inject-css_en_IN.ftl"): Not found
2025-05-16 16:23:01 [DEBUG] freemarker.cache - TemplateLoader.findTemplateSource("commons/commons-inject-css_en.ftl"): Not found
2025-05-16 16:23:01 [DEBUG] freemarker.cache - TemplateLoader.findTemplateSource("commons/commons-inject-css.ftl"): Found
2025-05-16 16:23:01 [DEBUG] freemarker.cache - Loading template for "commons/commons-inject-css.ftl"("en_IN", UTF-8, parsed) from "jar:file:/C:/Users/rengaraj/.m2/repository/com/aventstack/extentreports/5.0.9/extentreports-5.0.9.jar!/com/aventstack/extentreports/templates/commons/commons-inject-css.ftl"
2025-05-16 16:23:01 [DEBUG] freemarker.cache - Couldn't find template in cache for "spark/partials/navbar.ftl"("en_IN", UTF-8, parsed); will try to load it.
2025-05-16 16:23:01 [DEBUG] freemarker.cache - TemplateLoader.findTemplateSource("spark/partials/navbar_en_IN.ftl"): Not found
2025-05-16 16:23:01 [DEBUG] freemarker.cache - TemplateLoader.findTemplateSource("spark/partials/navbar_en.ftl"): Not found
2025-05-16 16:23:01 [DEBUG] freemarker.cache - TemplateLoader.findTemplateSource("spark/partials/navbar.ftl"): Found
2025-05-16 16:23:01 [DEBUG] freemarker.cache - Loading template for "spark/partials/navbar.ftl"("en_IN", UTF-8, parsed) from "jar:file:/C:/Users/rengaraj/.m2/repository/com/aventstack/extentreports/5.0.9/extentreports-5.0.9.jar!/com/aventstack/extentreports/templates/spark/partials/navbar.ftl"
2025-05-16 16:23:01 [DEBUG] freemarker.cache - Couldn't find template in cache for "spark/partials/sidenav.ftl"("en_IN", UTF-8, parsed); will try to load it.
2025-05-16 16:23:01 [DEBUG] freemarker.cache - TemplateLoader.findTemplateSource("spark/partials/sidenav_en_IN.ftl"): Not found
2025-05-16 16:23:01 [DEBUG] freemarker.cache - TemplateLoader.findTemplateSource("spark/partials/sidenav_en.ftl"): Not found
2025-05-16 16:23:01 [DEBUG] freemarker.cache - TemplateLoader.findTemplateSource("spark/partials/sidenav.ftl"): Found
2025-05-16 16:23:01 [DEBUG] freemarker.cache - Loading template for "spark/partials/sidenav.ftl"("en_IN", UTF-8, parsed) from "jar:file:/C:/Users/rengaraj/.m2/repository/com/aventstack/extentreports/5.0.9/extentreports-5.0.9.jar!/com/aventstack/extentreports/templates/spark/partials/sidenav.ftl"
2025-05-16 16:23:01 [DEBUG] freemarker.cache - Couldn't find template in cache for "spark/partials/test.ftl"("en_IN", UTF-8, parsed); will try to load it.
2025-05-16 16:23:01 [DEBUG] freemarker.cache - TemplateLoader.findTemplateSource("spark/partials/test_en_IN.ftl"): Not found
2025-05-16 16:23:01 [DEBUG] freemarker.cache - TemplateLoader.findTemplateSource("spark/partials/test_en.ftl"): Not found
2025-05-16 16:23:01 [DEBUG] freemarker.cache - TemplateLoader.findTemplateSource("spark/partials/test.ftl"): Found
2025-05-16 16:23:01 [DEBUG] freemarker.cache - Loading template for "spark/partials/test.ftl"("en_IN", UTF-8, parsed) from "jar:file:/C:/Users/rengaraj/.m2/repository/com/aventstack/extentreports/5.0.9/extentreports-5.0.9.jar!/com/aventstack/extentreports/templates/spark/partials/test.ftl"
2025-05-16 16:23:01 [DEBUG] freemarker.cache - Couldn't find template in cache for "spark/partials/standard-content.ftl"("en_IN", UTF-8, parsed); will try to load it.
2025-05-16 16:23:01 [DEBUG] freemarker.cache - TemplateLoader.findTemplateSource("spark/partials/standard-content_en_IN.ftl"): Not found
2025-05-16 16:23:01 [DEBUG] freemarker.cache - TemplateLoader.findTemplateSource("spark/partials/standard-content_en.ftl"): Not found
2025-05-16 16:23:01 [DEBUG] freemarker.cache - TemplateLoader.findTemplateSource("spark/partials/standard-content.ftl"): Found
2025-05-16 16:23:01 [DEBUG] freemarker.cache - Loading template for "spark/partials/standard-content.ftl"("en_IN", UTF-8, parsed) from "jar:file:/C:/Users/rengaraj/.m2/repository/com/aventstack/extentreports/5.0.9/extentreports-5.0.9.jar!/com/aventstack/extentreports/templates/spark/partials/standard-content.ftl"
2025-05-16 16:23:01 [DEBUG] freemarker.cache - "spark/partials/standard-content.ftl"("en_IN", UTF-8, parsed) cached copy not yet stale; using cached.
2025-05-16 16:23:01 [DEBUG] freemarker.cache - "spark/partials/standard-content.ftl"("en_IN", UTF-8, parsed) cached copy not yet stale; using cached.
2025-05-16 16:23:01 [DEBUG] freemarker.cache - Couldn't find template in cache for "spark/partials/exception.ftl"("en_IN", UTF-8, parsed); will try to load it.
2025-05-16 16:23:01 [DEBUG] freemarker.cache - TemplateLoader.findTemplateSource("spark/partials/exception_en_IN.ftl"): Not found
2025-05-16 16:23:01 [DEBUG] freemarker.cache - TemplateLoader.findTemplateSource("spark/partials/exception_en.ftl"): Not found
2025-05-16 16:23:01 [DEBUG] freemarker.cache - TemplateLoader.findTemplateSource("spark/partials/exception.ftl"): Found
2025-05-16 16:23:01 [DEBUG] freemarker.cache - Loading template for "spark/partials/exception.ftl"("en_IN", UTF-8, parsed) from "jar:file:/C:/Users/rengaraj/.m2/repository/com/aventstack/extentreports/5.0.9/extentreports-5.0.9.jar!/com/aventstack/extentreports/templates/spark/partials/exception.ftl"
2025-05-16 16:23:01 [DEBUG] freemarker.cache - Couldn't find template in cache for "spark/partials/category.ftl"("en_IN", UTF-8, parsed); will try to load it.
2025-05-16 16:23:01 [DEBUG] freemarker.cache - TemplateLoader.findTemplateSource("spark/partials/category_en_IN.ftl"): Not found
2025-05-16 16:23:01 [DEBUG] freemarker.cache - TemplateLoader.findTemplateSource("spark/partials/category_en.ftl"): Not found
2025-05-16 16:23:01 [DEBUG] freemarker.cache - TemplateLoader.findTemplateSource("spark/partials/category.ftl"): Found
2025-05-16 16:23:01 [DEBUG] freemarker.cache - Loading template for "spark/partials/category.ftl"("en_IN", UTF-8, parsed) from "jar:file:/C:/Users/rengaraj/.m2/repository/com/aventstack/extentreports/5.0.9/extentreports-5.0.9.jar!/com/aventstack/extentreports/templates/spark/partials/category.ftl"
2025-05-16 16:23:01 [DEBUG] freemarker.cache - Couldn't find template in cache for "spark/partials/device.ftl"("en_IN", UTF-8, parsed); will try to load it.
2025-05-16 16:23:01 [DEBUG] freemarker.cache - TemplateLoader.findTemplateSource("spark/partials/device_en_IN.ftl"): Not found
2025-05-16 16:23:01 [DEBUG] freemarker.cache - TemplateLoader.findTemplateSource("spark/partials/device_en.ftl"): Not found
2025-05-16 16:23:01 [DEBUG] freemarker.cache - TemplateLoader.findTemplateSource("spark/partials/device.ftl"): Found
2025-05-16 16:23:01 [DEBUG] freemarker.cache - Loading template for "spark/partials/device.ftl"("en_IN", UTF-8, parsed) from "jar:file:/C:/Users/rengaraj/.m2/repository/com/aventstack/extentreports/5.0.9/extentreports-5.0.9.jar!/com/aventstack/extentreports/templates/spark/partials/device.ftl"
2025-05-16 16:23:01 [DEBUG] freemarker.cache - Couldn't find template in cache for "spark/partials/author.ftl"("en_IN", UTF-8, parsed); will try to load it.
2025-05-16 16:23:01 [DEBUG] freemarker.cache - TemplateLoader.findTemplateSource("spark/partials/author_en_IN.ftl"): Not found
2025-05-16 16:23:01 [DEBUG] freemarker.cache - TemplateLoader.findTemplateSource("spark/partials/author_en.ftl"): Not found
2025-05-16 16:23:01 [DEBUG] freemarker.cache - TemplateLoader.findTemplateSource("spark/partials/author.ftl"): Found
2025-05-16 16:23:01 [DEBUG] freemarker.cache - Loading template for "spark/partials/author.ftl"("en_IN", UTF-8, parsed) from "jar:file:/C:/Users/rengaraj/.m2/repository/com/aventstack/extentreports/5.0.9/extentreports-5.0.9.jar!/com/aventstack/extentreports/templates/spark/partials/author.ftl"
2025-05-16 16:23:01 [DEBUG] freemarker.cache - Couldn't find template in cache for "spark/partials/log.ftl"("en_IN", UTF-8, parsed); will try to load it.
2025-05-16 16:23:01 [DEBUG] freemarker.cache - TemplateLoader.findTemplateSource("spark/partials/log_en_IN.ftl"): Not found
2025-05-16 16:23:01 [DEBUG] freemarker.cache - TemplateLoader.findTemplateSource("spark/partials/log_en.ftl"): Not found
2025-05-16 16:23:01 [DEBUG] freemarker.cache - TemplateLoader.findTemplateSource("spark/partials/log.ftl"): Found
2025-05-16 16:23:01 [DEBUG] freemarker.cache - Loading template for "spark/partials/log.ftl"("en_IN", UTF-8, parsed) from "jar:file:/C:/Users/rengaraj/.m2/repository/com/aventstack/extentreports/5.0.9/extentreports-5.0.9.jar!/com/aventstack/extentreports/templates/spark/partials/log.ftl"
2025-05-16 16:23:01 [DEBUG] freemarker.cache - Couldn't find template in cache for "spark/partials/dashboard.ftl"("en_IN", UTF-8, parsed); will try to load it.
2025-05-16 16:23:01 [DEBUG] freemarker.cache - TemplateLoader.findTemplateSource("spark/partials/dashboard_en_IN.ftl"): Not found
2025-05-16 16:23:01 [DEBUG] freemarker.cache - TemplateLoader.findTemplateSource("spark/partials/dashboard_en.ftl"): Not found
2025-05-16 16:23:01 [DEBUG] freemarker.cache - TemplateLoader.findTemplateSource("spark/partials/dashboard.ftl"): Found
2025-05-16 16:23:01 [DEBUG] freemarker.cache - Loading template for "spark/partials/dashboard.ftl"("en_IN", UTF-8, parsed) from "jar:file:/C:/Users/rengaraj/.m2/repository/com/aventstack/extentreports/5.0.9/extentreports-5.0.9.jar!/com/aventstack/extentreports/templates/spark/partials/dashboard.ftl"
2025-05-16 16:23:01 [DEBUG] freemarker.cache - Couldn't find template in cache for "spark/partials/scripts.ftl"("en_IN", UTF-8, parsed); will try to load it.
2025-05-16 16:23:01 [DEBUG] freemarker.cache - TemplateLoader.findTemplateSource("spark/partials/scripts_en_IN.ftl"): Not found
2025-05-16 16:23:01 [DEBUG] freemarker.cache - TemplateLoader.findTemplateSource("spark/partials/scripts_en.ftl"): Not found
2025-05-16 16:23:01 [DEBUG] freemarker.cache - TemplateLoader.findTemplateSource("spark/partials/scripts.ftl"): Found
2025-05-16 16:23:01 [DEBUG] freemarker.cache - Loading template for "spark/partials/scripts.ftl"("en_IN", UTF-8, parsed) from "jar:file:/C:/Users/rengaraj/.m2/repository/com/aventstack/extentreports/5.0.9/extentreports-5.0.9.jar!/com/aventstack/extentreports/templates/spark/partials/scripts.ftl"
2025-05-16 16:23:01 [DEBUG] freemarker.cache - Couldn't find template in cache for "commons/commons-inject-js.ftl"("en_IN", UTF-8, parsed); will try to load it.
2025-05-16 16:23:01 [DEBUG] freemarker.cache - TemplateLoader.findTemplateSource("commons/commons-inject-js_en_IN.ftl"): Not found
2025-05-16 16:23:01 [DEBUG] freemarker.cache - TemplateLoader.findTemplateSource("commons/commons-inject-js_en.ftl"): Not found
2025-05-16 16:23:01 [DEBUG] freemarker.cache - TemplateLoader.findTemplateSource("commons/commons-inject-js.ftl"): Found
2025-05-16 16:23:01 [DEBUG] freemarker.cache - Loading template for "commons/commons-inject-js.ftl"("en_IN", UTF-8, parsed) from "jar:file:/C:/Users/rengaraj/.m2/repository/com/aventstack/extentreports/5.0.9/extentreports-5.0.9.jar!/com/aventstack/extentreports/templates/commons/commons-inject-js.ftl"
